lemma,doc_freq,multiplier
financial,1.0,0.0
increase,1.0,0.0
employment,1.0,0.0
federal,1.0,0.0
important,1.0,0.0
price,1.0,0.0
policy,1.0,0.0
large,1.0,0.0
low,1.0,0.0
rate,1.0,0.0
economic,1.0,0.0
economy,1.0,0.0
reserve,1.0,0.0
monetary,1.0,0.0
condition,1.0,0.0
percent,1.0,0.0
strong,1.0,0.0
long,1.0,0.0
new,1.0,0.0
expect,0.9545454545454546,0.0
market,0.9545454545454546,0.0
hold,0.9545454545454546,0.0
risk,0.9545454545454546,0.0
support,0.9545454545454546,0.0
system,0.9545454545454546,0.0
maximum,0.9545454545454546,0.0
remain,0.9545454545454546,0.0
point,0.9545454545454546,0.0
time,0.9545454545454546,0.0
year,0.9545454545454546,0.0
reduce,0.9545454545454546,0.0
great,0.9545454545454546,0.0
high,0.9545454545454546,0.0
interest,0.9545454545454546,0.0
crisis,0.9545454545454546,0.0
effect,0.9545454545454546,0.0
recent,0.9545454545454546,0.0
decline,0.9545454545454546,0.0
term,0.9545454545454546,0.0
continue,0.9545454545454546,0.0
level,0.9545454545454546,0.0
activity,0.9545454545454546,0.0
bank,0.9545454545454546,0.0
objective,0.9090909090909091,0.0
labor,0.9090909090909091,0.0
provide,0.9090909090909091,0.0
u.s.,0.9090909090909091,0.0
discussion,0.9090909090909091,0.0
run,0.9090909090909091,0.0
balance,0.9090909090909091,0.0
growth,0.9090909090909091,0.0
business,0.9090909090909091,0.0
fund,0.9090909090909091,0.0
rise,0.9090909090909091,0.0
economics,0.9090909090909091,0.0
change,0.9090909090909091,0.0
base,0.9090909090909091,0.0
slow,0.9090909090909091,0.0
good,0.9090909090909091,0.0
board,0.9090909090909091,0.0
today,0.9090909090909091,0.0
include,0.9090909090909091,0.0
response,0.9090909090909091,0.0
fall,0.9090909090909091,0.0
note,0.9090909090909091,0.0
future,0.9090909090909091,0.0
cost,0.9090909090909091,0.0
likely,0.9090909090909091,0.0
view,0.9090909090909091,0.0
late,0.9090909090909091,0.0
need,0.9090909090909091,0.0
estimate,0.9090909090909091,0.0
early,0.9090909090909091,0.0
reason,0.9090909090909091,0.0
past,0.9090909090909091,0.0
inflation,0.9090909090909091,0.0
measure,0.9090909090909091,0.0
unemployment,0.9090909090909091,0.0
little,0.9090909090909091,0.0
stability,0.9090909090909091,0.0
recovery,0.9090909090909091,0.0
help,0.9090909090909091,0.0
reflect,0.9090909090909091,0.0
way,0.9090909090909091,0.0
development,0.9090909090909091,0.0
lower,0.9090909090909091,0.0
force,0.8636363636363636,0.3
sector,0.8636363636363636,0.3
factor,0.8636363636363636,0.3
close,0.8636363636363636,0.3
household,0.8636363636363636,0.3
short,0.8636363636363636,0.3
turn,0.8636363636363636,0.3
job,0.8636363636363636,0.3
promote,0.8636363636363636,0.3
begin,0.8636363636363636,0.3
pressure,0.8636363636363636,0.3
come,0.8636363636363636,0.3
raise,0.8636363636363636,0.3
give,0.8636363636363636,0.3
generally,0.8636363636363636,0.3
concern,0.8636363636363636,0.3
influence,0.8636363636363636,0.3
end,0.8636363636363636,0.3
result,0.8636363636363636,0.3
appropriate,0.8636363636363636,0.3
average,0.8636363636363636,0.3
recession,0.8636363636363636,0.3
look,0.8636363636363636,0.3
evidence,0.8636363636363636,0.3
washington,0.8636363636363636,0.3
vol,0.8636363636363636,0.3
suggest,0.8636363636363636,0.3
target,0.8636363636363636,0.3
goal,0.8181818181818182,0.3
affect,0.8181818181818182,0.3
additional,0.8181818181818182,0.3
significant,0.8181818181818182,0.3
open,0.8181818181818182,0.3
gain,0.8181818181818182,0.3
approach,0.8181818181818182,0.3
governors,0.8181818181818182,0.3
reach,0.8181818181818182,0.3
period,0.8181818181818182,0.3
state,0.8181818181818182,0.3
take,0.8181818181818182,0.3
real,0.8181818181818182,0.3
improvement,0.8181818181818182,0.3
uncertainty,0.8181818181818182,0.3
american,0.8181818181818182,0.3
month,0.8181818181818182,0.3
near,0.8181818181818182,0.3
account,0.8181818181818182,0.3
research,0.8181818181818182,0.3
cause,0.8181818181818182,0.3
face,0.8181818181818182,0.3
range,0.8181818181818182,0.3
course,0.8181818181818182,0.3
downward,0.8181818181818182,0.3
consider,0.8181818181818182,0.3
maintain,0.8181818181818182,0.3
value,0.8181818181818182,0.3
difficult,0.8181818181818182,0.3
current,0.8181818181818182,0.3
path,0.8181818181818182,0.3
experience,0.8181818181818182,0.3
addition,0.8181818181818182,0.3
pace,0.8181818181818182,0.3
number,0.8181818181818182,0.3
far,0.8181818181818182,0.3
example,0.8181818181818182,0.3
well,0.8181818181818182,0.3
improve,0.8181818181818182,0.3
move,0.8181818181818182,0.3
datum,0.8181818181818182,0.3
appear,0.8181818181818182,0.3
standard,0.8181818181818182,0.3
review,0.8181818181818182,0.3
recently,0.8181818181818182,0.3
role,0.7727272727272727,0.3
focus,0.7727272727272727,0.3
somewhat,0.7727272727272727,0.3
explain,0.7727272727272727,0.3
grow,0.7727272727272727,0.3
investment,0.7727272727272727,0.3
issue,0.7727272727272727,0.3
return,0.7727272727272727,0.3
stable,0.7727272727272727,0.3
public,0.7727272727272727,0.3
january,0.7727272727272727,0.3
gradually,0.7727272727272727,0.3
indicator,0.7727272727272727,0.3
progress,0.7727272727272727,0.3
overall,0.7727272727272727,0.3
recover,0.7727272727272727,0.3
create,0.7727272727272727,0.3
question,0.7727272727272727,0.3
income,0.7727272727272727,0.3
like,0.7727272727272727,0.3
uncertain,0.7727272727272727,0.3
credit,0.7727272727272727,0.3
m.,0.7727272727272727,0.3
global,0.7727272727272727,0.3
fomc,0.7727272727272727,0.3
relatively,0.7727272727272727,0.3
relative,0.7727272727272727,0.3
series,0.7727272727272727,0.3
significantly,0.7727272727272727,0.3
lead,0.7727272727272727,0.3
firm,0.7727272727272727,0.3
percentage,0.7727272727272727,0.3
expectation,0.7727272727272727,0.3
committee,0.7727272727272727,0.3
consistent,0.7727272727272727,0.3
outlook,0.7727272727272727,0.3
spending,0.7727272727272727,0.3
respond,0.7727272727272727,0.3
pdf,0.7727272727272727,0.3
demand,0.7272727272727273,0.3
potential,0.7272727272727273,0.3
security,0.7272727272727273,0.3
states,0.7272727272727273,0.3
press,0.7272727272727273,0.3
output,0.7272727272727273,0.3
see,0.7272727272727273,0.3
report,0.7272727272727273,0.3
assessment,0.7272727272727273,0.3
worker,0.7272727272727273,0.3
case,0.7272727272727273,0.3
abroad,0.7272727272727273,0.3
believe,0.7272727272727273,0.3
quickly,0.7272727272727273,0.3
private,0.7272727272727273,0.3
accommodative,0.7272727272727273,0.3
different,0.7272727272727273,0.3
imply,0.7272727272727273,0.3
normal,0.7272727272727273,0.3
indicate,0.7272727272727273,0.3
work,0.7272727272727273,0.3
working,0.7272727272727273,0.3
tool,0.7272727272727273,0.3
quarter,0.7272727272727273,0.3
purchase,0.7272727272727273,0.3
forward,0.7272727272727273,0.3
anticipate,0.7272727272727273,0.3
december,0.7272727272727273,0.3
information,0.7272727272727273,0.3
particular,0.7272727272727273,0.3
index,0.7272727272727273,0.3
require,0.7272727272727273,0.3
adjust,0.7272727272727273,0.3
make,0.7272727272727273,0.3
understand,0.7272727272727273,0.3
united,0.7272727272727273,0.3
net,0.7272727272727273,0.3
play,0.7272727272727273,0.3
achieve,0.7272727272727273,0.3
discuss,0.7272727272727273,0.3
journal,0.7272727272727273,0.3
degree,0.7272727272727273,0.3
wage,0.7272727272727273,0.3
finance,0.6818181818181818,0.3
deliver,0.6818181818181818,0.3
participant,0.6818181818181818,0.3
energy,0.6818181818181818,0.3
serve,0.6818181818181818,0.3
decade,0.6818181818181818,0.3
process,0.6818181818181818,0.3
natural,0.6818181818181818,0.3
broadly,0.6818181818181818,0.3
survey,0.6818181818181818,0.3
shift,0.6818181818181818,0.3
know,0.6818181818181818,0.3
asset,0.6818181818181818,0.3
university,0.6818181818181818,0.3
study,0.6818181818181818,0.3
government,0.6818181818181818,0.3
persistent,0.6818181818181818,0.3
considerable,0.6818181818181818,0.3
consumer,0.6818181818181818,0.3
add,0.6818181818181818,0.3
substantial,0.6818181818181818,0.3
especially,0.6818181818181818,0.3
modest,0.6818181818181818,0.3
small,0.6818181818181818,0.3
country,0.6818181818181818,0.3
macroeconomic,0.6818181818181818,0.3
ongoing,0.6818181818181818,0.3
stance,0.6818181818181818,0.3
core,0.6818181818181818,0.3
available,0.6818181818181818,0.3
think,0.6818181818181818,0.3
show,0.6818181818181818,0.3
finally,0.6818181818181818,0.3
currently,0.6818181818181818,0.3
say,0.6818181818181818,0.3
relate,0.6818181818181818,0.3
speech,0.6818181818181818,0.3
city,0.6818181818181818,0.3
productivity,0.6818181818181818,0.3
policymaker,0.6818181818181818,0.3
decision,0.6818181818181818,0.3
depend,0.6818181818181818,0.3
find,0.6818181818181818,0.3
despite,0.6818181818181818,0.3
meeting,0.6818181818181818,0.3
start,0.6818181818181818,0.3
housing,0.6818181818181818,0.3
effective,0.6818181818181818,0.3
strengthen,0.6818181818181818,0.3
associate,0.6818181818181818,0.3
drive,0.6818181818181818,0.3
trend,0.6818181818181818,0.3
expenditure,0.6818181818181818,0.3
previous,0.6818181818181818,0.3
expansion,0.6818181818181818,0.3
follow,0.6818181818181818,0.3
operate,0.6818181818181818,0.3
persistently,0.6818181818181818,0.3
central,0.6818181818181818,0.3
implication,0.6818181818181818,0.3
shock,0.6818181818181818,0.3
weak,0.6818181818181818,0.3
international,0.6818181818181818,0.3
cut,0.6363636363636364,0.3
slack,0.6363636363636364,0.3
typically,0.6363636363636364,0.3
substantially,0.6363636363636364,0.3
roughly,0.6363636363636364,0.3
mean,0.6363636363636364,0.3
program,0.6363636363636364,0.3
projection,0.6363636363636364,0.3
fiscal,0.6363636363636364,0.3
expand,0.6363636363636364,0.3
personal,0.6363636363636364,0.3
ability,0.6363636363636364,0.3
historical,0.6363636363636364,0.3
structural,0.6363636363636364,0.3
conclude,0.6363636363636364,0.3
fed,0.6363636363636364,0.3
context,0.6363636363636364,0.3
encourage,0.6363636363636364,0.3
particularly,0.6363636363636364,0.3
dollar,0.6363636363636364,0.3
reduction,0.6363636363636364,0.3
let,0.6363636363636364,0.3
contrast,0.6363636363636364,0.3
determine,0.6363636363636364,0.3
analysis,0.6363636363636364,0.3
present,0.6363636363636364,0.3
domestic,0.6363636363636364,0.3
colleague,0.6363636363636364,0.3
consumption,0.6363636363636364,0.3
moderate,0.6363636363636364,0.3
key,0.6363636363636364,0.3
guidance,0.6363636363636364,0.3
simple,0.6363636363636364,0.3
half,0.6363636363636364,0.3
david,0.6363636363636364,0.3
home,0.6363636363636364,0.3
leave,0.6363636363636364,0.3
conference,0.6363636363636364,0.3
boost,0.6363636363636364,0.3
gradual,0.6363636363636364,0.3
transitory,0.6363636363636364,0.3
step,0.6363636363636364,0.3
keep,0.6363636363636364,0.3
strategy,0.6363636363636364,0.3
describe,0.6363636363636364,0.3
fast,0.6363636363636364,0.3
light,0.6363636363636364,0.3
benefit,0.6363636363636364,0.3
paper,0.6363636363636364,0.3
limited,0.6363636363636364,0.3
downturn,0.6363636363636364,0.3
challenge,0.6363636363636364,0.3
call,0.6363636363636364,0.3
sign,0.6363636363636364,0.3
capital,0.5909090909090909,0.3
outcome,0.5909090909090909,0.3
importantly,0.5909090909090909,0.3
september,0.5909090909090909,0.3
judgment,0.5909090909090909,0.3
supply,0.5909090909090909,0.3
june,0.5909090909090909,0.3
mass.,0.5909090909090909,0.3
conduct,0.5909090909090909,0.3
later,0.5909090909090909,0.3
extent,0.5909090909090909,0.3
mandate,0.5909090909090909,0.3
banking,0.5909090909090909,0.3
october,0.5909090909090909,0.3
resource,0.5909090909090909,0.3
population,0.5909090909090909,0.3
slowly,0.5909090909090909,0.3
clearly,0.5909090909090909,0.3
prospect,0.5909090909090909,0.3
april,0.5909090909090909,0.3
action,0.5909090909090909,0.3
general,0.5909090909090909,0.3
severe,0.5909090909090909,0.3
stand,0.5909090909090909,0.3
basis,0.5909090909090909,0.3
march,0.5909090909090909,0.3
probably,0.5909090909090909,0.3
couple,0.5909090909090909,0.3
stabilize,0.5909090909090909,0.3
diminish,0.5909090909090909,0.3
thomas,0.5909090909090909,0.3
necessary,0.5909090909090909,0.3
reifschneider,0.5909090909090909,0.3
c.,0.5909090909090909,0.3
annual,0.5909090909090909,0.3
william,0.5909090909090909,0.3
share,0.5909090909090909,0.3
place,0.5909090909090909,0.3
broad,0.5909090909090909,0.3
robert,0.5909090909090909,0.3
allow,0.5909090909090909,0.3
address,0.5909090909090909,0.3
evolve,0.5909090909090909,0.3
scope,0.5909090909090909,0.3
monitor,0.5909090909090909,0.3
brookings,0.5909090909090909,0.3
john,0.5909090909090909,0.3
prove,0.5909090909090909,0.3
opportunity,0.5909090909090909,0.3
compensation,0.5909090909090909,0.3
instead,0.5909090909090909,0.3
similar,0.5909090909090909,0.3
area,0.5909090909090909,0.3
rely,0.5454545454545454,0.3
tend,0.5454545454545454,0.3
payroll,0.5454545454545454,0.3
define,0.5454545454545454,0.3
aggregate,0.5454545454545454,0.3
yellen,0.5454545454545454,0.3
pay,0.5454545454545454,0.3
august,0.5454545454545454,0.3
represent,0.5454545454545454,0.3
foster,0.5454545454545454,0.3
pp,0.5454545454545454,0.3
san,0.5454545454545454,0.3
neutral,0.5454545454545454,0.3
situation,0.5454545454545454,0.3
statement,0.5454545454545454,0.3
unconventional,0.5454545454545454,0.3
similarly,0.5454545454545454,0.3
mortgage,0.5454545454545454,0.3
limit,0.5454545454545454,0.3
ensure,0.5454545454545454,0.3
bring,0.5454545454545454,0.3
model,0.5454545454545454,0.3
sheet,0.5454545454545454,0.3
import,0.5454545454545454,0.3
recognize,0.5454545454545454,0.3
medium,0.5454545454545454,0.3
signal,0.5454545454545454,0.3
push,0.5454545454545454,0.3
ahead,0.5454545454545454,0.3
line,0.5454545454545454,0.3
february,0.5454545454545454,0.3
framework,0.5454545454545454,0.3
contribute,0.5454545454545454,0.3
assess,0.5454545454545454,0.3
francisco,0.5454545454545454,0.3
oil,0.5454545454545454,0.3
perspective,0.5454545454545454,0.3
temporary,0.5454545454545454,0.3
problem,0.5454545454545454,0.3
sponsor,0.5454545454545454,0.3
participation,0.5454545454545454,0.3
congress,0.5454545454545454,0.3
solid,0.5454545454545454,0.3
adjustment,0.5454545454545454,0.3
summary,0.5454545454545454,0.3
mention,0.5454545454545454,0.3
judge,0.5454545454545454,0.3
economist,0.5454545454545454,0.3
wake,0.5454545454545454,0.3
consequence,0.5454545454545454,0.3
j.,0.5454545454545454,0.3
chicago,0.5454545454545454,0.3
tighten,0.5454545454545454,0.3
kansas,0.5454545454545454,0.3
michael,0.5454545454545454,0.3
use,0.5454545454545454,0.3
gdp,0.5454545454545454,0.3
nearly,0.5454545454545454,0.3
unusually,0.5454545454545454,0.3
ease,0.5454545454545454,0.3
actual,0.5454545454545454,0.3
nominal,0.5454545454545454,0.3
peak,0.5454545454545454,0.3
healthy,0.5454545454545454,0.3
manner,0.5454545454545454,0.3
foreign,0.5454545454545454,0.3
exchange,0.5454545454545454,0.3
adverse,0.5454545454545454,0.3
primary,0.5454545454545454,0.3
payment,0.5454545454545454,0.3
seek,0.5454545454545454,0.3
largely,0.5454545454545454,0.3
people,0.5454545454545454,0.3
empirical,0.5454545454545454,0.3
age,0.5454545454545454,0.3
nation,0.5,1.0
laubach,0.5,1.0
upward,0.5,1.0
gap,0.5,1.0
world,0.5,1.0
sharply,0.5,1.0
scale,0.5,1.0
rates,0.5,1.0
employ,0.5,1.0
fact,0.5,1.0
possibility,0.5,1.0
equal,0.5,1.0
go,0.5,1.0
confidence,0.5,1.0
source,0.5,1.0
portion,0.5,1.0
appreciably,0.5,1.0
website,0.5,1.0
try,0.5,1.0
difference,0.5,1.0
carefully,0.5,1.0
have,0.5,1.0
weigh,0.5,1.0
symposium,0.5,1.0
release,0.5,1.0
decide,0.5,1.0
workforce,0.5,1.0
institution,0.5,1.0
regard,0.5,1.0
s.,0.5,1.0
rapid,0.5,1.0
williams,0.5,1.0
wide,0.5,1.0
clear,0.5,1.0
sustain,0.5,1.0
appreciation,0.5,1.0
stimulus,0.5,1.0
lack,0.5,1.0
order,0.5,1.0
remark,0.5,1.0
effects,0.5,1.0
gross,0.5,1.0
product,0.5,1.0
understanding,0.5,1.0
reasonably,0.5,1.0
potentially,0.5,1.0
b.,0.5,1.0
service,0.5,1.0
bad,0.5,1.0
event,0.5,1.0
meet,0.5,1.0
underlie,0.5,1.0
accommodation,0.5,1.0
yield,0.5,1.0
imf,0.5,1.0
papers,0.5,1.0
possible,0.5,1.0
warrant,0.5,1.0
reading,0.5,1.0
national,0.5,1.0
rapidly,0.5,1.0
shortfall,0.45454545454545453,1.0
setting,0.45454545454545453,1.0
figure,0.45454545454545453,1.0
proceed,0.45454545454545453,1.0
h.,0.45454545454545453,1.0
weakness,0.45454545454545453,1.0
stock,0.45454545454545453,1.0
pre,0.45454545454545453,1.0
partly,0.45454545454545453,1.0
productive,0.45454545454545453,1.0
debt,0.45454545454545453,1.0
bound,0.45454545454545453,1.0
mark,0.45454545454545453,1.0
stay,0.45454545454545453,1.0
generate,0.45454545454545453,1.0
project,0.45454545454545453,1.0
argue,0.45454545454545453,1.0
week,0.45454545454545453,1.0
liquidity,0.45454545454545453,1.0
strength,0.45454545454545453,1.0
emphasize,0.45454545454545453,1.0
circumstance,0.45454545454545453,1.0
consideration,0.45454545454545453,1.0
nber,0.45454545454545453,1.0
curve,0.45454545454545453,1.0
individual,0.45454545454545453,1.0
conclusion,0.45454545454545453,1.0
normalization,0.45454545454545453,1.0
headwind,0.45454545454545453,1.0
set,0.45454545454545453,1.0
developments,0.45454545454545453,1.0
money,0.45454545454545453,1.0
movement,0.45454545454545453,1.0
drop,0.45454545454545453,1.0
bear,0.45454545454545453,1.0
subject,0.45454545454545453,1.0
occur,0.45454545454545453,1.0
onset,0.45454545454545453,1.0
lag,0.45454545454545453,1.0
relationship,0.45454545454545453,1.0
contractionary,0.45454545454545453,1.0
fairly,0.45454545454545453,1.0
related,0.45454545454545453,1.0
employer,0.45454545454545453,1.0
accompany,0.45454545454545453,1.0
elevated,0.45454545454545453,1.0
accordingly,0.45454545454545453,1.0
cyclical,0.45454545454545453,1.0
emerge,0.45454545454545453,1.0
history,0.45454545454545453,1.0
post,0.45454545454545453,1.0
policies,0.45454545454545453,1.0
treasury,0.45454545454545453,1.0
principle,0.45454545454545453,1.0
size,0.45454545454545453,1.0
export,0.45454545454545453,1.0
ago,0.45454545454545453,1.0
sale,0.45454545454545453,1.0
fundamental,0.45454545454545453,1.0
measurement,0.45454545454545453,1.0
announce,0.45454545454545453,1.0
staff,0.45454545454545453,1.0
advanced,0.45454545454545453,1.0
spend,0.45454545454545453,1.0
forecast,0.45454545454545453,1.0
incoming,0.45454545454545453,1.0
environment,0.45454545454545453,1.0
markedly,0.45454545454545453,1.0
holding,0.45454545454545453,1.0
restrain,0.45454545454545453,1.0
draw,0.45454545454545453,1.0
historically,0.45454545454545453,1.0
hard,0.45454545454545453,1.0
directly,0.45454545454545453,1.0
median,0.45454545454545453,1.0
thank,0.45454545454545453,1.0
prior,0.45454545454545453,1.0
investor,0.45454545454545453,1.0
bind,0.45454545454545453,1.0
difficulty,0.4090909090909091,1.0
learn,0.4090909090909091,1.0
tight,0.4090909090909091,1.0
group,0.4090909090909091,1.0
james,0.4090909090909091,1.0
technology,0.4090909090909091,1.0
capacity,0.4090909090909091,1.0
notes,0.4090909090909091,1.0
pose,0.4090909090909091,1.0
pass,0.4090909090909091,1.0
apparent,0.4090909090909091,1.0
alternative,0.4090909090909091,1.0
depression,0.4090909090909091,1.0
remove,0.4090909090909091,1.0
total,0.4090909090909091,1.0
actively,0.4090909090909091,1.0
loan,0.4090909090909091,1.0
position,0.4090909090909091,1.0
t.,0.4090909090909091,1.0
aspect,0.4090909090909091,1.0
modestly,0.4090909090909091,1.0
fade,0.4090909090909091,1.0
materially,0.4090909090909091,1.0
arise,0.4090909090909091,1.0
exclude,0.4090909090909091,1.0
useful,0.4090909090909091,1.0
jackson,0.4090909090909091,1.0
ultimately,0.4090909090909091,1.0
eventually,0.4090909090909091,1.0
statistical,0.4090909090909091,1.0
hit,0.4090909090909091,1.0
advance,0.4090909090909091,1.0
unexpected,0.4090909090909091,1.0
main,0.4090909090909091,1.0
control,0.4090909090909091,1.0
sustainable,0.4090909090909091,1.0
away,0.4090909090909091,1.0
cambridge,0.4090909090909091,1.0
school,0.4090909090909091,1.0
d.,0.4090909090909091,1.0
complete,0.4090909090909091,1.0
sharp,0.4090909090909091,1.0
fully,0.4090909090909091,1.0
actually,0.4090909090909091,1.0
wascher,0.4090909090909091,1.0
secular,0.4090909090909091,1.0
differ,0.4090909090909091,1.0
offer,0.4090909090909091,1.0
form,0.4090909090909091,1.0
higher,0.4090909090909091,1.0
highly,0.4090909090909091,1.0
young,0.4090909090909091,1.0
statistics,0.4090909090909091,1.0
hole,0.4090909090909091,1.0
subsequent,0.4090909090909091,1.0
quit,0.4090909090909091,1.0
develop,0.4090909090909091,1.0
york,0.4090909090909091,1.0
put,0.4090909090909091,1.0
true,0.4090909090909091,1.0
pursue,0.4090909090909091,1.0
want,0.4090909090909091,1.0
variety,0.4090909090909091,1.0
essentially,0.4090909090909091,1.0
considerably,0.4090909090909091,1.0
sizable,0.4090909090909091,1.0
eds,0.4090909090909091,1.0
structure,0.4090909090909091,1.0
hourly,0.4090909090909091,1.0
tightening,0.4090909090909091,1.0
anchor,0.4090909090909091,1.0
gordon,0.4090909090909091,1.0
implications,0.4090909090909091,1.0
agency,0.4090909090909091,1.0
house,0.4090909090909091,1.0
hiring,0.4090909090909091,1.0
rule,0.4090909090909091,1.0
certain,0.4090909090909091,1.0
delay,0.4090909090909091,1.0
family,0.4090909090909091,1.0
easy,0.4090909090909091,1.0
specific,0.4090909090909091,1.0
utilization,0.36363636363636365,1.0
slowdown,0.36363636363636365,1.0
accord,0.36363636363636365,1.0
wyo,0.36363636363636365,1.0
surprise,0.36363636363636365,1.0
invite,0.36363636363636365,1.0
closely,0.36363636363636365,1.0
july,0.36363636363636365,1.0
guide,0.36363636363636365,1.0
projections,0.36363636363636365,1.0
performance,0.36363636363636365,1.0
lose,0.36363636363636365,1.0
skill,0.36363636363636365,1.0
abate,0.36363636363636365,1.0
earning,0.36363636363636365,1.0
dynamics,0.36363636363636365,1.0
plan,0.36363636363636365,1.0
institute,0.36363636363636365,1.0
single,0.36363636363636365,1.0
relevant,0.36363636363636365,1.0
office,0.36363636363636365,1.0
implement,0.36363636363636365,1.0
debate,0.36363636363636365,1.0
major,0.36363636363636365,1.0
pick,0.36363636363636365,1.0
borrowing,0.36363636363636365,1.0
flat,0.36363636363636365,1.0
references,0.36363636363636365,1.0
dynamic,0.36363636363636365,1.0
matter,0.36363636363636365,1.0
negative,0.36363636363636365,1.0
discourage,0.36363636363636365,1.0
forecaster,0.36363636363636365,1.0
highlight,0.36363636363636365,1.0
a.,0.36363636363636365,1.0
confident,0.36363636363636365,1.0
food,0.36363636363636365,1.0
speak,0.36363636363636365,1.0
special,0.36363636363636365,1.0
christopher,0.36363636363636365,1.0
persist,0.36363636363636365,1.0
evolution,0.36363636363636365,1.0
assign,0.36363636363636365,1.0
combination,0.36363636363636365,1.0
likelihood,0.36363636363636365,1.0
european,0.36363636363636365,1.0
wealth,0.36363636363636365,1.0
leverage,0.36363636363636365,1.0
benjamin,0.36363636363636365,1.0
precede,0.36363636363636365,1.0
drag,0.36363636363636365,1.0
living,0.36363636363636365,1.0
eric,0.36363636363636365,1.0
practice,0.36363636363636365,1.0
k.,0.36363636363636365,1.0
weaken,0.36363636363636365,1.0
protect,0.36363636363636365,1.0
exist,0.36363636363636365,1.0
feds,0.36363636363636365,1.0
expected,0.36363636363636365,1.0
buy,0.36363636363636365,1.0
illustrate,0.36363636363636365,1.0
demonstrate,0.36363636363636365,1.0
creation,0.36363636363636365,1.0
primarily,0.36363636363636365,1.0
construction,0.36363636363636365,1.0
assume,0.36363636363636365,1.0
nonfarm,0.36363636363636365,1.0
prevail,0.36363636363636365,1.0
communication,0.36363636363636365,1.0
act,0.36363636363636365,1.0
andrew,0.36363636363636365,1.0
intend,0.36363636363636365,1.0
vary,0.36363636363636365,1.0
sufficient,0.36363636363636365,1.0
behavior,0.36363636363636365,1.0
extraordinary,0.36363636363636365,1.0
hour,0.36363636363636365,1.0
resilient,0.36363636363636365,1.0
necessarily,0.36363636363636365,1.0
appropriately,0.36363636363636365,1.0
hire,0.36363636363636365,1.0
version,0.36363636363636365,1.0
adopt,0.36363636363636365,1.0
excessive,0.36363636363636365,1.0
noticeably,0.36363636363636365,1.0
voluntarily,0.36363636363636365,1.0
observe,0.36363636363636365,1.0
preset,0.36363636363636365,1.0
amount,0.36363636363636365,1.0
deep,0.36363636363636365,1.0
conventional,0.36363636363636365,1.0
management,0.36363636363636365,1.0
subsequently,0.36363636363636365,1.0
component,0.36363636363636365,1.0
incorporate,0.36363636363636365,1.0
power,0.36363636363636365,1.0
saving,0.36363636363636365,1.0
attention,0.36363636363636365,1.0
exert,0.36363636363636365,1.0
strengthening,0.36363636363636365,1.0
previously,0.36363636363636365,1.0
november,0.36363636363636365,1.0
watch,0.36363636363636365,1.0
notion,0.36363636363636365,1.0
employee,0.36363636363636365,1.0
pce,0.36363636363636365,1.0
commitment,0.36363636363636365,1.0
p.,0.36363636363636365,1.0
l.,0.36363636363636365,1.0
mid-,0.36363636363636365,1.0
type,0.3181818181818182,1.0
prudent,0.3181818181818182,1.0
compare,0.3181818181818182,1.0
answer,0.3181818181818182,1.0
overheat,0.3181818181818182,1.0
initial,0.3181818181818182,1.0
deflation,0.3181818181818182,1.0
contribution,0.3181818181818182,1.0
japan,0.3181818181818182,1.0
baseline,0.3181818181818182,1.0
normalize,0.3181818181818182,1.0
robust,0.3181818181818182,1.0
able,0.3181818181818182,1.0
pertain,0.3181818181818182,1.0
track,0.3181818181818182,1.0
damage,0.3181818181818182,1.0
importance,0.3181818181818182,1.0
political,0.3181818181818182,1.0
instance,0.3181818181818182,1.0
imperfect,0.3181818181818182,1.0
handbook,0.3181818181818182,1.0
receive,0.3181818181818182,1.0
headline,0.3181818181818182,1.0
literature,0.3181818181818182,1.0
plunge,0.3181818181818182,1.0
equity,0.3181818181818182,1.0
intention,0.3181818181818182,1.0
stress,0.3181818181818182,1.0
depress,0.3181818181818182,1.0
comparison,0.3181818181818182,1.0
engen,0.3181818181818182,1.0
positive,0.3181818181818182,1.0
perceive,0.3181818181818182,1.0
unexpectedly,0.3181818181818182,1.0
nonetheless,0.3181818181818182,1.0
absence,0.3181818181818182,1.0
lecture,0.3181818181818182,1.0
bit,0.3181818181818182,1.0
monthly,0.3181818181818182,1.0
currency,0.3181818181818182,1.0
interaction,0.3181818181818182,1.0
extend,0.3181818181818182,1.0
failure,0.3181818181818182,1.0
chip,0.3181818181818182,1.0
subdue,0.3181818181818182,1.0
expansionary,0.3181818181818182,1.0
sep,0.3181818181818182,1.0
sense,0.3181818181818182,1.0
sure,0.3181818181818182,1.0
regulatory,0.3181818181818182,1.0
boom,0.3181818181818182,1.0
determinant,0.3181818181818182,1.0
apply,0.3181818181818182,1.0
predictable,0.3181818181818182,1.0
club,0.3181818181818182,1.0
assumption,0.3181818181818182,1.0
evident,0.3181818181818182,1.0
premium,0.3181818181818182,1.0
reverse,0.3181818181818182,1.0
bond,0.3181818181818182,1.0
ratio,0.3181818181818182,1.0
wilcox,0.3181818181818182,1.0
date,0.3181818181818182,1.0
constraint,0.3181818181818182,1.0
trade,0.3181818181818182,1.0
production,0.3181818181818182,1.0
adam,0.3181818181818182,1.0
critical,0.3181818181818182,1.0
dave,0.3181818181818182,1.0
opening,0.3181818181818182,1.0
communicate,0.3181818181818182,1.0
dual,0.3181818181818182,1.0
obtain,0.3181818181818182,1.0
taylor,0.3181818181818182,1.0
fluctuation,0.3181818181818182,1.0
minute,0.3181818181818182,1.0
suspect,0.3181818181818182,1.0
budget,0.3181818181818182,1.0
burden,0.3181818181818182,1.0
demographic,0.3181818181818182,1.0
attainment,0.3181818181818182,1.0
local,0.3181818181818182,1.0
manage,0.3181818181818182,1.0
increasingly,0.3181818181818182,1.0
retirement,0.3181818181818182,1.0
blue,0.3181818181818182,1.0
big,0.3181818181818182,1.0
reinvestment,0.3181818181818182,1.0
slightly,0.3181818181818182,1.0
quantity,0.3181818181818182,1.0
invest,0.3181818181818182,1.0
member,0.3181818181818182,1.0
woodford,0.3181818181818182,1.0
spur,0.3181818181818182,1.0
health,0.3181818181818182,1.0
industry,0.3181818181818182,1.0
idea,0.3181818181818182,1.0
boston,0.3181818181818182,1.0
loss,0.3181818181818182,1.0
unemployed,0.3181818181818182,1.0
million,0.3181818181818182,1.0
room,0.3181818181818182,1.0
-month,0.3181818181818182,1.0
disappointing,0.3181818181818182,1.0
americans,0.3181818181818182,1.0
constrain,0.3181818181818182,1.0
day,0.3181818181818182,1.0
indication,0.3181818181818182,1.0
responsibility,0.3181818181818182,1.0
predict,0.3181818181818182,1.0
thing,0.3181818181818182,1.0
education,0.3181818181818182,1.0
effort,0.3181818181818182,1.0
build,0.3181818181818182,1.0
bureau,0.3181818181818182,1.0
aim,0.3181818181818182,1.0
evaluate,0.3181818181818182,1.0
desire,0.3181818181818182,1.0
massachusetts,0.3181818181818182,1.0
availability,0.3181818181818182,1.0
department,0.3181818181818182,1.0
auto,0.2727272727272727,1.0
quarterly,0.2727272727272727,1.0
inform,0.2727272727272727,1.0
success,0.2727272727272727,1.0
feel,0.2727272727272727,1.0
inflationary,0.2727272727272727,1.0
congressional,0.2727272727272727,1.0
overstate,0.2727272727272727,1.0
volatile,0.2727272727272727,1.0
england,0.2727272727272727,1.0
likewise,0.2727272727272727,1.0
trends,0.2727272727272727,1.0
imprecise,0.2727272727272727,1.0
notable,0.2727272727272727,1.0
worth,0.2727272727272727,1.0
gasoline,0.2727272727272727,1.0
addendum,0.2727272727272727,1.0
poor,0.2727272727272727,1.0
cash,0.2727272727272727,1.0
choose,0.2727272727272727,1.0
submit,0.2727272727272727,1.0
involve,0.2727272727272727,1.0
janet,0.2727272727272727,1.0
revision,0.2727272727272727,1.0
d'amico,0.2727272727272727,1.0
soon,0.2727272727272727,1.0
complex,0.2727272727272727,1.0
salido,0.2727272727272727,1.0
english,0.2727272727272727,1.0
aware,0.2727272727272727,1.0
stefania,0.2727272727272727,1.0
taking,0.2727272727272727,1.0
remarkably,0.2727272727272727,1.0
few,0.2727272727272727,1.0
insurance,0.2727272727272727,1.0
pursuit,0.2727272727272727,1.0
chance,0.2727272727272727,1.0
identify,0.2727272727272727,1.0
strongly,0.2727272727272727,1.0
channel,0.2727272727272727,1.0
1990,0.2727272727272727,1.0
borrower,0.2727272727272727,1.0
swing,0.2727272727272727,1.0
prepare,0.2727272727272727,1.0
prevent,0.2727272727272727,1.0
daniel,0.2727272727272727,1.0
implementation,0.2727272727272727,1.0
live,0.2727272727272727,1.0
resume,0.2727272727272727,1.0
usual,0.2727272727272727,1.0
avoid,0.2727272727272727,1.0
temporarily,0.2727272727272727,1.0
banks,0.2727272727272727,1.0
effectiveness,0.2727272727272727,1.0
carry,0.2727272727272727,1.0
timing,0.2727272727272727,1.0
notably,0.2727272727272727,1.0
welcome,0.2727272727272727,1.0
aging,0.2727272727272727,1.0
record,0.2727272727272727,1.0
kiley,0.2727272727272727,1.0
brian,0.2727272727272727,1.0
accelerate,0.2727272727272727,1.0
w.,0.2727272727272727,1.0
manufacturing,0.2727272727272727,1.0
commonly,0.2727272727272727,1.0
absorb,0.2727272727272727,1.0
short-,0.2727272727272727,1.0
flow,0.2727272727272727,1.0
element,0.2727272727272727,1.0
qualified,0.2727272727272727,1.0
design,0.2727272727272727,1.0
prompt,0.2727272727272727,1.0
effectively,0.2727272727272727,1.0
exceptionally,0.2727272727272727,1.0
alter,0.2727272727272727,1.0
charles,0.2727272727272727,1.0
collapse,0.2727272727272727,1.0
enhance,0.2727272727272727,1.0
matthew,0.2727272727272727,1.0
briefly,0.2727272727272727,1.0
supervisory,0.2727272727272727,1.0
independent,0.2727272727272727,1.0
medians,0.2727272727272727,1.0
link,0.2727272727272727,1.0
transition,0.2727272727272727,1.0
jane,0.2727272727272727,1.0
unpublished,0.2727272727272727,1.0
stagnation,0.2727272727272727,1.0
smith,0.2727272727272727,1.0
shrink,0.2727272727272727,1.0
induce,0.2727272727272727,1.0
outside,0.2727272727272727,1.0
richard,0.2727272727272727,1.0
macroeconomics,0.2727272727272727,1.0
summer,0.2727272727272727,1.0
update,0.2727272727272727,1.0
offset,0.2727272727272727,1.0
one,0.2727272727272727,1.0
drilling,0.2727272727272727,1.0
cautiously,0.2727272727272727,1.0
pickup,0.2727272727272727,1.0
refer,0.2727272727272727,1.0
sustained,0.2727272727272727,1.0
mind,0.2727272727272727,1.0
e.,0.2727272727272727,1.0
publish,0.2727272727272727,1.0
moment,0.2727272727272727,1.0
final,0.2727272727272727,1.0
speed,0.2727272727272727,1.0
region,0.2727272727272727,1.0
presumably,0.2727272727272727,1.0
undermine,0.2727272727272727,1.0
disrupt,0.2727272727272727,1.0
vicinity,0.2727272727272727,1.0
feature,0.2727272727272727,1.0
optimistic,0.2727272727272727,1.0
unchanged,0.2727272727272727,1.0
simulation,0.2727272727272727,1.0
maturity,0.2727272727272727,1.0
residential,0.2727272727272727,1.0
ask,0.2727272727272727,1.0
care,0.2727272727272727,1.0
wane,0.2727272727272727,1.0
mechanism,0.2727272727272727,1.0
lawrence,0.2727272727272727,1.0
ed,0.2727272727272727,1.0
lending,0.2727272727272727,1.0
disturbance,0.2727272727272727,1.0
formation,0.2727272727272727,1.0
issues,0.2727272727272727,1.0
summarize,0.2727272727272727,1.0
aftermath,0.2727272727272727,1.0
adult,0.2727272727272727,1.0
euro,0.2727272727272727,1.0
versus,0.2727272727272727,1.0
bruce,0.2727272727272727,1.0
1930,0.2727272727272727,1.0
fallick,0.2727272727272727,1.0
west,0.2727272727272727,1.0
technological,0.2727272727272727,1.0
pattern,0.2727272727272727,1.0
china,0.2727272727272727,1.0
rationale,0.2727272727272727,1.0
sluggish,0.2727272727272727,1.0
portfolio,0.2727272727272727,1.0
cleveland,0.2727272727272727,1.0
friedman,0.2727272727272727,1.0
depth,0.2727272727272727,1.0
forthcoming,0.2727272727272727,1.0
definition,0.2727272727272727,1.0
threaten,0.2727272727272727,1.0
probability,0.22727272727272727,1.0
balanced,0.22727272727272727,1.0
buffer,0.22727272727272727,1.0
reinforce,0.22727272727272727,1.0
widely,0.22727272727272727,1.0
prediction,0.22727272727272727,1.0
mitigate,0.22727272727272727,1.0
war,0.22727272727272727,1.0
chart,0.22727272727272727,1.0
wait,0.22727272727272727,1.0
volatility,0.22727272727272727,1.0
summers,0.22727272727272727,1.0
lender,0.22727272727272727,1.0
reform,0.22727272727272727,1.0
deal,0.22727272727272727,1.0
alive,0.22727272727272727,1.0
surround,0.22727272727272727,1.0
memorial,0.22727272727272727,1.0
constant,0.22727272727272727,1.0
sort,0.22727272727272727,1.0
min,0.22727272727272727,1.0
martin,0.22727272727272727,1.0
prosperity,0.22727272727272727,1.0
strain,0.22727272727272727,1.0
traditional,0.22727272727272727,1.0
simply,0.22727272727272727,1.0
dimension,0.22727272727272727,1.0
kim,0.22727272727272727,1.0
professional,0.22727272727272727,1.0
overview,0.22727272727272727,1.0
stop,0.22727272727272727,1.0
honor,0.22727272727272727,1.0
text,0.22727272727272727,1.0
enable,0.22727272727272727,1.0
trajectory,0.22727272727272727,1.0
law,0.22727272727272727,1.0
correct,0.22727272727272727,1.0
access,0.22727272727272727,1.0
concept,0.22727272727272727,1.0
count,0.22727272727272727,1.0
designing,0.22727272727272727,1.0
undesirable,0.22727272727272727,1.0
kingdom,0.22727272727272727,1.0
dependent,0.22727272727272727,1.0
hope,0.22727272727272727,1.0
council,0.22727272727272727,1.0
principal,0.22727272727272727,1.0
retail,0.22727272727272727,1.0
wp/,0.22727272727272727,1.0
era,0.22727272727272727,1.0
coming,0.22727272727272727,1.0
equilibrium,0.22727272727272727,1.0
error,0.22727272727272727,1.0
produce,0.22727272727272727,1.0
nature,0.22727272727272727,1.0
body,0.22727272727272727,1.0
r.,0.22727272727272727,1.0
settle,0.22727272727272727,1.0
restraint,0.22727272727272727,1.0
tomaz,0.22727272727272727,1.0
earn,0.22727272727272727,1.0
document,0.22727272727272727,1.0
college,0.22727272727272727,1.0
noticeable,0.22727272727272727,1.0
reveal,0.22727272727272727,1.0
match,0.22727272727272727,1.0
tell,0.22727272727272727,1.0
1970,0.22727272727272727,1.0
combine,0.22727272727272727,1.0
middle,0.22727272727272727,1.0
partially,0.22727272727272727,1.0
theory,0.22727272727272727,1.0
cajner,0.22727272727272727,1.0
mid-1990,0.22727272727272727,1.0
beginning,0.22727272727272727,1.0
minus,0.22727272727272727,1.0
mary,0.22727272727272727,1.0
administration,0.22727272727272727,1.0
customer,0.22727272727272727,1.0
alan,0.22727272727272727,1.0
favorable,0.22727272727272727,1.0
center,0.22727272727272727,1.0
prefer,0.22727272727272727,1.0
ignore,0.22727272727272727,1.0
inability,0.22727272727272727,1.0
soft,0.22727272727272727,1.0
test,0.22727272727272727,1.0
removal,0.22727272727272727,1.0
capture,0.22727272727272727,1.0
direction,0.22727272727272727,1.0
subdued,0.22727272727272727,1.0
innovation,0.22727272727272727,1.0
cite,0.22727272727272727,1.0
certainly,0.22727272727272727,1.0
stabilization,0.22727272727272727,1.0
surprisingly,0.22727272727272727,1.0
necessitate,0.22727272727272727,1.0
training,0.22727272727272727,1.0
gamble,0.22727272727272727,1.0
agree,0.22727272727272727,1.0
downside,0.22727272727272727,1.0
drift,0.22727272727272727,1.0
approximate,0.22727272727272727,1.0
discretionary,0.22727272727272727,1.0
comprehensive,0.22727272727272727,1.0
equation,0.22727272727272727,1.0
organization,0.22727272727272727,1.0
duration,0.22727272727272727,1.0
disinflationary,0.22727272727272727,1.0
conditions,0.22727272727272727,1.0
accessible,0.22727272727272727,1.0
volume,0.22727272727272727,1.0
theme,0.22727272727272727,1.0
variable,0.22727272727272727,1.0
glenn,0.22727272727272727,1.0
falter,0.22727272727272727,1.0
buildup,0.22727272727272727,1.0
financing,0.22727272727272727,1.0
examine,0.22727272727272727,1.0
unfortunately,0.22727272727272727,1.0
non,0.22727272727272727,1.0
perception,0.22727272727272727,1.0
decrease,0.22727272727272727,1.0
macroprudential,0.22727272727272727,1.0
albeit,0.22727272727272727,1.0
head,0.22727272727272727,1.0
explicit,0.22727272727272727,1.0
news,0.22727272727272727,1.0
asymmetric,0.22727272727272727,1.0
exceed,0.22727272727272727,1.0
cycle,0.22727272727272727,1.0
jonathan,0.22727272727272727,1.0
vital,0.22727272727272727,1.0
letter,0.22727272727272727,1.0
phillips,0.22727272727272727,1.0
confirm,0.22727272727272727,1.0
calculate,0.22727272727272727,1.0
episode,0.22727272727272727,1.0
philip,0.22727272727272727,1.0
marked,0.22727272727272727,1.0
initially,0.22727272727272727,1.0
frameworks,0.22727272727272727,1.0
toolkit,0.22727272727272727,1.0
steadily,0.22727272727272727,1.0
sufficiently,0.22727272727272727,1.0
spillover,0.22727272727272727,1.0
express,0.22727272727272727,1.0
strive,0.22727272727272727,1.0
ben,0.22727272727272727,1.0
goals,0.22727272727272727,1.0
heavily,0.22727272727272727,1.0
forecasters,0.22727272727272727,1.0
president,0.22727272727272727,1.0
nairu,0.22727272727272727,1.0
indicators,0.22727272727272727,1.0
dealers,0.22727272727272727,1.0
cross,0.22727272727272727,1.0
sentiment,0.22727272727272727,1.0
century,0.22727272727272727,1.0
compensate,0.22727272727272727,1.0
revise,0.22727272727272727,1.0
america,0.22727272727272727,1.0
bernanke,0.22727272727272727,1.0
trap,0.22727272727272727,1.0
reference,0.22727272727272727,1.0
repeat,0.22727272727272727,1.0
atlanta,0.22727272727272727,1.0
reassess,0.22727272727272727,1.0
ready,0.22727272727272727,1.0
modern,0.22727272727272727,1.0
life,0.22727272727272727,1.0
borrow,0.22727272727272727,1.0
fix,0.22727272727272727,1.0
gauge,0.22727272727272727,1.0
weather,0.22727272727272727,1.0
excess,0.22727272727272727,1.0
restore,0.22727272727272727,1.0
purchases,0.18181818181818182,1.0
blanchard,0.18181818181818182,1.0
marc,0.18181818181818182,1.0
klaus,0.18181818181818182,1.0
edward,0.18181818181818182,1.0
data,0.18181818181818182,1.0
instability,0.18181818181818182,1.0
gourio,0.18181818181818182,1.0
nelson,0.18181818181818182,1.0
item,0.18181818181818182,1.0
embed,0.18181818181818182,1.0
keel,0.18181818181818182,1.0
scenario,0.18181818181818182,1.0
models,0.18181818181818182,1.0
olivier,0.18181818181818182,1.0
1980,0.18181818181818182,1.0
banker,0.18181818181818182,1.0
slowing,0.18181818181818182,1.0
unable,0.18181818181818182,1.0
compete,0.18181818181818182,1.0
attend,0.18181818181818182,1.0
frb,0.18181818181818182,1.0
alternatively,0.18181818181818182,1.0
underwriting,0.18181818181818182,1.0
attributable,0.18181818181818182,1.0
vehicle,0.18181818181818182,1.0
procedure,0.18181818181818182,1.0
philadelphia,0.18181818181818182,1.0
dynamism,0.18181818181818182,1.0
deviation,0.18181818181818182,1.0
double,0.18181818181818182,1.0
deterioration,0.18181818181818182,1.0
de,0.18181818181818182,1.0
sensitivity,0.18181818181818182,1.0
back,0.18181818181818182,1.0
brief,0.18181818181818182,1.0
rochester,0.18181818181818182,1.0
cbo,0.18181818181818182,1.0
aggressively,0.18181818181818182,1.0
adequate,0.18181818181818182,1.0
stanford,0.18181818181818182,1.0
self,0.18181818181818182,1.0
argument,0.18181818181818182,1.0
macro,0.18181818181818182,1.0
involuntary,0.18181818181818182,1.0
disruption,0.18181818181818182,1.0
community,0.18181818181818182,1.0
metric,0.18181818181818182,1.0
acceleration,0.18181818181818182,1.0
elevate,0.18181818181818182,1.0
plentiful,0.18181818181818182,1.0
immediately,0.18181818181818182,1.0
margin,0.18181818181818182,1.0
knowledge,0.18181818181818182,1.0
lesson,0.18181818181818182,1.0
steady,0.18181818181818182,1.0
attach,0.18181818181818182,1.0
phenomenon,0.18181818181818182,1.0
motivation,0.18181818181818182,1.0
resilience,0.18181818181818182,1.0
macroeconomy,0.18181818181818182,1.0
challenging,0.18181818181818182,1.0
q1,0.18181818181818182,1.0
asymmetry,0.18181818181818182,1.0
succeed,0.18181818181818182,1.0
improved,0.18181818181818182,1.0
understate,0.18181818181818182,1.0
initiate,0.18181818181818182,1.0
absent,0.18181818181818182,1.0
twist,0.18181818181818182,1.0
galbis,0.18181818181818182,1.0
adversely,0.18181818181818182,1.0
undesirably,0.18181818181818182,1.0
harris,0.18181818181818182,1.0
del,0.18181818181818182,1.0
marco,0.18181818181818182,1.0
repurchase,0.18181818181818182,1.0
perfect,0.18181818181818182,1.0
g.,0.18181818181818182,1.0
norm,0.18181818181818182,1.0
owner,0.18181818181818182,1.0
consumers,0.18181818181818182,1.0
red,0.18181818181818182,1.0
rejoin,0.18181818181818182,1.0
forecasting,0.18181818181818182,1.0
costs,0.18181818181818182,1.0
wei,0.18181818181818182,1.0
willing,0.18181818181818182,1.0
application,0.18181818181818182,1.0
reliance,0.18181818181818182,1.0
rules,0.18181818181818182,1.0
interpretation,0.18181818181818182,1.0
quantitative,0.18181818181818182,1.0
charge,0.18181818181818182,1.0
stride,0.18181818181818182,1.0
conversely,0.18181818181818182,1.0
welfare,0.18181818181818182,1.0
sized,0.18181818181818182,1.0
common,0.18181818181818182,1.0
multiple,0.18181818181818182,1.0
declining,0.18181818181818182,1.0
horizon,0.18181818181818182,1.0
kathryn,0.18181818181818182,1.0
helpful,0.18181818181818182,1.0
detail,0.18181818181818182,1.0
michigan,0.18181818181818182,1.0
edge,0.18181818181818182,1.0
confront,0.18181818181818182,1.0
facilitate,0.18181818181818182,1.0
continued,0.18181818181818182,1.0
host,0.18181818181818182,1.0
extreme,0.18181818181818182,1.0
optimal,0.18181818181818182,1.0
lie,0.18181818181818182,1.0
frbsf,0.18181818181818182,1.0
readily,0.18181818181818182,1.0
extended,0.18181818181818182,1.0
quality,0.18181818181818182,1.0
keynesian,0.18181818181818182,1.0
fail,0.18181818181818182,1.0
lot,0.18181818181818182,1.0
commit,0.18181818181818182,1.0
crude,0.18181818181818182,1.0
technologies,0.18181818181818182,1.0
funding,0.18181818181818182,1.0
marginally,0.18181818181818182,1.0
expectations,0.18181818181818182,1.0
london,0.18181818181818182,1.0
redux,0.18181818181818182,1.0
changes,0.18181818181818182,1.0
van,0.18181818181818182,1.0
classify,0.18181818181818182,1.0
hike,0.18181818181818182,1.0
distribution,0.18181818181818182,1.0
persistence,0.18181818181818182,1.0
purchasing,0.18181818181818182,1.0
steven,0.18181818181818182,1.0
rudebusch,0.18181818181818182,1.0
giannoni,0.18181818181818182,1.0
negro,0.18181818181818182,1.0
determinants,0.18181818181818182,1.0
underlying,0.18181818181818182,1.0
recede,0.18181818181818182,1.0
retiree,0.18181818181818182,1.0
category,0.18181818181818182,1.0
moderately,0.18181818181818182,1.0
corporate,0.18181818181818182,1.0
medical,0.18181818181818182,1.0
child,0.18181818181818182,1.0
impose,0.18181818181818182,1.0
furthermore,0.18181818181818182,1.0
stimulate,0.18181818181818182,1.0
devote,0.18181818181818182,1.0
frank,0.18181818181818182,1.0
inequality,0.18181818181818182,1.0
unusual,0.18181818181818182,1.0
authority,0.18181818181818182,1.0
distinguish,0.18181818181818182,1.0
wrong,0.18181818181818182,1.0
noise,0.18181818181818182,1.0
systemic,0.18181818181818182,1.0
interact,0.18181818181818182,1.0
explanation,0.18181818181818182,1.0
recognition,0.18181818181818182,1.0
encouraging,0.18181818181818182,1.0
amherst,0.18181818181818182,1.0
purpose,0.18181818181818182,1.0
estate,0.18181818181818182,1.0
attain,0.18181818181818182,1.0
instrument,0.18181818181818182,1.0
ample,0.18181818181818182,1.0
facility,0.18181818181818182,1.0
embark,0.18181818181818182,1.0
anchored,0.18181818181818182,1.0
collateral,0.18181818181818182,1.0
fallout,0.18181818181818182,1.0
hand,0.18181818181818182,1.0
tax,0.18181818181818182,1.0
deploy,0.18181818181818182,1.0
layoff,0.18181818181818182,1.0
description,0.18181818181818182,1.0
heighten,0.18181818181818182,1.0
deficit,0.18181818181818182,1.0
crises,0.18181818181818182,1.0
carnegie,0.18181818181818182,1.0
fill,0.18181818181818182,1.0
road,0.18181818181818182,1.0
prospects,0.18181818181818182,1.0
explicitly,0.18181818181818182,1.0
sound,0.18181818181818182,1.0
reig,0.18181818181818182,1.0
buffet,0.18181818181818182,1.0
operation,0.18181818181818182,1.0
blog,0.18181818181818182,1.0
shape,0.18181818181818182,1.0
consensus,0.18181818181818182,1.0
achievement,0.18181818181818182,1.0
online,0.18181818181818182,1.0
jan,0.18181818181818182,1.0
closing,0.18181818181818182,1.0
steep,0.18181818181818182,1.0
weight,0.18181818181818182,1.0
bust,0.18181818181818182,1.0
efficient,0.18181818181818182,1.0
cover,0.18181818181818182,1.0
society,0.18181818181818182,1.0
surprising,0.18181818181818182,1.0
song,0.18181818181818182,1.0
get,0.18181818181818182,1.0
lay,0.18181818181818182,1.0
entire,0.18181818181818182,1.0
science,0.18181818181818182,1.0
underpin,0.18181818181818182,1.0
discretion,0.18181818181818182,1.0
accumulate,0.18181818181818182,1.0
respectively,0.18181818181818182,1.0
odd,0.18181818181818182,1.0
prolonged,0.18181818181818182,1.0
cautious,0.18181818181818182,1.0
inadvertently,0.18181818181818182,1.0
reaction,0.18181818181818182,1.0
fisher,0.18181818181818182,1.0
principles,0.18181818181818182,1.0
abruptly,0.18181818181818182,1.0
react,0.18181818181818182,1.0
stabilizer,0.18181818181818182,1.0
rest,0.18181818181818182,1.0
lopez,0.18181818181818182,1.0
kind,0.18181818181818182,1.0
shortly,0.18181818181818182,1.0
automatic,0.18181818181818182,1.0
originally,0.18181818181818182,1.0
join,0.18181818181818182,1.0
q4,0.18181818181818182,1.0
outstanding,0.18181818181818182,1.0
smooth,0.18181818181818182,1.0
propose,0.18181818181818182,1.0
crucial,0.18181818181818182,1.0
pleased,0.18181818181818182,1.0
competition,0.18181818181818182,1.0
introduction,0.18181818181818182,1.0
establish,0.18181818181818182,1.0
softness,0.18181818181818182,1.0
reminder,0.18181818181818182,1.0
task,0.18181818181818182,1.0
fight,0.18181818181818182,1.0
deserve,0.18181818181818182,1.0
stephanie,0.18181818181818182,1.0
realize,0.18181818181818182,1.0
suit,0.18181818181818182,1.0
timely,0.18181818181818182,1.0
obvious,0.18181818181818182,1.0
educational,0.18181818181818182,1.0
black,0.18181818181818182,1.0
appreciable,0.18181818181818182,1.0
felix,0.18181818181818182,1.0
agreement,0.18181818181818182,1.0
aaronson,0.18181818181818182,1.0
winter,0.18181818181818182,1.0
unlikely,0.18181818181818182,1.0
dash,0.18181818181818182,1.0
reduced,0.18181818181818182,1.0
happen,0.18181818181818182,1.0
car,0.18181818181818182,1.0
specifically,0.18181818181818182,1.0
ethan,0.18181818181818182,1.0
jae,0.18181818181818182,1.0
residual,0.18181818181818182,1.0
envision,0.18181818181818182,1.0
attribute,0.18181818181818182,1.0
abrupt,0.18181818181818182,1.0
usually,0.18181818181818182,1.0
overnight,0.18181818181818182,1.0
lend,0.18181818181818182,1.0
bubble,0.18181818181818182,1.0
tendency,0.18181818181818182,1.0
holston,0.18181818181818182,1.0
deposit,0.18181818181818182,1.0
emergency,0.13636363636363635,1.0
quantify,0.13636363636363635,1.0
ii,0.13636363636363635,1.0
topic,0.13636363636363635,1.0
jonas,0.13636363636363635,1.0
fulfil,0.13636363636363635,1.0
break,0.13636363636363635,1.0
turbulence,0.13636363636363635,1.0
homeowner,0.13636363636363635,1.0
opt,0.13636363636363635,1.0
narrow,0.13636363636363635,1.0
exactly,0.13636363636363635,1.0
entail,0.13636363636363635,1.0
spencer,0.13636363636363635,1.0
denote,0.13636363636363635,1.0
teenager,0.13636363636363635,1.0
promise,0.13636363636363635,1.0
inherently,0.13636363636363635,1.0
discount,0.13636363636363635,1.0
wright,0.13636363636363635,1.0
machine,0.13636363636363635,1.0
student,0.13636363636363635,1.0
nonlinear,0.13636363636363635,1.0
underutilization,0.13636363636363635,1.0
tandem,0.13636363636363635,1.0
consist,0.13636363636363635,1.0
shed,0.13636363636363635,1.0
brynjolfsson,0.13636363636363635,1.0
terrible,0.13636363636363635,1.0
heart,0.13636363636363635,1.0
suited,0.13636363636363635,1.0
occasionally,0.13636363636363635,1.0
extension,0.13636363636363635,1.0
guess,0.13636363636363635,1.0
accounting,0.13636363636363635,1.0
man,0.13636363636363635,1.0
implicit,0.13636363636363635,1.0
score,0.13636363636363635,1.0
function,0.13636363636363635,1.0
skilled,0.13636363636363635,1.0
matthes,0.13636363636363635,1.0
leg,0.13636363636363635,1.0
material,0.13636363636363635,1.0
equipment,0.13636363636363635,1.0
opposite,0.13636363636363635,1.0
stein,0.13636363636363635,1.0
active,0.13636363636363635,1.0
bolster,0.13636363636363635,1.0
durable,0.13636363636363635,1.0
sack,0.13636363636363635,1.0
inevitable,0.13636363636363635,1.0
mainly,0.13636363636363635,1.0
evans,0.13636363636363635,1.0
practical,0.13636363636363635,1.0
deliberation,0.13636363636363635,1.0
continuously,0.13636363636363635,1.0
roberto,0.13636363636363635,1.0
transaction,0.13636363636363635,1.0
hatzius,0.13636363636363635,1.0
nationally,0.13636363636363635,1.0
nakata,0.13636363636363635,1.0
claim,0.13636363636363635,1.0
conflict,0.13636363636363635,1.0
prescription,0.13636363636363635,1.0
company,0.13636363636363635,1.0
johnson,0.13636363636363635,1.0
producer,0.13636363636363635,1.0
unprecedented,0.13636363636363635,1.0
regardless,0.13636363636363635,1.0
kenneth,0.13636363636363635,1.0
tenth,0.13636363636363635,1.0
methodology,0.13636363636363635,1.0
julie,0.13636363636363635,1.0
respondent,0.13636363636363635,1.0
caution,0.13636363636363635,1.0
1960,0.13636363636363635,1.0
precise,0.13636363636363635,1.0
slip,0.13636363636363635,1.0
questions,0.13636363636363635,1.0
exhibit,0.13636363636363635,1.0
sensitive,0.13636363636363635,1.0
remache,0.13636363636363635,1.0
usefulness,0.13636363636363635,1.0
rap,0.13636363636363635,1.0
undershooting,0.13636363636363635,1.0
funds,0.13636363636363635,1.0
senate,0.13636363636363635,1.0
hamilton,0.13636363636363635,1.0
detailed,0.13636363636363635,1.0
respect,0.13636363636363635,1.0
krane,0.13636363636363635,1.0
erceg,0.13636363636363635,1.0
unclear,0.13636363636363635,1.0
impact,0.13636363636363635,1.0
bart,0.13636363636363635,1.0
daly,0.13636363636363635,1.0
noisy,0.13636363636363635,1.0
differently,0.13636363636363635,1.0
challenges,0.13636363636363635,1.0
ihrig,0.13636363636363635,1.0
jeremy,0.13636363636363635,1.0
chapter,0.13636363636363635,1.0
krueger,0.13636363636363635,1.0
leadership,0.13636363636363635,1.0
composition,0.13636363636363635,1.0
supportive,0.13636363636363635,1.0
fair,0.13636363636363635,1.0
familiar,0.13636363636363635,1.0
complexity,0.13636363636363635,1.0
eat,0.13636363636363635,1.0
white,0.13636363636363635,1.0
mcafee,0.13636363636363635,1.0
spread,0.13636363636363635,1.0
trigger,0.13636363636363635,1.0
sustainability,0.13636363636363635,1.0
commodity,0.13636363636363635,1.0
focused,0.13636363636363635,1.0
table,0.13636363636363635,1.0
nonprofit,0.13636363636363635,1.0
coen,0.13636363636363635,1.0
touch,0.13636363636363635,1.0
owe,0.13636363636363635,1.0
webpage,0.13636363636363635,1.0
teulings,0.13636363636363635,1.0
perform,0.13636363636363635,1.0
javier,0.13636363636363635,1.0
sum,0.13636363636363635,1.0
impair,0.13636363636363635,1.0
unanticipated,0.13636363636363635,1.0
brilliant,0.13636363636363635,1.0
california,0.13636363636363635,1.0
underwater,0.13636363636363635,1.0
consequences,0.13636363636363635,1.0
parent,0.13636363636363635,1.0
cumulative,0.13636363636363635,1.0
choice,0.13636363636363635,1.0
frequency,0.13636363636363635,1.0
fruit,0.13636363636363635,1.0
baldwin,0.13636363636363635,1.0
hysteresis,0.13636363636363635,1.0
deleverage,0.13636363636363635,1.0
reaffirm,0.13636363636363635,1.0
schorfheide,0.13636363636363635,1.0
ecb,0.13636363636363635,1.0
okun,0.13636363636363635,1.0
frankfurt,0.13636363636363635,1.0
functioning,0.13636363636363635,1.0
revenue,0.13636363636363635,1.0
threshold,0.13636363636363635,1.0
constraints,0.13636363636363635,1.0
infer,0.13636363636363635,1.0
wilson,0.13636363636363635,1.0
naturally,0.13636363636363635,1.0
attendant,0.13636363636363635,1.0
accuracy,0.13636363636363635,1.0
tracker,0.13636363636363635,1.0
remember,0.13636363636363635,1.0
person,0.13636363636363635,1.0
commercial,0.13636363636363635,1.0
dissipate,0.13636363636363635,1.0
panel,0.13636363636363635,1.0
joseph,0.13636363636363635,1.0
strategic,0.13636363636363635,1.0
reasonable,0.13636363636363635,1.0
typical,0.13636363636363635,1.0
foundation,0.13636363636363635,1.0
write,0.13636363636363635,1.0
academic,0.13636363636363635,1.0
luca,0.13636363636363635,1.0
baby,0.13636363636363635,1.0
anil,0.13636363636363635,1.0
occasion,0.13636363636363635,1.0
chung,0.13636363636363635,1.0
haltiwanger,0.13636363636363635,1.0
emphasis,0.13636363636363635,1.0
last,0.13636363636363635,1.0
worry,0.13636363636363635,1.0
hobijn,0.13636363636363635,1.0
precision,0.13636363636363635,1.0
overshoot,0.13636363636363635,1.0
easily,0.13636363636363635,1.0
mix,0.13636363636363635,1.0
sell,0.13636363636363635,1.0
causes,0.13636363636363635,1.0
relationships,0.13636363636363635,1.0
subtract,0.13636363636363635,1.0
significance,0.13636363636363635,1.0
billi,0.13636363636363635,1.0
rigidities,0.13636363636363635,1.0
congressionally,0.13636363636363635,1.0
friction,0.13636363636363635,1.0
hess,0.13636363636363635,1.0
word,0.13636363636363635,1.0
parker,0.13636363636363635,1.0
severity,0.13636363636363635,1.0
richmond,0.13636363636363635,1.0
markets,0.13636363636363635,1.0
repair,0.13636363636363635,1.0
square,0.13636363636363635,1.0
analyze,0.13636363636363635,1.0
broker,0.13636363636363635,1.0
greatly,0.13636363636363635,1.0
autoregression,0.13636363636363635,1.0
ratchet,0.13636363636363635,1.0
painful,0.13636363636363635,1.0
fashion,0.13636363636363635,1.0
specification,0.13636363636363635,1.0
connection,0.13636363636363635,1.0
card,0.13636363636363635,1.0
bar,0.13636363636363635,1.0
grant,0.13636363636363635,1.0
phase,0.13636363636363635,1.0
capable,0.13636363636363635,1.0
imbalance,0.13636363636363635,1.0
enterprise,0.13636363636363635,1.0
statutory,0.13636363636363635,1.0
workers,0.13636363636363635,1.0
merely,0.13636363636363635,1.0
magnitude,0.13636363636363635,1.0
regime,0.13636363636363635,1.0
tips,0.13636363636363635,1.0
responsible,0.13636363636363635,1.0
immediate,0.13636363636363635,1.0
jump,0.13636363636363635,1.0
cap,0.13636363636363635,1.0
transformation,0.13636363636363635,1.0
leader,0.13636363636363635,1.0
proviso,0.13636363636363635,1.0
lessons,0.13636363636363635,1.0
halt,0.13636363636363635,1.0
vulnerability,0.13636363636363635,1.0
supervision,0.13636363636363635,1.0
policymake,0.13636363636363635,1.0
characterize,0.13636363636363635,1.0
globalization,0.13636363636363635,1.0
minsky,0.13636363636363635,1.0
complement,0.13636363636363635,1.0
sideline,0.13636363636363635,1.0
innovative,0.13636363636363635,1.0
background,0.13636363636363635,1.0
vector,0.13636363636363635,1.0
contain,0.13636363636363635,1.0
divergence,0.13636363636363635,1.0
deviate,0.13636363636363635,1.0
pricing,0.13636363636363635,1.0
careful,0.13636363636363635,1.0
association,0.13636363636363635,1.0
lean,0.13636363636363635,1.0
interpret,0.13636363636363635,1.0
fit,0.13636363636363635,1.0
paragraph,0.13636363636363635,1.0
story,0.13636363636363635,1.0
identification,0.13636363636363635,1.0
forum,0.13636363636363635,1.0
revival,0.13636363636363635,1.0
elliott,0.13636363636363635,1.0
plausible,0.13636363636363635,1.0
crash,0.13636363636363635,1.0
gas,0.13636363636363635,1.0
fluctuate,0.13636363636363635,1.0
hear,0.13636363636363635,1.0
arguably,0.13636363636363635,1.0
affordable,0.13636363636363635,1.0
willingness,0.13636363636363635,1.0
direct,0.13636363636363635,1.0
restriction,0.13636363636363635,1.0
-year,0.13636363636363635,1.0
spring,0.13636363636363635,1.0
1980s,0.13636363636363635,1.0
mature,0.13636363636363635,1.0
repayment,0.13636363636363635,1.0
depository,0.13636363636363635,1.0
union,0.13636363636363635,1.0
outline,0.13636363636363635,1.0
construct,0.13636363636363635,1.0
caveat,0.13636363636363635,1.0
notwithstanding,0.13636363636363635,1.0
prescribe,0.13636363636363635,1.0
compute,0.13636363636363635,1.0
limitation,0.13636363636363635,1.0
surprised,0.13636363636363635,1.0
speculatively,0.13636363636363635,1.0
giovanni,0.13636363636363635,1.0
sample,0.13636363636363635,1.0
participate,0.13636363636363635,1.0
q2,0.13636363636363635,1.0
hypothesis,0.13636363636363635,1.0
raskin,0.13636363636363635,1.0
prime,0.13636363636363635,1.0
calculation,0.13636363636363635,1.0
reality,0.13636363636363635,1.0
regulation,0.13636363636363635,1.0
sim,0.13636363636363635,1.0
gagnon,0.13636363636363635,1.0
simulated,0.13636363636363635,1.0
dealer,0.13636363636363635,1.0
contract,0.13636363636363635,1.0
louis,0.13636363636363635,1.0
shadow,0.13636363636363635,1.0
following,0.13636363636363635,1.0
mixed,0.13636363636363635,1.0
reiterate,0.13636363636363635,1.0
rebound,0.13636363636363635,1.0
engage,0.13636363636363635,1.0
reinveste,0.13636363636363635,1.0
rational,0.13636363636363635,1.0
researcher,0.13636363636363635,1.0
supplementary,0.13636363636363635,1.0
prices,0.13636363636363635,1.0
undertake,0.13636363636363635,1.0
corresponding,0.13636363636363635,1.0
street,0.13636363636363635,1.0
permanently,0.13636363636363635,1.0
scarce,0.13636363636363635,1.0
programmes,0.13636363636363635,1.0
right,0.13636363636363635,1.0
derivative,0.13636363636363635,1.0
oversight,0.13636363636363635,1.0
costly,0.13636363636363635,1.0
tambalotti,0.13636363636363635,1.0
confine,0.13636363636363635,1.0
overcome,0.13636363636363635,1.0
technical,0.13636363636363635,1.0
entirely,0.13636363636363635,1.0
shortcoming,0.13636363636363635,1.0
reluctant,0.13636363636363635,1.0
message,0.13636363636363635,1.0
motor,0.13636363636363635,1.0
minimize,0.13636363636363635,1.0
root,0.13636363636363635,1.0
guard,0.13636363636363635,1.0
legislation,0.13636363636363635,1.0
presence,0.13636363636363635,1.0
explore,0.13636363636363635,1.0
decompose,0.13636363636363635,1.0
announcement,0.13636363636363635,1.0
provision,0.13636363636363635,1.0
finding,0.13636363636363635,1.0
acquire,0.13636363636363635,1.0
andrea,0.13636363636363635,1.0
extremely,0.13636363636363635,1.0
surveys,0.13636363636363635,1.0
observer,0.13636363636363635,1.0
acknowledge,0.13636363636363635,1.0
instructive,0.13636363636363635,1.0
insufficient,0.13636363636363635,1.0
green,0.13636363636363635,1.0
requirements,0.13636363636363635,1.0
appreciate,0.13636363636363635,1.0
chinese,0.13636363636363635,1.0
advocate,0.13636363636363635,1.0
counter,0.13636363636363635,1.0
dependence,0.13636363636363635,1.0
realtime,0.09090909090909091,1.0
semiannual,0.09090909090909091,1.0
upshot,0.09090909090909091,1.0
tip,0.09090909090909091,1.0
social,0.09090909090909091,1.0
firms,0.09090909090909091,1.0
multiply,0.09090909090909091,1.0
elmar,0.09090909090909091,1.0
taper,0.09090909090909091,1.0
stagflation,0.09090909090909091,1.0
select,0.09090909090909091,1.0
exercise,0.09090909090909091,1.0
complication,0.09090909090909091,1.0
publication,0.09090909090909091,1.0
conceptually,0.09090909090909091,1.0
pertinent,0.09090909090909091,1.0
johannsen,0.09090909090909091,1.0
simulate,0.09090909090909091,1.0
francois,0.09090909090909091,1.0
anchoring,0.09090909090909091,1.0
reports,0.09090909090909091,1.0
restrict,0.09090909090909091,1.0
inventory,0.09090909090909091,1.0
inappropriate,0.09090909090909091,1.0
todd,0.09090909090909091,1.0
up,0.09090909090909091,1.0
preliminary,0.09090909090909091,1.0
column,0.09090909090909091,1.0
bankruptcy,0.09090909090909091,1.0
stochastic,0.09090909090909091,1.0
rebuttal,0.09090909090909091,1.0
benchmark,0.09090909090909091,1.0
proceeding,0.09090909090909091,1.0
arrive,0.09090909090909091,1.0
argia,0.09090909090909091,1.0
petroleum,0.09090909090909091,1.0
peneva,0.09090909090909091,1.0
inherent,0.09090909090909091,1.0
problematic,0.09090909090909091,1.0
publicly,0.09090909090909091,1.0
unintended,0.09090909090909091,1.0
estimated,0.09090909090909091,1.0
ron,0.09090909090909091,1.0
technique,0.09090909090909091,1.0
idiosyncratic,0.09090909090909091,1.0
appendix,0.09090909090909091,1.0
fortunately,0.09090909090909091,1.0
shocks,0.09090909090909091,1.0
credibility,0.09090909090909091,1.0
lackluster,0.09090909090909091,1.0
phrase,0.09090909090909091,1.0
apparently,0.09090909090909091,1.0
jarmin,0.09090909090909091,1.0
emergence,0.09090909090909091,1.0
ohio,0.09090909090909091,1.0
length,0.09090909090909091,1.0
slump,0.09090909090909091,1.0
textbook,0.09090909090909091,1.0
approaches,0.09090909090909091,1.0
coin,0.09090909090909091,1.0
quantitatively,0.09090909090909091,1.0
panacea,0.09090909090909091,1.0
eliminate,0.09090909090909091,1.0
log,0.09090909090909091,1.0
enhanced,0.09090909090909091,1.0
shaded,0.09090909090909091,1.0
impede,0.09090909090909091,1.0
bonus,0.09090909090909091,1.0
extrapolation,0.09090909090909091,1.0
tomasz,0.09090909090909091,1.0
attractive,0.09090909090909091,1.0
adequately,0.09090909090909091,1.0
urban,0.09090909090909091,1.0
tracking,0.09090909090909091,1.0
vasco,0.09090909090909091,1.0
content,0.09090909090909091,1.0
timmermann,0.09090909090909091,1.0
mertens,0.09090909090909091,1.0
hypothetical,0.09090909090909091,1.0
unwise,0.09090909090909091,1.0
precipitate,0.09090909090909091,1.0
display,0.09090909090909091,1.0
formulate,0.09090909090909091,1.0
hurt,0.09090909090909091,1.0
peterson,0.09090909090909091,1.0
frbny,0.09090909090909091,1.0
operational,0.09090909090909091,1.0
peter,0.09090909090909091,1.0
separate,0.09090909090909091,1.0
destabilize,0.09090909090909091,1.0
alberto,0.09090909090909091,1.0
predictably,0.09090909090909091,1.0
recessions,0.09090909090909091,1.0
shopping,0.09090909090909091,1.0
entrant,0.09090909090909091,1.0
qualitatively,0.09090909090909091,1.0
tantrum,0.09090909090909091,1.0
nonpartisan,0.09090909090909091,1.0
align,0.09090909090909091,1.0
risky,0.09090909090909091,1.0
embody,0.09090909090909091,1.0
irma,0.09090909090909091,1.0
misspecifie,0.09090909090909091,1.0
variant,0.09090909090909091,1.0
remarks,0.09090909090909091,1.0
computer,0.09090909090909091,1.0
counterpartie,0.09090909090909091,1.0
hindsight,0.09090909090909091,1.0
roll,0.09090909090909091,1.0
underestimate,0.09090909090909091,1.0
puzzle,0.09090909090909091,1.0
affairs,0.09090909090909091,1.0
routinely,0.09090909090909091,1.0
wieladek,0.09090909090909091,1.0
reliably,0.09090909090909091,1.0
derive,0.09090909090909091,1.0
don,0.09090909090909091,1.0
eye,0.09090909090909091,1.0
painfully,0.09090909090909091,1.0
demise,0.09090909090909091,1.0
transmit,0.09090909090909091,1.0
cee,0.09090909090909091,1.0
krugman,0.09090909090909091,1.0
sheets,0.09090909090909091,1.0
consequently,0.09090909090909091,1.0
dotted,0.09090909090909091,1.0
tetlow,0.09090909090909091,1.0
approve,0.09090909090909091,1.0
troy,0.09090909090909091,1.0
christian,0.09090909090909091,1.0
tulip,0.09090909090909091,1.0
rwp,0.09090909090909091,1.0
hover,0.09090909090909091,1.0
compromise,0.09090909090909091,1.0
measures,0.09090909090909091,1.0
unwelcome,0.09090909090909091,1.0
lubik,0.09090909090909091,1.0
minor,0.09090909090909091,1.0
strip,0.09090909090909091,1.0
bis,0.09090909090909091,1.0
restatement,0.09090909090909091,1.0
joint,0.09090909090909091,1.0
alert,0.09090909090909091,1.0
.pdf,0.09090909090909091,1.0
cutback,0.09090909090909091,1.0
advisers,0.09090909090909091,1.0
stem,0.09090909090909091,1.0
solidly,0.09090909090909091,1.0
undershoot,0.09090909090909091,1.0
responsive,0.09090909090909091,1.0
successfully,0.09090909090909091,1.0
considerations,0.09090909090909091,1.0
securities,0.09090909090909091,1.0
observable,0.09090909090909091,1.0
medicare,0.09090909090909091,1.0
distress,0.09090909090909091,1.0
i.,0.09090909090909091,1.0
impossible,0.09090909090909091,1.0
weighted,0.09090909090909091,1.0
bauer,0.09090909090909091,1.0
orderly,0.09090909090909091,1.0
conditional,0.09090909090909091,1.0
augment,0.09090909090909091,1.0
passively,0.09090909090909091,1.0
ferrero,0.09090909090909091,1.0
liability,0.09090909090909091,1.0
fischer,0.09090909090909091,1.0
interval,0.09090909090909091,1.0
justiniano,0.09090909090909091,1.0
identity,0.09090909090909091,1.0
aversion,0.09090909090909091,1.0
actions,0.09090909090909091,1.0
cepr,0.09090909090909091,1.0
expose,0.09090909090909091,1.0
hanging,0.09090909090909091,1.0
band,0.09090909090909091,1.0
spill,0.09090909090909091,1.0
factual,0.09090909090909091,1.0
florida,0.09090909090909091,1.0
port,0.09090909090909091,1.0
frequently,0.09090909090909091,1.0
reinvest,0.09090909090909091,1.0
sick,0.09090909090909091,1.0
institutional,0.09090909090909091,1.0
breakthrough,0.09090909090909091,1.0
will,0.09090909090909091,1.0
disposable,0.09090909090909091,1.0
regression,0.09090909090909091,1.0
outweigh,0.09090909090909091,1.0
got,0.09090909090909091,1.0
vastly,0.09090909090909091,1.0
ging,0.09090909090909091,1.0
hutchins,0.09090909090909091,1.0
linkage,0.09090909090909091,1.0
dramatic,0.09090909090909091,1.0
input,0.09090909090909091,1.0
livelihood,0.09090909090909091,1.0
industrial,0.09090909090909091,1.0
clark,0.09090909090909091,1.0
entrepreneurship,0.09090909090909091,1.0
check,0.09090909090909091,1.0
europe,0.09090909090909091,1.0
hispanic,0.09090909090909091,1.0
commerce,0.09090909090909091,1.0
mokyr,0.09090909090909091,1.0
dispute,0.09090909090909091,1.0
conducive,0.09090909090909091,1.0
array,0.09090909090909091,1.0
simon,0.09090909090909091,1.0
atif,0.09090909090909091,1.0
amplify,0.09090909090909091,1.0
impressive,0.09090909090909091,1.0
hoey,0.09090909090909091,1.0
strike,0.09090909090909091,1.0
reap,0.09090909090909091,1.0
analyst,0.09090909090909091,1.0
retain,0.09090909090909091,1.0
shiller,0.09090909090909091,1.0
wrench,0.09090909090909091,1.0
annualize,0.09090909090909091,1.0
erik,0.09090909090909091,1.0
amir,0.09090909090909091,1.0
eggertsson,0.09090909090909091,1.0
save,0.09090909090909091,1.0
sbordone,0.09090909090909091,1.0
jon,0.09090909090909091,1.0
walk,0.09090909090909091,1.0
emanate,0.09090909090909091,1.0
disentangle,0.09090909090909091,1.0
lópez,0.09090909090909091,1.0
kashyap,0.09090909090909091,1.0
manufacturer,0.09090909090909091,1.0
remarkable,0.09090909090909091,1.0
deleveraging,0.09090909090909091,1.0
programs,0.09090909090909091,1.0
weakening,0.09090909090909091,1.0
foot,0.09090909090909091,1.0
entry,0.09090909090909091,1.0
shade,0.09090909090909091,1.0
delighted,0.09090909090909091,1.0
unresolved,0.09090909090909091,1.0
chronically,0.09090909090909091,1.0
tradition,0.09090909090909091,1.0
conceivable,0.09090909090909091,1.0
outflow,0.09090909090909091,1.0
solow,0.09090909090909091,1.0
renew,0.09090909090909091,1.0
preferred,0.09090909090909091,1.0
rev,0.09090909090909091,1.0
indirect,0.09090909090909091,1.0
sit,0.09090909090909091,1.0
integration,0.09090909090909091,1.0
harbinger,0.09090909090909091,1.0
myth,0.09090909090909091,1.0
referendum,0.09090909090909091,1.0
civil,0.09090909090909091,1.0
complicated,0.09090909090909091,1.0
mild,0.09090909090909091,1.0
alleviate,0.09090909090909091,1.0
retrospect,0.09090909090909091,1.0
beverage,0.09090909090909091,1.0
treat,0.09090909090909091,1.0
chain,0.09090909090909091,1.0
abstract,0.09090909090909091,1.0
forceful,0.09090909090909091,1.0
prominently,0.09090909090909091,1.0
boomer,0.09090909090909091,1.0
seasonality,0.09090909090909091,1.0
hint,0.09090909090909091,1.0
kamin,0.09090909090909091,1.0
trading,0.09090909090909091,1.0
tentative,0.09090909090909091,1.0
nicholas,0.09090909090909091,1.0
yes,0.09090909090909091,1.0
exit,0.09090909090909091,1.0
concerned,0.09090909090909091,1.0
investigate,0.09090909090909091,1.0
expense,0.09090909090909091,1.0
guarantee,0.09090909090909091,1.0
comfortable,0.09090909090909091,1.0
label,0.09090909090909091,1.0
ng,0.09090909090909091,1.0
guido,0.09090909090909091,1.0
importer,0.09090909090909091,1.0
turning,0.09090909090909091,1.0
mishkin,0.09090909090909091,1.0
globe,0.09090909090909091,1.0
giorgio,0.09090909090909091,1.0
implicitly,0.09090909090909091,1.0
ryan,0.09090909090909091,1.0
basic,0.09090909090909091,1.0
slash,0.09090909090909091,1.0
frederic,0.09090909090909091,1.0
footing,0.09090909090909091,1.0
decker,0.09090909090909091,1.0
accelerator,0.09090909090909091,1.0
combat,0.09090909090909091,1.0
draft,0.09090909090909091,1.0
eci,0.09090909090909091,1.0
exception,0.09090909090909091,1.0
advantage,0.09090909090909091,1.0
specify,0.09090909090909091,1.0
coast,0.09090909090909091,1.0
aggressive,0.09090909090909091,1.0
lately,0.09090909090909091,1.0
mid,0.09090909090909091,1.0
theoretical,0.09090909090909091,1.0
indirectly,0.09090909090909091,1.0
semiconductor,0.09090909090909091,1.0
sufi,0.09090909090909091,1.0
prevalence,0.09090909090909091,1.0
truth,0.09090909090909091,1.0
better,0.09090909090909091,1.0
down,0.09090909090909091,1.0
valuable,0.09090909090909091,1.0
marginal,0.09090909090909091,1.0
intuition,0.09090909090909091,1.0
agent,0.09090909090909091,1.0
substitute,0.09090909090909091,1.0
diminution,0.09090909090909091,1.0
françois,0.09090909090909091,1.0
estimation,0.09090909090909091,1.0
disappear,0.09090909090909091,1.0
enumerate,0.09090909090909091,1.0
continually,0.09090909090909091,1.0
converge,0.09090909090909091,1.0
passive,0.09090909090909091,1.0
extensively,0.09090909090909091,1.0
observed,0.09090909090909091,1.0
sequence,0.09090909090909091,1.0
spillovers,0.09090909090909091,1.0
intensity,0.09090909090909091,1.0
leonardo,0.09090909090909091,1.0
faust,0.09090909090909091,1.0
explanatory,0.09090909090909091,1.0
watching,0.09090909090909091,1.0
overheated,0.09090909090909091,1.0
convincing,0.09090909090909091,1.0
graham,0.09090909090909091,1.0
allan,0.09090909090909091,1.0
expanded,0.09090909090909091,1.0
econometrica,0.09090909090909091,1.0
cpi,0.09090909090909091,1.0
alejandro,0.09090909090909091,1.0
depreciation,0.09090909090909091,1.0
reflection,0.09090909090909091,1.0
stanley,0.09090909090909091,1.0
miranda,0.09090909090909091,1.0
purple,0.09090909090909091,1.0
f.,0.09090909090909091,1.0
approximately,0.09090909090909091,1.0
gauti,0.09090909090909091,1.0
restraining,0.09090909090909091,1.0
eligible,0.09090909090909091,1.0
perspectives,0.09090909090909091,1.0
h2,0.09090909090909091,1.0
cowen,0.09090909090909091,1.0
acute,0.09090909090909091,1.0
flatten,0.09090909090909091,1.0
fernald,0.09090909090909091,1.0
economically,0.09090909090909091,1.0
coefficient,0.09090909090909091,1.0
squarely,0.09090909090909091,1.0
blinder,0.09090909090909091,1.0
primiceri,0.09090909090909091,1.0
linger,0.09090909090909091,1.0
hang,0.09090909090909091,1.0
informational,0.09090909090909091,1.0
impress,0.09090909090909091,1.0
accelerationist,0.09090909090909091,1.0
davig,0.09090909090909091,1.0
taxis,0.09090909090909091,1.0
valuation,0.09090909090909091,1.0
plot,0.09090909090909091,1.0
rent,0.09090909090909091,1.0
correspondingly,0.09090909090909091,1.0
consume,0.09090909090909091,1.0
mian,0.09090909090909091,1.0
cures,0.09090909090909091,1.0
infrastructure,0.09090909090909091,1.0
modeling,0.09090909090909091,1.0
usefully,0.09090909090909091,1.0
profession,0.09090909090909091,1.0
glad,0.09090909090909091,1.0
calibrate,0.09090909090909091,1.0
post-,0.09090909090909091,1.0
vein,0.09090909090909091,1.0
sudden,0.09090909090909091,1.0
divide,0.09090909090909091,1.0
waning,0.09090909090909091,1.0
responsiveness,0.09090909090909091,1.0
posen,0.09090909090909091,1.0
feed,0.09090909090909091,1.0
contemporaneous,0.09090909090909091,1.0
decomposition,0.09090909090909091,1.0
ordinary,0.09090909090909091,1.0
exaggerate,0.09090909090909091,1.0
erode,0.09090909090909091,1.0
den,0.09090909090909091,1.0
mindful,0.09090909090909091,1.0
inspire,0.09090909090909091,1.0
deteriorate,0.09090909090909091,1.0
shigeru,0.09090909090909091,1.0
retire,0.09090909090909091,1.0
differential,0.09090909090909091,1.0
sahin,0.09090909090909091,1.0
evaluation,0.09090909090909091,1.0
extraordinarily,0.09090909090909091,1.0
economists,0.09090909090909091,1.0
texas,0.09090909090909091,1.0
meaningful,0.09090909090909091,1.0
nonfinancial,0.09090909090909091,1.0
attempt,0.09090909090909091,1.0
levin,0.09090909090909091,1.0
surcharge,0.09090909090909091,1.0
econometric,0.09090909090909091,1.0
systematic,0.09090909090909091,1.0
misleading,0.09090909090909091,1.0
lessen,0.09090909090909091,1.0
proportion,0.09090909090909091,1.0
sherlund,0.09090909090909091,1.0
audience,0.09090909090909091,1.0
complicate,0.09090909090909091,1.0
camdessus,0.09090909090909091,1.0
wind,0.09090909090909091,1.0
deployment,0.09090909090909091,1.0
prolong,0.09090909090909091,1.0
examination,0.09090909090909091,1.0
field,0.09090909090909091,1.0
harsh,0.09090909090909091,1.0
skander,0.09090909090909091,1.0
driver,0.09090909090909091,1.0
educate,0.09090909090909091,1.0
sectoral,0.09090909090909091,1.0
expensive,0.09090909090909091,1.0
status,0.09090909090909091,1.0
rolls,0.09090909090909091,1.0
companies,0.09090909090909091,1.0
vacancy,0.09090909090909091,1.0
mass,0.09090909090909091,1.0
systematically,0.09090909090909091,1.0
determination,0.09090909090909091,1.0
dramatically,0.09090909090909091,1.0
swift,0.09090909090909091,1.0
tim,0.09090909090909091,1.0
planning,0.09090909090909091,1.0
tobias,0.09090909090909091,1.0
outcomes,0.09090909090909091,1.0
ellen,0.09090909090909091,1.0
unwind,0.09090909090909091,1.0
disadvantage,0.09090909090909091,1.0
prominent,0.09090909090909091,1.0
picture,0.09090909090909091,1.0
unduly,0.09090909090909091,1.0
safe,0.09090909090909091,1.0
sensible,0.09090909090909091,1.0
terry,0.09090909090909091,1.0
depressed,0.09090909090909091,1.0
policymaking,0.09090909090909091,1.0
lastly,0.09090909090909091,1.0
disability,0.09090909090909091,1.0
convenience,0.09090909090909091,1.0
durability,0.09090909090909091,1.0
dominant,0.09090909090909091,1.0
uneven,0.09090909090909091,1.0
store,0.09090909090909091,1.0
tie,0.09090909090909091,1.0
u.k.,0.09090909090909091,1.0
mutual,0.09090909090909091,1.0
materialize,0.09090909090909091,1.0
options,0.09090909090909091,1.0
visit,0.09090909090909091,1.0
formula,0.09090909090909091,1.0
attract,0.09090909090909091,1.0
encompass,0.09090909090909091,1.0
connect,0.09090909090909091,1.0
variation,0.09090909090909091,1.0
recall,0.09090909090909091,1.0
reliant,0.09090909090909091,1.0
jerome,0.09090909090909091,1.0
testing,0.09090909090909091,1.0
hyman,0.09090909090909091,1.0
earnings,0.09090909090909091,1.0
northeast,0.09090909090909091,1.0
liftoff,0.09090909090909091,1.0
duggan,0.09090909090909091,1.0
interconnection,0.09090909090909091,1.0
jinill,0.09090909090909091,1.0
liquid,0.09090909090909091,1.0
prudential,0.09090909090909091,1.0
stringent,0.09090909090909091,1.0
permanent,0.09090909090909091,1.0
translate,0.09090909090909091,1.0
allowance,0.09090909090909091,1.0
repay,0.09090909090909091,1.0
outpace,0.09090909090909091,1.0
-september,0.09090909090909091,1.0
enrollment,0.09090909090909091,1.0
nekarda,0.09090909090909091,1.0
bulletin,0.09090909090909091,1.0
calif.,0.09090909090909091,1.0
heuvel,0.09090909090909091,1.0
harmful,0.09090909090909091,1.0
rarely,0.09090909090909091,1.0
pull,0.09090909090909091,1.0
hyun,0.09090909090909091,1.0
iii,0.09090909090909091,1.0
justify,0.09090909090909091,1.0
manufacture,0.09090909090909091,1.0
lessening,0.09090909090909091,1.0
systemically,0.09090909090909091,1.0
numerical,0.09090909090909091,1.0
metropolitan,0.09090909090909091,1.0
banque,0.09090909090909091,1.0
ground,0.09090909090909091,1.0
contributor,0.09090909090909091,1.0
allocation,0.09090909090909091,1.0
mid-2000,0.09090909090909091,1.0
nationwide,0.09090909090909091,1.0
landscape,0.09090909090909091,1.0
canada,0.09090909090909091,1.0
michel,0.09090909090909091,1.0
smoothly,0.09090909090909091,1.0
adrian,0.09090909090909091,1.0
book,0.09090909090909091,1.0
old,0.09090909090909091,1.0
resolution,0.09090909090909091,1.0
unfold,0.09090909090909091,1.0
encounter,0.09090909090909091,1.0
consistently,0.09090909090909091,1.0
straightforward,0.09090909090909091,1.0
fluctuations,0.09090909090909091,1.0
germany,0.09090909090909091,1.0
basel,0.09090909090909091,1.0
shin,0.09090909090909091,1.0
reformulate,0.09090909090909091,1.0
bend,0.09090909090909091,1.0
foresee,0.09090909090909091,1.0
gertler,0.09090909090909091,1.0
tightness,0.09090909090909091,1.0
kevin,0.09090909090909091,1.0
minimum,0.09090909090909091,1.0
suffer,0.09090909090909091,1.0
watson,0.09090909090909091,1.0
pin,0.09090909090909091,1.0
african,0.09090909090909091,1.0
supervisor,0.09090909090909091,1.0
ratner,0.09090909090909091,1.0
governor,0.09090909090909091,1.0
blunt,0.09090909090909091,1.0
intermediation,0.09090909090909091,1.0
spell,0.09090909090909091,1.0
bout,0.09090909090909091,1.0
bright,0.09090909090909091,1.0
regulator,0.09090909090909091,1.0
buoyant,0.09090909090909091,1.0
switzerland,0.09090909090909091,1.0
ensue,0.09090909090909091,1.0
initiative,0.09090909090909091,1.0
rigidity,0.09090909090909091,1.0
unstable,0.09090909090909091,1.0
designate,0.09090909090909091,1.0
fujita,0.09090909090909091,1.0
calendar,0.09090909090909091,1.0
unsustainable,0.09090909090909091,1.0
nuanced,0.09090909090909091,1.0
cheap,0.09090909090909091,1.0
interconnected,0.09090909090909091,1.0
sage,0.09090909090909091,1.0
modify,0.09090909090909091,1.0
frame,0.09090909090909091,1.0
qualitative,0.09090909090909091,1.0
needed,0.09090909090909091,1.0
mawhirter,0.09090909090909091,1.0
suspend,0.09090909090909091,1.0
enormous,0.09090909090909091,1.0
original,0.09090909090909091,1.0
lasting,0.09090909090909091,1.0
undoubtedly,0.09090909090909091,1.0
surely,0.09090909090909091,1.0
corporation,0.09090909090909091,1.0
discouraged,0.09090909090909091,1.0
exceptional,0.09090909090909091,1.0
entrepreneur,0.09090909090909091,1.0
correlate,0.09090909090909091,1.0
von,0.09090909090909091,1.0
anne,0.09090909090909091,1.0
jobless,0.09090909090909091,1.0
comparable,0.09090909090909091,1.0
st.,0.09090909090909091,1.0
efficacy,0.09090909090909091,1.0
sullivan,0.09090909090909091,1.0
associated,0.09090909090909091,1.0
stretch,0.09090909090909091,1.0
refocus,0.09090909090909091,1.0
requirement,0.09090909090909091,1.0
realistic,0.09090909090909091,1.0
dangerous,0.09090909090909091,1.0
generation,0.09090909090909091,1.0
introduce,0.09090909090909091,1.0
grateful,0.09090909090909091,1.0
henry,0.09090909090909091,1.0
normally,0.09090909090909091,1.0
escalate,0.09090909090909091,1.0
overemphasize,0.09090909090909091,1.0
weighing,0.09090909090909091,1.0
expansive,0.09090909090909091,1.0
withdraw,0.09090909090909091,1.0
rein,0.09090909090909091,1.0
displaced,0.09090909090909091,1.0
countercyclical,0.09090909090909091,1.0
fragility,0.09090909090909091,1.0
davis,0.09090909090909091,1.0
frustratingly,0.09090909090909091,1.0
internal,0.09090909090909091,1.0
salient,0.09090909090909091,1.0
coordinate,0.09090909090909091,1.0
co,0.09090909090909091,1.0
crowd,0.09090909090909091,1.0
destabilizing,0.09090909090909091,1.0
neglect,0.09090909090909091,1.0
method,0.09090909090909091,1.0
default,0.09090909090909091,1.0
recoveries,0.09090909090909091,1.0
exposure,0.09090909090909091,1.0
dokko,0.09090909090909091,1.0
shane,0.09090909090909091,1.0
secure,0.09090909090909091,1.0
thought,0.09090909090909091,1.0
arrest,0.09090909090909091,1.0
eichenbaum,0.09090909090909091,1.0
hardship,0.09090909090909091,1.0
exemplify,0.09090909090909091,1.0
spirit,0.09090909090909091,1.0
aysegul,0.09090909090909091,1.0
france,0.09090909090909091,1.0
occupation,0.09090909090909091,1.0
piece,0.09090909090909091,1.0
resort,0.09090909090909091,1.0
wish,0.09090909090909091,1.0
pledge,0.09090909090909091,1.0
pension,0.09090909090909091,1.0
howard,0.09090909090909091,1.0
class,0.09090909090909091,1.0
justin,0.09090909090909091,1.0
elsby,0.09090909090909091,1.0
threat,0.09090909090909091,1.0
pessimistic,0.09090909090909091,1.0
neighbor,0.09090909090909091,1.0
withstand,0.09090909090909091,1.0
comptroller,0.09090909090909091,1.0
wholesale,0.09090909090909091,1.0
enormously,0.09090909090909091,1.0
powerful,0.09090909090909091,1.0
wall,0.09090909090909091,1.0
experiment,0.09090909090909091,1.0
competitive,0.09090909090909091,1.0
keenly,0.09090909090909091,1.0
numerous,0.09090909090909091,1.0
2000s,0.09090909090909091,1.0
skeptical,0.09090909090909091,1.0
beth,0.09090909090909091,1.0
russell,0.09090909090909091,1.0
aid,0.09090909090909091,1.0
reflections,0.09090909090909091,1.0
distinction,0.09090909090909091,1.0
sweden,0.09090909090909091,1.0
incentive,0.09090909090909091,1.0
greg,0.09090909090909091,1.0
dennis,0.09090909090909091,1.0
christiano,0.09090909090909091,1.0
illustrative,0.09090909090909091,1.0
tradeoff,0.09090909090909091,1.0
height,0.09090909090909091,1.0
traditionally,0.09090909090909091,1.0
struggle,0.09090909090909091,1.0
fellow,0.09090909090909091,1.0
nonbank,0.09090909090909091,1.0
financially,0.09090909090909091,1.0
partner,0.09090909090909091,1.0
representative,0.09090909090909091,1.0
clearing,0.09090909090909091,1.0
autor,0.09090909090909091,1.0
talk,0.09090909090909091,1.0
doyle,0.09090909090909091,1.0
firestone,0.045454545454545456,1.0
metro,0.045454545454545456,1.0
kid,0.045454545454545456,1.0
contrary,0.045454545454545456,1.0
resolvable,0.045454545454545456,1.0
advise,0.045454545454545456,1.0
brett,0.045454545454545456,1.0
scholar,0.045454545454545456,1.0
transact,0.045454545454545456,1.0
unknown,0.045454545454545456,1.0
marriage,0.045454545454545456,1.0
harvard,0.045454545454545456,1.0
arm,0.045454545454545456,1.0
proportional,0.045454545454545456,1.0
easing,0.045454545454545456,1.0
canlin,0.045454545454545456,1.0
carlson,0.045454545454545456,1.0
trauma,0.045454545454545456,1.0
crunch,0.045454545454545456,1.0
assist,0.045454545454545456,1.0
protection,0.045454545454545456,1.0
stearns,0.045454545454545456,1.0
contraction,0.045454545454545456,1.0
footprint,0.045454545454545456,1.0
cooper,0.045454545454545456,1.0
www.federalreserve.gov/monetarypolicy/fomcprojtabl20161214.htm,0.045454545454545456,1.0
profitability,0.045454545454545456,1.0
displace,0.045454545454545456,1.0
u^{*}$$,0.045454545454545456,1.0
targeting,0.045454545454545456,1.0
kory,0.045454545454545456,1.0
privilege,0.045454545454545456,1.0
svensson,0.045454545454545456,1.0
sub,0.045454545454545456,1.0
cara,0.045454545454545456,1.0
calomiris,0.045454545454545456,1.0
endogenous,0.045454545454545456,1.0
r$$,0.045454545454545456,1.0
\pi_{t,0.045454545454545456,1.0
björn,0.045454545454545456,1.0
cph,0.045454545454545456,1.0
mag,0.045454545454545456,1.0
livio,0.045454545454545456,1.0
fernanda,0.045454545454545456,1.0
wang,0.045454545454545456,1.0
lalonde,0.045454545454545456,1.0
anemic,0.045454545454545456,1.0
u$$,0.045454545454545456,1.0
renovate,0.045454545454545456,1.0
organizational,0.045454545454545456,1.0
quarterback,0.045454545454545456,1.0
recommendation,0.045454545454545456,1.0
merrill,0.045454545454545456,1.0
ozsoy,0.045454545454545456,1.0
conceive,0.045454545454545456,1.0
solution,0.045454545454545456,1.0
regularly,0.045454545454545456,1.0
statute,0.045454545454545456,1.0
nechio,0.045454545454545456,1.0
exact,0.045454545454545456,1.0
underlay,0.045454545454545456,1.0
panic,0.045454545454545456,1.0
optimism,0.045454545454545456,1.0
tactics,0.045454545454545456,1.0
brexit,0.045454545454545456,1.0
services,0.045454545454545456,1.0
enjoy,0.045454545454545456,1.0
disappointingly,0.045454545454545456,1.0
manias,0.045454545454545456,1.0
formalize,0.045454545454545456,1.0
proposes,0.045454545454545456,1.0
r_{t,0.045454545454545456,1.0
r_{t-,0.045454545454545456,1.0
avert,0.045454545454545456,1.0
mechanically,0.045454545454545456,1.0
wgt,0.045454545454545456,1.0
.0y_{t}$$,0.045454545454545456,1.0
begenau,0.045454545454545456,1.0
https://www.clevelandfed.org/our-research/indicators-and-data/simple-monetary-policy-rules.aspx,0.045454545454545456,1.0
fhfa,0.045454545454545456,1.0
retrace,0.045454545454545456,1.0
werning,0.045454545454545456,1.0
shop,0.045454545454545456,1.0
topple,0.045454545454545456,1.0
z.,0.045454545454545456,1.0
mehmet,0.045454545454545456,1.0
\left(u^{*}-u_{t}\right)$$,0.045454545454545456,1.0
tactical,0.045454545454545456,1.0
round,0.045454545454545456,1.0
https://www.federalreserve.gov/monetarypolicy/fomcminutes20161214ep.htm,0.045454545454545456,1.0
https://www.federalreserve.gov/monetarypolicy/files/fomc_longerrungoals.pdf,0.045454545454545456,1.0
constitute,0.045454545454545456,1.0
unprecedentedly,0.045454545454545456,1.0
brake,0.045454545454545456,1.0
overheating,0.045454545454545456,1.0
reevaluation,0.045454545454545456,1.0
--including,0.045454545454545456,1.0
percentile,0.045454545454545456,1.0
compel,0.045454545454545456,1.0
breadth,0.045454545454545456,1.0
reassessment,0.045454545454545456,1.0
--see,0.045454545454545456,1.0
https://www.federalreserve.gov/newsevents/press/monetary/20140917c.htm,0.045454545454545456,1.0
tactic,0.045454545454545456,1.0
overwhelming,0.045454545454545456,1.0
worsen,0.045454545454545456,1.0
asians,0.045454545454545456,1.0
lingering,0.045454545454545456,1.0
works,0.045454545454545456,1.0
li,0.045454545454545456,1.0
surge,0.045454545454545456,1.0
y$$,0.045454545454545456,1.0
fabian,0.045454545454545456,1.0
elizabeth,0.045454545454545456,1.0
skew,0.045454545454545456,1.0
practitioner,0.045454545454545456,1.0
coordination,0.045454545454545456,1.0
\pi^{*}$$,0.045454545454545456,1.0
derviz,0.045454545454545456,1.0
resolvability,0.045454545454545456,1.0
shortage,0.045454545454545456,1.0
klee,0.045454545454545456,1.0
factors,0.045454545454545456,1.0
till,0.045454545454545456,1.0
\left(\pi_{t}-\pi^{*}\right,0.045454545454545456,1.0
advice,0.045454545454545456,1.0
candidate,0.045454545454545456,1.0
fading,0.045454545454545456,1.0
complacency,0.045454545454545456,1.0
voluminous,0.045454545454545456,1.0
yale,0.045454545454545456,1.0
pain,0.045454545454545456,1.0
fallen,0.045454545454545456,1.0
hours,0.045454545454545456,1.0
endure,0.045454545454545456,1.0
.5y_{t}$$,0.045454545454545456,1.0
interim,0.045454545454545456,1.0
madness,0.045454545454545456,1.0
u-,0.045454545454545456,1.0
voluntary,0.045454545454545456,1.0
yellow,0.045454545454545456,1.0
formally,0.045454545454545456,1.0
bearing,0.045454545454545456,1.0
\pi$$,0.045454545454545456,1.0
midpoint,0.045454545454545456,1.0
se,0.045454545454545456,1.0
left,0.045454545454545456,1.0
duarte,0.045454545454545456,1.0
plummet,0.045454545454545456,1.0
observation,0.045454545454545456,1.0
jacobson,0.045454545454545456,1.0
representatives,0.045454545454545456,1.0
r^,0.045454545454545456,1.0
amply,0.045454545454545456,1.0
constantly,0.045454545454545456,1.0
cumulatively,0.045454545454545456,1.0
schulte,0.045454545454545456,1.0
memorable,0.045454545454545456,1.0
utility,0.045454545454545456,1.0
stimulating,0.045454545454545456,1.0
twice,0.045454545454545456,1.0
peek,0.045454545454545456,1.0
urgent,0.045454545454545456,1.0
reluctance,0.045454545454545456,1.0
leveraging,0.045454545454545456,1.0
1999a,0.045454545454545456,1.0
joliet,0.045454545454545456,1.0
mundell,0.045454545454545456,1.0
commend,0.045454545454545456,1.0
harry,0.045454545454545456,1.0
joe,0.045454545454545456,1.0
sterk,0.045454545454545456,1.0
correlation,0.045454545454545456,1.0
heterogeneous,0.045454545454545456,1.0
distributional,0.045454545454545456,1.0
seriously,0.045454545454545456,1.0
shut,0.045454545454545456,1.0
kurt,0.045454545454545456,1.0
jin,0.045454545454545456,1.0
cerra,0.045454545454545456,1.0
rose,0.045454545454545456,1.0
nakajima,0.045454545454545456,1.0
karadi,0.045454545454545456,1.0
cure,0.045454545454545456,1.0
statistic,0.045454545454545456,1.0
julia,0.045454545454545456,1.0
plagborg,0.045454545454545456,1.0
lange,0.045454545454545456,1.0
chaman,0.045454545454545456,1.0
yuki,0.045454545454545456,1.0
mcclelland,0.045454545454545456,1.0
hiroshi,0.045454545454545456,1.0
kimura,0.045454545454545456,1.0
amplification,0.045454545454545456,1.0
mid-1980,0.045454545454545456,1.0
exhaustive,0.045454545454545456,1.0
mitman,0.045454545454545456,1.0
heterogeneity,0.045454545454545456,1.0
award,0.045454545454545456,1.0
1999b,0.045454545454545456,1.0
lettau,0.045454545454545456,1.0
magnitudes,0.045454545454545456,1.0
leduc,0.045454545454545456,1.0
tenreyro,0.045454545454545456,1.0
busts,0.045454545454545456,1.0
exogenous,0.045454545454545456,1.0
rosengren,0.045454545454545456,1.0
shucknecht,0.045454545454545456,1.0
favor,0.045454545454545456,1.0
clementi,0.045454545454545456,1.0
tootell,0.045454545454545456,1.0
intangible,0.045454545454545456,1.0
sweta,0.045454545454545456,1.0
hawks,0.045454545454545456,1.0
dorine,0.045454545454545456,1.0
conjecturally,0.045454545454545456,1.0
messer,0.045454545454545456,1.0
ânew,0.045454545454545456,1.0
observations,0.045454545454545456,1.0
vincent,0.045454545454545456,1.0
schuknecht,0.045454545454545456,1.0
berardino,0.045454545454545456,1.0
souleles,0.045454545454545456,1.0
fabulous,0.045454545454545456,1.0
khan,0.045454545454545456,1.0
krusell,0.045454545454545456,1.0
mobility,0.045454545454545456,1.0
cep,0.045454545454545456,1.0
turnover,0.045454545454545456,1.0
conform,0.045454545454545456,1.0
siemer,0.045454545454545456,1.0
keyu,0.045454545454545456,1.0
fukuda,0.045454545454545456,1.0
payments,0.045454545454545456,1.0
cerutti,0.045454545454545456,1.0
thesmer,0.045454545454545456,1.0
sophocles,0.045454545454545456,1.0
fool,0.045454545454545456,1.0
michiel,0.045454545454545456,1.0
ifdp,0.045454545454545456,1.0
motivate,0.045454545454545456,1.0
quadrini,0.045454545454545456,1.0
chaney,0.045454545454545456,1.0
feasibility,0.045454545454545456,1.0
bump,0.045454545454545456,1.0
eugenio,0.045454545454545456,1.0
transmission,0.045454545454545456,1.0
linkages,0.045454545454545456,1.0
avenue,0.045454545454545456,1.0
montoriol,0.045454545454545456,1.0
relaxed,0.045454545454545456,1.0
burcu,0.045454545454545456,1.0
disaggregate,0.045454545454545456,1.0
geoffrey,0.045454545454545456,1.0
bourguignon,0.045454545454545456,1.0
grassroots,0.045454545454545456,1.0
keith,0.045454545454545456,1.0
northeastern,0.045454545454545456,1.0
explorations,0.045454545454545456,1.0
mavroeidis,0.045454545454545456,1.0
alexey,0.045454545454545456,1.0
uniquely,0.045454545454545456,1.0
pithy,0.045454545454545456,1.0
nao,0.045454545454545456,1.0
redistributions,0.045454545454545456,1.0
levkov,0.045454545454545456,1.0
paradigm,0.045454545454545456,1.0
jr.,0.045454545454545456,1.0
gornemann,0.045454545454545456,1.0
george,0.045454545454545456,1.0
usable,0.045454545454545456,1.0
puzzling,0.045454545454545456,1.0
-e-,0.045454545454545456,1.0
propagation,0.045454545454545456,1.0
sraer,0.045454545454545456,1.0
hank,0.045454545454545456,1.0
m.b.,0.045454545454545456,1.0
saxena,0.045454545454545456,1.0
makoto,0.045454545454545456,1.0
ugai,0.045454545454545456,1.0
signs,0.045454545454545456,1.0
dove,0.045454545454545456,1.0
immigration,0.045454545454545456,1.0
rios,0.045454545454545456,1.0
accurately,0.045454545454545456,1.0
householdsfinish,0.045454545454545456,1.0
sylvain,0.045454545454545456,1.0
garriga,0.045454545454545456,1.0
nils,0.045454545454545456,1.0
quick,0.045454545454545456,1.0
advent,0.045454545454545456,1.0
silvana,0.045454545454545456,1.0
disaggregated,0.045454545454545456,1.0
overhang,0.045454545454545456,1.0
kamalesh,0.045454545454545456,1.0
agnello,0.045454545454545456,1.0
comparatively,0.045454545454545456,1.0
ammer,0.045454545454545456,1.0
60,0.045454545454545456,1.0
dislocate,0.045454545454545456,1.0
dirk,0.045454545454545456,1.0
division,0.045454545454545456,1.0
accumulation,0.045454545454545456,1.0
ludger,0.045454545454545456,1.0
hot,0.045454545454545456,1.0
pedal,0.045454545454545456,1.0
crop,0.045454545454545456,1.0
graduation,0.045454545454545456,1.0
found,0.045454545454545456,1.0
investing,0.045454545454545456,1.0
trillion,0.045454545454545456,1.0
literacy,0.045454545454545456,1.0
unseen,0.045454545454545456,1.0
nasty,0.045454545454545456,1.0
chair,0.045454545454545456,1.0
collaboration,0.045454545454545456,1.0
pillar,0.045454545454545456,1.0
frictional,0.045454545454545456,1.0
safely,0.045454545454545456,1.0
damaging,0.045454545454545456,1.0
love,0.045454545454545456,1.0
existence,0.045454545454545456,1.0
choke,0.045454545454545456,1.0
pleasure,0.045454545454545456,1.0
thermostat,0.045454545454545456,1.0
progressive,0.045454545454545456,1.0
inexact,0.045454545454545456,1.0
depositor,0.045454545454545456,1.0
duty,0.045454545454545456,1.0
isn't,0.045454545454545456,1.0
impartially,0.045454545454545456,1.0
saver,0.045454545454545456,1.0
qualification,0.045454545454545456,1.0
cities,0.045454545454545456,1.0
convene,0.045454545454545456,1.0
temperature,0.045454545454545456,1.0
objectively,0.045454545454545456,1.0
oversee,0.045454545454545456,1.0
graduate,0.045454545454545456,1.0
fundamentally,0.045454545454545456,1.0
competitor,0.045454545454545456,1.0
diversify,0.045454545454545456,1.0
guidepost,0.045454545454545456,1.0
nest,0.045454545454545456,1.0
commonwealth,0.045454545454545456,1.0
equivalent,0.045454545454545456,1.0
destroy,0.045454545454545456,1.0
vast,0.045454545454545456,1.0
impartial,0.045454545454545456,1.0
brush,0.045454545454545456,1.0
educator,0.045454545454545456,1.0
regional,0.045454545454545456,1.0
restrictive,0.045454545454545456,1.0
apprentice,0.045454545454545456,1.0
earner,0.045454545454545456,1.0
r^{*}$$,0.045454545454545456,1.0
ingenuity,0.045454545454545456,1.0
slog,0.045454545454545456,1.0
inch,0.045454545454545456,1.0
afternoon,0.045454545454545456,1.0
creep,0.045454545454545456,1.0
bridge,0.045454545454545456,1.0
egg,0.045454545454545456,1.0
scramble,0.045454545454545456,1.0
intentionally,0.045454545454545456,1.0
afford,0.045454545454545456,1.0
firsthand,0.045454545454545456,1.0
soundly,0.045454545454545456,1.0
farm,0.045454545454545456,1.0
whatsoever,0.045454545454545456,1.0
origin,0.045454545454545456,1.0
insulate,0.045454545454545456,1.0
intent,0.045454545454545456,1.0
esoteric,0.045454545454545456,1.0
diffusion,0.045454545454545456,1.0
accomplish,0.045454545454545456,1.0
rich,0.045454545454545456,1.0
widespread,0.045454545454545456,1.0
nonlinearitie,0.045454545454545456,1.0
kuester,0.045454545454545456,1.0
unsettled,0.045454545454545456,1.0
atkinson,0.045454545454545456,1.0
collective,0.045454545454545456,1.0
theoretically,0.045454545454545456,1.0
raphael,0.045454545454545456,1.0
moller,0.045454545454545456,1.0
1990s,0.045454545454545456,1.0
palazzo,0.045454545454545456,1.0
canadian,0.045454545454545456,1.0
ch,0.045454545454545456,1.0
empirically,0.045454545454545456,1.0
rull,0.045454545454545456,1.0
party,0.045454545454545456,1.0
ilzetski,0.045454545454545456,1.0
judit,0.045454545454545456,1.0
redistribution,0.045454545454545456,1.0
centre,0.045454545454545456,1.0
noninterest,0.045454545454545456,1.0
disruptions,0.045454545454545456,1.0
organize,0.045454545454545456,1.0
thesmar,0.045454545454545456,1.0
extensive,0.045454545454545456,1.0
expectational,0.045454545454545456,1.0
satisfaction,0.045454545454545456,1.0
wyoming,0.045454545454545456,1.0
holzer,0.045454545454545456,1.0
simultaneously,0.045454545454545456,1.0
perri,0.045454545454545456,1.0
flexible,0.045454545454545456,1.0
inversion,0.045454545454545456,1.0
gian,0.045454545454545456,1.0
macroeconomist,0.045454545454545456,1.0
dedicate,0.045454545454545456,1.0
violante,0.045454545454545456,1.0
dialogue,0.045454545454545456,1.0
gilchrist,0.045454545454545456,1.0
rao,0.045454545454545456,1.0
dilemma,0.045454545454545456,1.0
curtail,0.045454545454545456,1.0
duygan,0.045454545454545456,1.0
valerie,0.045454545454545456,1.0
fleming,0.045454545454545456,1.0
pooter,0.045454545454545456,1.0
perry,0.045454545454545456,1.0
seeker,0.045454545454545456,1.0
pool,0.045454545454545456,1.0
nutshell,0.045454545454545456,1.0
essential,0.045454545454545456,1.0
surprises,0.045454545454545456,1.0
guvenen,0.045454545454545456,1.0
moll,0.045454545454545456,1.0
completely,0.045454545454545456,1.0
aubhik,0.045454545454545456,1.0
switching,0.045454545454545456,1.0
anthony,0.045454545454545456,1.0
faith,0.045454545454545456,1.0
glick,0.045454545454545456,1.0
sudo,0.045454545454545456,1.0
accelerato­r,0.045454545454545456,1.0
formal,0.045454545454545456,1.0
actor,0.045454545454545456,1.0
teyanna,0.045454545454545456,1.0
adherent,0.045454545454545456,1.0
scholarly,0.045454545454545456,1.0
thislatter,0.045454545454545456,1.0
concrete,0.045454545454545456,1.0
interested,0.045454545454545456,1.0
profile,0.045454545454545456,1.0
jurisdiction,0.045454545454545456,1.0
suicide,0.045454545454545456,1.0
deming,0.045454545454545456,1.0
"prod}_t,$$$$",0.045454545454545456,1.0
worrisome,0.045454545454545456,1.0
filter,0.045454545454545456,1.0
relatedly,0.045454545454545456,1.0
symmetrically,0.045454545454545456,1.0
"rpim}_t+\epsilon_t,$$$$",0.045454545454545456,1.0
12âmonth,0.045454545454545456,1.0
\omega_t^f$$,0.045454545454545456,1.0
list,0.045454545454545456,1.0
www.bloomberg.com/news/articles/,0.045454545454545456,1.0
cutoff,0.045454545454545456,1.0
width,0.045454545454545456,1.0
correction,0.045454545454545456,1.0
metros,0.045454545454545456,1.0
gottlieb,0.045454545454545456,1.0
hu,0.045454545454545456,1.0
dismiss,0.045454545454545456,1.0
counterfactual,0.045454545454545456,1.0
fee,0.045454545454545456,1.0
endpoint,0.045454545454545456,1.0
continuation,0.045454545454545456,1.0
curran,0.045454545454545456,1.0
alcohol,0.045454545454545456,1.0
lindner,0.045454545454545456,1.0
unrelated,0.045454545454545456,1.0
marquez,0.045454545454545456,1.0
maintenance,0.045454545454545456,1.0
solicit,0.045454545454545456,1.0
ma\_prod}_{t-,0.045454545454545456,1.0
households,0.045454545454545456,1.0
luojia,0.045454545454545456,1.0
ma\_prod}_t$$,0.045454545454545456,1.0
hale,0.045454545454545456,1.0
tasks,0.045454545454545456,1.0
\varepsilon_t$$,0.045454545454545456,1.0
hurricanes,0.045454545454545456,1.0
naics,0.045454545454545456,1.0
joshua,0.045454545454545456,1.0
correspond,0.045454545454545456,1.0
j.p.,0.045454545454545456,1.0
negligible,0.045454545454545456,1.0
mortality,0.045454545454545456,1.0
kroft,0.045454545454545456,1.0
recalibrate,0.045454545454545456,1.0
filardo,0.045454545454545456,1.0
medicaid,0.045454545454545456,1.0
weinstein,0.045454545454545456,1.0
schanzenbach,0.045454545454545456,1.0
pierce,0.045454545454545456,1.0
deaton,0.045454545454545456,1.0
alarming,0.045454545454545456,1.0
growing,0.045454545454545456,1.0
janill,0.045454545454545456,1.0
courageous,0.045454545454545456,1.0
elusive,0.045454545454545456,1.0
checker,0.045454545454545456,1.0
morbidity,0.045454545454545456,1.0
demography,0.045454545454545456,1.0
rpif}_t$$,0.045454545454545456,1.0
misjudge,0.045454545454545456,1.0
\pi_t^c=.,0.045454545454545456,1.0
male,0.045454545454545456,1.0
deborah,0.045454545454545456,1.0
jungjin,0.045454545454545456,1.0
starting,0.045454545454545456,1.0
borio,0.045454545454545456,1.0
receipt,0.045454545454545456,1.0
feenstra,0.045454545454545456,1.0
\pi_{t-,0.045454545454545456,1.0
ian,0.045454545454545456,1.0
ma\_prod}_t=,0.045454545454545456,1.0
certainty,0.045454545454545456,1.0
overlook,0.045454545454545456,1.0
french,0.045454545454545456,1.0
won,0.045454545454545456,1.0
distortion,0.045454545454545456,1.0
^c+,0.045454545454545456,1.0
morgan,0.045454545454545456,1.0
^w+,0.045454545454545456,1.0
hathaway,0.045454545454545456,1.0
contend,0.045454545454545456,1.0
\delta{slack}_t$$,0.045454545454545456,1.0
slack}_t$$,0.045454545454545456,1.0
wary,0.045454545454545456,1.0
\pi_t^w$$,0.045454545454545456,1.0
trainer,0.045454545454545456,1.0
informative,0.045454545454545456,1.0
lauren,0.045454545454545456,1.0
pyle,0.045454545454545456,1.0
competitiveness,0.045454545454545456,1.0
syndrome,0.045454545454545456,1.0
\omega_t^e$$,0.045454545454545456,1.0
christensen,0.045454545454545456,1.0
aside,0.045454545454545456,1.0
h.e.,0.045454545454545456,1.0
seifoddini,0.045454545454545456,1.0
plant,0.045454545454545456,1.0
jens,0.045454545454545456,1.0
jobs,0.045454545454545456,1.0
https://www.federalreserve.gov/monetarypolicy/files/fomcprojtabl20170920.pdf,0.045454545454545456,1.0
dorn,0.045454545454545456,1.0
jong,0.045454545454545456,1.0
insurer,0.045454545454545456,1.0
markup,0.045454545454545456,1.0
ain,0.045454545454545456,1.0
"\pi_t=\pi_t^c+\omega_t^e{rpie}_t+\omega_t^f{rpif}_t,$$$$",0.045454545454545456,1.0
slack}_t-,0.045454545454545456,1.0
\pi_t$$,0.045454545454545456,1.0
^e$$,0.045454545454545456,1.0
administer,0.045454545454545456,1.0
--remains,0.045454545454545456,1.0
\delta{slack}_t+,0.045454545454545456,1.0
valletta,0.045454545454545456,1.0
schott,0.045454545454545456,1.0
elod,0.045454545454545456,1.0
telecommunication,0.045454545454545456,1.0
acemoglu,0.045454545454545456,1.0
intensive,0.045454545454545456,1.0
litan,0.045454545454545456,1.0
rob,0.045454545454545456,1.0
imperfectly,0.045454545454545456,1.0
sic,0.045454545454545456,1.0
\epsilon_t$$,0.045454545454545456,1.0
pad,0.045454545454545456,1.0
audrey,0.045454545454545456,1.0
markups,0.045454545454545456,1.0
internet,0.045454545454545456,1.0
barnichon,0.045454545454545456,1.0
unexplained,0.045454545454545456,1.0
quote,0.045454545454545456,1.0
"ma\_prod}_t+\varepsilon_t,$$$$",0.045454545454545456,1.0
sidestep,0.045454545454545456,1.0
attendance,0.045454545454545456,1.0
jeffery,0.045454545454545456,1.0
offshoring,0.045454545454545456,1.0
jaime,0.045454545454545456,1.0
trim,0.045454545454545456,1.0
www.federalreserve.gov/monetarypolicy/files/fomc_longerrungoals.pdf,0.045454545454545456,1.0
unlike,0.045454545454545456,1.0
hikes,0.045454545454545456,1.0
mire,0.045454545454545456,1.0
https://piie.com/blogs/realtime-economic-issues-watch/three-remarks-us-treasury-yield-curve,0.045454545454545456,1.0
discernible,0.045454545454545456,1.0
nudge,0.045454545454545456,1.0
ill.,0.045454545454545456,1.0
musso,0.045454545454545456,1.0
plans,0.045454545454545456,1.0
swanson,0.045454545454545456,1.0
executives,0.045454545454545456,1.0
weinbach,0.045454545454545456,1.0
programme,0.045454545454545456,1.0
mechanic,0.045454545454545456,1.0
https://www.federalreserve.gov/monetarypolicy/policy-normalization.htm,0.045454545454545456,1.0
redemption,0.045454545454545456,1.0
runoff,0.045454545454545456,1.0
uncomfortably,0.045454545454545456,1.0
ineffective,0.045454545454545456,1.0
secondary,0.045454545454545456,1.0
distinct,0.045454545454545456,1.0
foreseeable,0.045454545454545456,1.0
matt,0.045454545454545456,1.0
projected,0.045454545454545456,1.0
https://www.federalreserve.gov/newsevents/pressreleases/monetary20171011a.htm,0.045454545454545456,1.0
indefinitely,0.045454545454545456,1.0
eyed,0.045454545454545456,1.0
lever,0.045454545454545456,1.0
abundant,0.045454545454545456,1.0
midyear,0.045454545454545456,1.0
https://www.federalreserve.gov/monetarypolicy/files/monetary20151216a1.pdf,0.045454545454545456,1.0
wit,0.045454545454545456,1.0
roberts,0.045454545454545456,1.0
styczynski,0.045454545454545456,1.0
drug,0.045454545454545456,1.0
anderson,0.045454545454545456,1.0
rewrite,0.045454545454545456,1.0
medium-,0.045454545454545456,1.0
alyssa,0.045454545454545456,1.0
scholarship,0.045454545454545456,1.0
stave,0.045454545454545456,1.0
meade,0.045454545454545456,1.0
soma,0.045454545454545456,1.0
openness,0.045454545454545456,1.0
illustrated,0.045454545454545456,1.0
anticipated,0.045454545454545456,1.0
gambetti,0.045454545454545456,1.0
inclination,0.045454545454545456,1.0
haldane,0.045454545454545456,1.0
bonis,0.045454545454545456,1.0
herb,0.045454545454545456,1.0
qe,0.045454545454545456,1.0
app,0.045454545454545456,1.0
gretchen,0.045454545454545456,1.0
configuration,0.045454545454545456,1.0
https://www.federalreserve.gov/monetarypolicy/files/fomc_policynormalization,0.045454545454545456,1.0
sklar,0.045454545454545456,1.0
shrinkage,0.045454545454545456,1.0
chris,0.045454545454545456,1.0
"off""--that",0.045454545454545456,1.0
raising,0.045454545454545456,1.0
meaningfully,0.045454545454545456,1.0
pre-,0.045454545454545456,1.0
elicit,0.045454545454545456,1.0
imprint,0.045454545454545456,1.0
pragmatism,0.045454545454545456,1.0
frances,0.045454545454545456,1.0
upend,0.045454545454545456,1.0
hurricane,0.045454545454545456,1.0
wireless,0.045454545454545456,1.0
roaring,0.045454545454545456,1.0
p$$,0.045454545454545456,1.0
line)--a,0.045454545454545456,1.0
hmo,0.045454545454545456,1.0
prod}_t$$,0.045454545454545456,1.0
staiger,0.045454545454545456,1.0
signing,0.045454545454545456,1.0
forbes,0.045454545454545456,1.0
recruitment,0.045454545454545456,1.0
means,0.045454545454545456,1.0
\pi_t^w=-,0.045454545454545456,1.0
geometrically,0.045454545454545456,1.0
hanson,0.045454545454545456,1.0
mesters,0.045454545454545456,1.0
counterproductive,0.045454545454545456,1.0
clemens,0.045454545454545456,1.0
nunn,0.045454545454545456,1.0
juselius,0.045454545454545456,1.0
death,0.045454545454545456,1.0
combined,0.045454545454545456,1.0
negotiate,0.045454545454545456,1.0
arima,0.045454545454545456,1.0
outlier,0.045454545454545456,1.0
andreasen,0.045454545454545456,1.0
lee,0.045454545454545456,1.0
\pi_t^e$$,0.045454545454545456,1.0
diane,0.045454545454545456,1.0
takats,0.045454545454545456,1.0
tests,0.045454545454545456,1.0
4â,0.045454545454545456,1.0
sic-,0.045454545454545456,1.0
/amazon,0.045454545454545456,1.0
conjecture,0.045454545454545456,1.0
imprudent,0.045454545454545456,1.0
rpie}_t$$,0.045454545454545456,1.0
bounce,0.045454545454545456,1.0
daley,0.045454545454545456,1.0
comment,0.045454545454545456,1.0
rico,0.045454545454545456,1.0
seminar,0.045454545454545456,1.0
luis,0.045454545454545456,1.0
lift,0.045454545454545456,1.0
puerto,0.045454545454545456,1.0
fundamentals,0.045454545454545456,1.0
telephone,0.045454545454545456,1.0
communicating,0.045454545454545456,1.0
tremendous,0.045454545454545456,1.0
solidify,0.045454545454545456,1.0
understandably,0.045454545454545456,1.0
inter,0.045454545454545456,1.0
outsized,0.045454545454545456,1.0
nineties,0.045454545454545456,1.0
upturn,0.045454545454545456,1.0
moreno,0.045454545454545456,1.0
committed,0.045454545454545456,1.0
caribbean,0.045454545454545456,1.0
star,0.045454545454545456,1.0
arian,0.045454545454545456,1.0
imprecision,0.045454545454545456,1.0
\pi_t^e+,0.045454545454545456,1.0
orley,0.045454545454545456,1.0
initialize,0.045454545454545456,1.0
douglas,0.045454545454545456,1.0
commentator,0.045454545454545456,1.0
concentrated,0.045454545454545456,1.0
killed,0.045454545454545456,1.0
informed,0.045454545454545456,1.0
healthcare,0.045454545454545456,1.0
aliber,0.045454545454545456,1.0
taxpayer,0.045454545454545456,1.0
layers,0.045454545454545456,1.0
unsecured,0.045454545454545456,1.0
indicative,0.045454545454545456,1.0
standardized,0.045454545454545456,1.0
kalin,0.045454545454545456,1.0
exuberance,0.045454545454545456,1.0
externalities,0.045454545454545456,1.0
bentley,0.045454545454545456,1.0
correspondence,0.045454545454545456,1.0
notice,0.045454545454545456,1.0
lehman,0.045454545454545456,1.0
caterina,0.045454545454545456,1.0
nikolov,0.045454545454545456,1.0
tidal,0.045454545454545456,1.0
walter,0.045454545454545456,1.0
securitization,0.045454545454545456,1.0
passmore,0.045454545454545456,1.0
mismatch,0.045454545454545456,1.0
alexandros,0.045454545454545456,1.0
institutions,0.045454545454545456,1.0
lewrick,0.045454545454545456,1.0
tsomocos,0.045454545454545456,1.0
riskiness,0.045454545454545456,1.0
reemerge,0.045454545454545456,1.0
commission,0.045454545454545456,1.0
ulf,0.045454545454545456,1.0
alexander,0.045454545454545456,1.0
overborrowing,0.045454545454545456,1.0
analyzing,0.045454545454545456,1.0
lynch,0.045454545454545456,1.0
bid,0.045454545454545456,1.0
preserve,0.045454545454545456,1.0
volcker,0.045454545454545456,1.0
thrive,0.045454545454545456,1.0
aig,0.045454545454545456,1.0
fannie,0.045454545454545456,1.0
spar,0.045454545454545456,1.0
months­.,0.045454545454545456,1.0
preserving,0.045454545454545456,1.0
powell,0.045454545454545456,1.0
severely,0.045454545454545456,1.0
tangible,0.045454545454545456,1.0
lown,0.045454545454545456,1.0
integrated,0.045454545454545456,1.0
seller,0.045454545454545456,1.0
shekhar,0.045454545454545456,1.0
burdensome,0.045454545454545456,1.0
òscar,0.045454545454545456,1.0
relearn,0.045454545454545456,1.0
recapitalize,0.045454545454545456,1.0
inappropriately,0.045454545454545456,1.0
irrational,0.045454545454545456,1.0
meru,0.045454545454545456,1.0
ccar)ââthe,0.045454545454545456,1.0
schularick,0.045454545454545456,1.0
laurent,0.045454545454545456,1.0
leak,0.045454545454545456,1.0
proposal,0.045454545454545456,1.0
fresh,0.045454545454545456,1.0
fender,0.045454545454545456,1.0
discipline,0.045454545454545456,1.0
fire,0.045454545454545456,1.0
mae,0.045454545454545456,1.0
dodd,0.045454545454545456,1.0
relief,0.045454545454545456,1.0
window,0.045454545454545456,1.0
delusions,0.045454545454545456,1.0
ante,0.045454545454545456,1.0
continual,0.045454545454545456,1.0
memory,0.045454545454545456,1.0
bagehot,0.045454545454545456,1.0
preeminent,0.045454545454545456,1.0
coverage,0.045454545454545456,1.0
liquidation,0.045454545454545456,1.0
repos)--to,0.045454545454545456,1.0
simplify,0.045454545454545456,1.0
goodhart,0.045454545454545456,1.0
suarez,0.045454545454545456,1.0
wave,0.045454545454545456,1.0
madigan,0.045454545454545456,1.0
warusawitharana,0.045454545454545456,1.0
2008ââalready,0.045454545454545456,1.0
pointing,0.045454545454545456,1.0
jeopardize,0.045454545454545456,1.0
anna,0.045454545454545456,1.0
rating,0.045454545454545456,1.0
efficiently,0.045454545454545456,1.0
decadesââwa,0.045454545454545456,1.0
moyen,0.045454545454545456,1.0
independently,0.045454545454545456,1.0
hirtle,0.045454545454545456,1.0
matched,0.045454545454545456,1.0
dictum,0.045454545454545456,1.0
fernando,0.045454545454545456,1.0
designation,0.045454545454545456,1.0
swap,0.045454545454545456,1.0
algorithmic,0.045454545454545456,1.0
impart,0.045454545454545456,1.0
wayne,0.045454545454545456,1.0
enhancement,0.045454545454545456,1.0
reemergence,0.045454545454545456,1.0
leaders,0.045454545454545456,1.0
promptly,0.045454545454545456,1.0
resolve,0.045454545454545456,1.0
trickle,0.045454545454545456,1.0
rare,0.045454545454545456,1.0
popular,0.045454545454545456,1.0
nsfr,0.045454545454545456,1.0
uk,0.045454545454545456,1.0
noncomplex,0.045454545454545456,1.0
rulemaking,0.045454545454545456,1.0
frbkc,0.045454545454545456,1.0
predominant,0.045454545454545456,1.0
internationally,0.045454545454545456,1.0
tier,0.045454545454545456,1.0
gazi,0.045454545454545456,1.0
passage,0.045454545454545456,1.0
disagree,0.045454545454545456,1.0
kovner,0.045454545454545456,1.0
solvency,0.045454545454545456,1.0
bush,0.045454545454545456,1.0
panics,0.045454545454545456,1.0
narrative,0.045454545454545456,1.0
a.e.,0.045454545454545456,1.0
inc.,0.045454545454545456,1.0
scenarios,0.045454545454545456,1.0
perimeter,0.045454545454545456,1.0
memoirs,0.045454545454545456,1.0
kara,0.045454545454545456,1.0
renewable,0.045454545454545456,1.0
float,0.045454545454545456,1.0
susceptible,0.045454545454545456,1.0
unnecessary,0.045454545454545456,1.0
prepared,0.045454545454545456,1.0
mac,0.045454545454545456,1.0
calibration,0.045454545454545456,1.0
rescue,0.045454545454545456,1.0
peer,0.045454545454545456,1.0
mackay,0.045454545454545456,1.0
years,0.045454545454545456,1.0
gambacorta,0.045454545454545456,1.0
vickery,0.045454545454545456,1.0
regulated,0.045454545454545456,1.0
inflict,0.045454545454545456,1.0
fsb,0.045454545454545456,1.0
https://www.stlouisfed.org/financial-crisis/full-timeline,0.045454545454545456,1.0
pittsburgh,0.045454545454545456,1.0
buyer,0.045454545454545456,1.0
issuance,0.045454545454545456,1.0
eisenbach,0.045454545454545456,1.0
egrpra,0.045454545454545456,1.0
lax,0.045454545454545456,1.0
vulnerabilitie,0.045454545454545456,1.0
proposed,0.045454545454545456,1.0
moritz,0.045454545454545456,1.0
tarullo,0.045454545454545456,1.0
hui,0.045454545454545456,1.0
-day,0.045454545454545456,1.0
g20,0.045454545454545456,1.0
matters,0.045454545454545456,1.0
stracca,0.045454545454545456,1.0
ratios,0.045454545454545456,1.0
fdic,0.045454545454545456,1.0
regulations,0.045454545454545456,1.0
bailout,0.045454545454545456,1.0
buck,0.045454545454545456,1.0
distribute,0.045454545454545456,1.0
bhanot,0.045454545454545456,1.0
injection,0.045454545454545456,1.0
trader,0.045454545454545456,1.0
finalize,0.045454545454545456,1.0
âfor,0.045454545454545456,1.0
incur,0.045454545454545456,1.0
hafften,0.045454545454545456,1.0
skills,0.045454545454545456,1.0
minded,0.045454545454545456,1.0
breitwieser,0.045454545454545456,1.0
der,0.045454545454545456,1.0
female,0.045454545454545456,1.0
hypotheses,0.045454545454545456,1.0
mikael,0.045454545454545456,1.0
ashenfelter,0.045454545454545456,1.0
stream,0.045454545454545456,1.0
definitive,0.045454545454545456,1.0
absorption,0.045454545454545456,1.0
jamrisko,0.045454545454545456,1.0
substitution,0.045454545454545456,1.0
catherine,0.045454545454545456,1.0
shapiro,0.045454545454545456,1.0
rpim}_t$$,0.045454545454545456,1.0
^w-,0.045454545454545456,1.0
developed,0.045454545454545456,1.0
beneficial,0.045454545454545456,1.0
\pi_t^c$$,0.045454545454545456,1.0
overadjuste,0.045454545454545456,1.0
yoon,0.045454545454545456,1.0
whitmore,0.045454545454545456,1.0
harvey,0.045454545454545456,1.0
splice,0.045454545454545456,1.0
standpoint,0.045454545454545456,1.0
bloomberg,0.045454545454545456,1.0
positions,0.045454545454545456,1.0
surcharges,0.045454545454545456,1.0
https://www.fhfa.gov/media/publicaffairs/pages/conservatorship-of-fannie-mae-and-freddie-mac.aspx,0.045454545454545456,1.0
ex,0.045454545454545456,1.0
proprietary,0.045454545454545456,1.0
opaque,0.045454545454545456,1.0
fsoc,0.045454545454545456,1.0
freely,0.045454545454545456,1.0
missaka,0.045454545454545456,1.0
mendicino,0.045454545454545456,1.0
supp,0.045454545454545456,1.0
termination,0.045454545454545456,1.0
alphabetical,0.045454545454545456,1.0
wipe,0.045454545454545456,1.0
brink,0.045454545454545456,1.0
lacking,0.045454545454545456,1.0
troubled,0.045454545454545456,1.0
haven,0.045454545454545456,1.0
backstop,0.045454545454545456,1.0
penalty,0.045454545454545456,1.0
vardoulakis,0.045454545454545456,1.0
conservatorship,0.045454545454545456,1.0
finalization,0.045454545454545456,1.0
disproportionately,0.045454545454545456,1.0
sarin,0.045454545454545456,1.0
altogether,0.045454545454545456,1.0
beverly,0.045454545454545456,1.0
timeline,0.045454545454545456,1.0
brothers,0.045454545454545456,1.0
conn.,0.045454545454545456,1.0
subprime,0.045454545454545456,1.0
intensify,0.045454545454545456,1.0
outdate,0.045454545454545456,1.0
shareholder,0.045454545454545456,1.0
kindleberger,0.045454545454545456,1.0
stephane,0.045454545454545456,1.0
clerc,0.045454545454545456,1.0
less,0.045454545454545456,1.0
ge,0.045454545454545456,1.0
settlements,0.045454545454545456,1.0
jordà,0.045454545454545456,1.0
aiyar,0.045454545454545456,1.0
freddie,0.045454545454545456,1.0
lorenc,0.045454545454545456,1.0
counterparty,0.045454545454545456,1.0
title,0.045454545454545456,1.0
uplift,0.045454545454545456,1.0
collaborative,0.045454545454545456,1.0
dimitrios,0.045454545454545456,1.0
promulgate,0.045454545454545456,1.0
paperwork,0.045454545454545456,1.0
mispricing,0.045454545454545456,1.0
amy,0.045454545454545456,1.0
natasha,0.045454545454545456,1.0
sibs,0.045454545454545456,1.0
sib,0.045454545454545456,1.0
illiquidity,0.045454545454545456,1.0
shan,0.045454545454545456,1.0
ccar,0.045454545454545456,1.0
stressful,0.045454545454545456,1.0
richter,0.045454545454545456,1.0
homebuyer,0.045454545454545456,1.0
bcb,0.045454545454545456,1.0
individually,0.045454545454545456,1.0
juliane,0.045454545454545456,1.0
alexis,0.045454545454545456,1.0
metlife,0.045454545454545456,1.0
reforms,0.045454545454545456,1.0
loop,0.045454545454545456,1.0
ingo,0.045454545454545456,1.0
reporting,0.045454545454545456,1.0
creditor,0.045454545454545456,1.0
ranish,0.045454545454545456,1.0
noncentrally,0.045454545454545456,1.0
kaplan,0.045454545454545456,1.0
reis,0.045454545454545456,1.0
mikkel,0.045454545454545456,1.0
sahm,0.045454545454545456,1.0
complementary,0.045454545454545456,1.0
berns,0.045454545454545456,1.0
unanswered,0.045454545454545456,1.0
manager,0.045454545454545456,1.0
causal,0.045454545454545456,1.0
liberty,0.045454545454545456,1.0
benign,0.045454545454545456,1.0
detect,0.045454545454545456,1.0
annandale,0.045454545454545456,1.0
patrick,0.045454545454545456,1.0
ambiguous,0.045454545454545456,1.0
miss,0.045454545454545456,1.0
norges,0.045454545454545456,1.0
counterpart,0.045454545454545456,1.0
covered,0.045454545454545456,1.0
domestically,0.045454545454545456,1.0
igan,0.045454545454545456,1.0
accounts,0.045454545454545456,1.0
zhu,0.045454545454545456,1.0
claudia,0.045454545454545456,1.0
feldberg,0.045454545454545456,1.0
oliver,0.045454545454545456,1.0
bloom,0.045454545454545456,1.0
wan,0.045454545454545456,1.0
hearing,0.045454545454545456,1.0
russo,0.045454545454545456,1.0
yy,0.045454545454545456,1.0
mandated,0.045454545454545456,1.0
accountable,0.045454545454545456,1.0
booms,0.045454545454545456,1.0
athanasios,0.045454545454545456,1.0
pocket,0.045454545454545456,1.0
impute,0.045454545454545456,1.0
sacrifice,0.045454545454545456,1.0
psychology,0.045454545454545456,1.0
proxie,0.045454545454545456,1.0
levy,0.045454545454545456,1.0
incorrectly,0.045454545454545456,1.0
momentum,0.045454545454545456,1.0
attenuate,0.045454545454545456,1.0
sannikov,0.045454545454545456,1.0
front,0.045454545454545456,1.0
contour,0.045454545454545456,1.0
cautionary,0.045454545454545456,1.0
c.f.r.,0.045454545454545456,1.0
baaack,0.045454545454545456,1.0
hassett,0.045454545454545456,1.0
mauro,0.045454545454545456,1.0
feldstein,0.045454545454545456,1.0
sigma,0.045454545454545456,1.0
grain,0.045454545454545456,1.0
viable,0.045454545454545456,1.0
passthrough,0.045454545454545456,1.0
adoption,0.045454545454545456,1.0
border,0.045454545454545456,1.0
coibion,0.045454545454545456,1.0
revisit,0.045454545454545456,1.0
lehnert,0.045454545454545456,1.0
darrel,0.045454545454545456,1.0
republic,0.045454545454545456,1.0
complementarity,0.045454545454545456,1.0
obviate,0.045454545454545456,1.0
jansson,0.045454545454545456,1.0
restructure,0.045454545454545456,1.0
peso,0.045454545454545456,1.0
redesign,0.045454545454545456,1.0
downtrend,0.045454545454545456,1.0
expire,0.045454545454545456,1.0
greece,0.045454545454545456,1.0
mester,0.045454545454545456,1.0
democracy,0.045454545454545456,1.0
automobile,0.045454545454545456,1.0
rutledge,0.045454545454545456,1.0
sticky,0.045454545454545456,1.0
convergence,0.045454545454545456,1.0
tabatabai,0.045454545454545456,1.0
enrolled,0.045454545454545456,1.0
morin,0.045454545454545456,1.0
blake,0.045454545454545456,1.0
normalizing,0.045454545454545456,1.0
morning,0.045454545454545456,1.0
station,0.045454545454545456,1.0
wages,0.045454545454545456,1.0
surpass,0.045454545454545456,1.0
predate,0.045454545454545456,1.0
generosity,0.045454545454545456,1.0
joel,0.045454545454545456,1.0
destruction,0.045454545454545456,1.0
burke,0.045454545454545456,1.0
applied,0.045454545454545456,1.0
computing,0.045454545454545456,1.0
averaging,0.045454545454545456,1.0
hurtado,0.045454545454545456,1.0
zillow,0.045454545454545456,1.0
stark,0.045454545454545456,1.0
factory,0.045454545454545456,1.0
gilbert,0.045454545454545456,1.0
impediment,0.045454545454545456,1.0
quarters,0.045454545454545456,1.0
paciorek,0.045454545454545456,1.0
migrate,0.045454545454545456,1.0
automation,0.045454545454545456,1.0
lens,0.045454545454545456,1.0
escape,0.045454545454545456,1.0
remind,0.045454545454545456,1.0
molloy,0.045454545454545456,1.0
poverty,0.045454545454545456,1.0
norman,0.045454545454545456,1.0
appearance,0.045454545454545456,1.0
tom,0.045454545454545456,1.0
free,0.045454545454545456,1.0
understudy,0.045454545454545456,1.0
"rigidity""--namely",0.045454545454545456,1.0
replace,0.045454545454545456,1.0
hakkio,0.045454545454545456,1.0
corroborate,0.045454545454545456,1.0
reemployment,0.045454545454545456,1.0
mahedy,0.045454545454545456,1.0
plenty,0.045454545454545456,1.0
pro,0.045454545454545456,1.0
may14,0.045454545454545456,1.0
galí,0.045454545454545456,1.0
jordi,0.045454545454545456,1.0
unit,0.045454545454545456,1.0
counteract,0.045454545454545456,1.0
groen,0.045454545454545456,1.0
disagreement,0.045454545454545456,1.0
identical,0.045454545454545456,1.0
machinery,0.045454545454545456,1.0
reportedly,0.045454545454545456,1.0
unmoored,0.045454545454545456,1.0
collect,0.045454545454545456,1.0
salonger,0.045454545454545456,1.0
bordo,0.045454545454545456,1.0
tolerate,0.045454545454545456,1.0
tools,0.045454545454545456,1.0
deficiency,0.045454545454545456,1.0
markus,0.045454545454545456,1.0
rethink,0.045454545454545456,1.0
timothy,0.045454545454545456,1.0
disinflation,0.045454545454545456,1.0
workshops,0.045454545454545456,1.0
latin,0.045454545454545456,1.0
arab,0.045454545454545456,1.0
checkerboard,0.045454545454545456,1.0
director,0.045454545454545456,1.0
oppose,0.045454545454545456,1.0
contagion,0.045454545454545456,1.0
proximate,0.045454545454545456,1.0
http://www.federalreserve.gov/monetarypolicy/files/fomcprojtabl20150917.pdf,0.045454545454545456,1.0
depressions,0.045454545454545456,1.0
misalignment,0.045454545454545456,1.0
east,0.045454545454545456,1.0
switch,0.045454545454545456,1.0
marketwide,0.045454545454545456,1.0
satisfactory,0.045454545454545456,1.0
rudd,0.045454545454545456,1.0
nontrivial,0.045454545454545456,1.0
sargent,0.045454545454545456,1.0
arseneau,0.045454545454545456,1.0
jean,0.045454545454545456,1.0
albert,0.045454545454545456,1.0
dislike,0.045454545454545456,1.0
transparency,0.045454545454545456,1.0
rebirth,0.045454545454545456,1.0
matthias,0.045454545454545456,1.0
multiyear,0.045454545454545456,1.0
detmeister,0.045454545454545456,1.0
iran,0.045454545454545456,1.0
underappreciate,0.045454545454545456,1.0
exotic,0.045454545454545456,1.0
pt,0.045454545454545456,1.0
pce)--the,0.045454545454545456,1.0
relevance,0.045454545454545456,1.0
listing,0.045454545454545456,1.0
zealand,0.045454545454545456,1.0
unique,0.045454545454545456,1.0
hubbard,0.045454545454545456,1.0
broadening,0.045454545454545456,1.0
overblown,0.045454545454545456,1.0
confronting,0.045454545454545456,1.0
identifiable,0.045454545454545456,1.0
deniz,0.045454545454545456,1.0
presently,0.045454545454545456,1.0
globally,0.045454545454545456,1.0
redistribute,0.045454545454545456,1.0
korinek,0.045454545454545456,1.0
decisionmake,0.045454545454545456,1.0
wwii,0.045454545454545456,1.0
suggestive,0.045454545454545456,1.0
israeli,0.045454545454545456,1.0
treatment,0.045454545454545456,1.0
err,0.045454545454545456,1.0
mid-2000s,0.045454545454545456,1.0
saiz,0.045454545454545456,1.0
grease,0.045454545454545456,1.0
resemble,0.045454545454545456,1.0
procyclical,0.045454545454545456,1.0
hudson,0.045454545454545456,1.0
embargo,0.045454545454545456,1.0
ameliorate,0.045454545454545456,1.0
v.,0.045454545454545456,1.0
uncover,0.045454545454545456,1.0
excessively,0.045454545454545456,1.0
uncommon,0.045454545454545456,1.0
triparty,0.045454545454545456,1.0
controversy,0.045454545454545456,1.0
nonmonetary,0.045454545454545456,1.0
krznar,0.045454545454545456,1.0
n.y.,0.045454545454545456,1.0
strikingly,0.045454545454545456,1.0
plausibly,0.045454545454545456,1.0
theorist,0.045454545454545456,1.0
bean,0.045454545454545456,1.0
q3,0.045454545454545456,1.0
conservative,0.045454545454545456,1.0
volatilities,0.045454545454545456,1.0
var,0.045454545454545456,1.0
taxes,0.045454545454545456,1.0
curb,0.045454545454545456,1.0
brunnermeier,0.045454545454545456,1.0
inconvenience,0.045454545454545456,1.0
univariate,0.045454545454545456,1.0
evolving,0.045454545454545456,1.0
svd,0.045454545454545456,1.0
mid-1960,0.045454545454545456,1.0
asian,0.045454545454545456,1.0
edo,0.045454545454545456,1.0
mexican,0.045454545454545456,1.0
sophisticated,0.045454545454545456,1.0
win,0.045454545454545456,1.0
summit,0.045454545454545456,1.0
unpredictable,0.045454545454545456,1.0
bewley,0.045454545454545456,1.0
interconnectedness,0.045454545454545456,1.0
prakash,0.045454545454545456,1.0
wheel,0.045454545454545456,1.0
validity,0.045454545454545456,1.0
consolidated,0.045454545454545456,1.0
trace,0.045454545454545456,1.0
underpinning,0.045454545454545456,1.0
--in,0.045454545454545456,1.0
crucially,0.045454545454545456,1.0
laforte,0.045454545454545456,1.0
curdia,0.045454545454545456,1.0
imposition,0.045454545454545456,1.0
groot,0.045454545454545456,1.0
morale,0.045454545454545456,1.0
specifications,0.045454545454545456,1.0
dell'ariccia,0.045454545454545456,1.0
exuberant,0.045454545454545456,1.0
philippe,0.045454545454545456,1.0
spiral,0.045454545454545456,1.0
leveraged,0.045454545454545456,1.0
briault,0.045454545454545456,1.0
morsink,0.045454545454545456,1.0
providence,0.045454545454545456,1.0
poise,0.045454545454545456,1.0
reconsider,0.045454545454545456,1.0
unsettling,0.045454545454545456,1.0
firming,0.045454545454545456,1.0
jolts,0.045454545454545456,1.0
measurable,0.045454545454545456,1.0
dial,0.045454545454545456,1.0
counsel,0.045454545454545456,1.0
composite,0.045454545454545456,1.0
gustman,0.045454545454545456,1.0
comfort,0.045454545454545456,1.0
pragmatic,0.045454545454545456,1.0
jessica,0.045454545454545456,1.0
www.frbsf.org/economic-research/economists/john-williams/laubach_williams_updated_estimates.xlsx,0.045454545454545456,1.0
workplace,0.045454545454545456,1.0
submission,0.045454545454545456,1.0
ages,0.045454545454545456,1.0
spletzer,0.045454545454545456,1.0
convenient,0.045454545454545456,1.0
hop,0.045454545454545456,1.0
internalize,0.045454545454545456,1.0
package,0.045454545454545456,1.0
clip,0.045454545454545456,1.0
testimony,0.045454545454545456,1.0
necessity,0.045454545454545456,1.0
hardly,0.045454545454545456,1.0
pessimism,0.045454545454545456,1.0
predetermine,0.045454545454545456,1.0
schedule,0.045454545454545456,1.0
skyrocket,0.045454545454545456,1.0
space,0.045454545454545456,1.0
sober,0.045454545454545456,1.0
demonstrating,0.045454545454545456,1.0
exposition,0.045454545454545456,1.0
337â,0.045454545454545456,1.0
alvin,0.045454545454545456,1.0
judd,0.045454545454545456,1.0
prevailing,0.045454545454545456,1.0
flows,0.045454545454545456,1.0
hesitant,0.045454545454545456,1.0
unwillingness,0.045454545454545456,1.0
gaps,0.045454545454545456,1.0
unionization,0.045454545454545456,1.0
risks,0.045454545454545456,1.0
polarization,0.045454545454545456,1.0
pent,0.045454545454545456,1.0
murat,0.045454545454545456,1.0
yuriy,0.045454545454545456,1.0
wise,0.045454545454545456,1.0
dislocation,0.045454545454545456,1.0
sylvia,0.045454545454545456,1.0
pryor,0.045454545454545456,1.0
pen,0.045454545454545456,1.0
presentation,0.045454545454545456,1.0
tasci,0.045454545454545456,1.0
doi,0.045454545454545456,1.0
desirability,0.045454545454545456,1.0
scott,0.045454545454545456,1.0
a&m,0.045454545454545456,1.0
los,0.045454545454545456,1.0
raven,0.045454545454545456,1.0
origins,0.045454545454545456,1.0
applicability,0.045454545454545456,1.0
nahid,0.045454545454545456,1.0
cea,0.045454545454545456,1.0
lively,0.045454545454545456,1.0
responses,0.045454545454545456,1.0
functions,0.045454545454545456,1.0
suddenness,0.045454545454545456,1.0
indispensable,0.045454545454545456,1.0
kitsul,0.045454545454545456,1.0
apercentage,0.045454545454545456,1.0
truly,0.045454545454545456,1.0
orrenius,0.045454545454545456,1.0
kumar,0.045454545454545456,1.0
momentarily,0.045454545454545456,1.0
pia,0.045454545454545456,1.0
modal,0.045454545454545456,1.0
assert,0.045454545454545456,1.0
harm,0.045454545454545456,1.0
taisuke,0.045454545454545456,1.0
uncomfortable,0.045454545454545456,1.0
gradualist,0.045454545454545456,1.0
postpone,0.045454545454545456,1.0
tone,0.045454545454545456,1.0
rr,0.045454545454545456,1.0
defense,0.045454545454545456,1.0
dallas,0.045454545454545456,1.0
hansen,0.045454545454545456,1.0
precondition,0.045454545454545456,1.0
predetermined,0.045454545454545456,1.0
academy,0.045454545454545456,1.0
atypical,0.045454545454545456,1.0
diego,0.045454545454545456,1.0
times,0.045454545454545456,1.0
flatter,0.045454545454545456,1.0
deliberate,0.045454545454545456,1.0
ideal,0.045454545454545456,1.0
sergio,0.045454545454545456,1.0
pause,0.045454545454545456,1.0
verge,0.045454545454545456,1.0
backdrop,0.045454545454545456,1.0
rebelo,0.045454545454545456,1.0
restart,0.045454545454545456,1.0
.5y,0.045454545454545456,1.0
capitalization,0.045454545454545456,1.0
consolidation,0.045454545454545456,1.0
oecd,0.045454545454545456,1.0
brunt,0.045454545454545456,1.0
unsteady,0.045454545454545456,1.0
obligation,0.045454545454545456,1.0
periphery,0.045454545454545456,1.0
creatively,0.045454545454545456,1.0
organisation,0.045454545454545456,1.0
human,0.045454545454545456,1.0
multipli,0.045454545454545456,1.0
transparently,0.045454545454545456,1.0
sluggishness,0.045454545454545456,1.0
physical,0.045454545454545456,1.0
hall,0.045454545454545456,1.0
deepen,0.045454545454545456,1.0
delong,0.045454545454545456,1.0
wolfers,0.045454545454545456,1.0
jordan,0.045454545454545456,1.0
spain,0.045454545454545456,1.0
j.bradford,0.045454545454545456,1.0
binding,0.045454545454545456,1.0
creative,0.045454545454545456,1.0
‑month,0.045454545454545456,1.0
nb,0.045454545454545456,1.0
claims,0.045454545454545456,1.0
neatly,0.045454545454545456,1.0
cyclicality,0.045454545454545456,1.0
spark,0.045454545454545456,1.0
dent,0.045454545454545456,1.0
steinmeier,0.045454545454545456,1.0
12â,0.045454545454545456,1.0
heal,0.045454545454545456,1.0
bonn,0.045454545454545456,1.0
cold,0.045454545454545456,1.0
civic,0.045454545454545456,1.0
faberman,0.045454545454545456,1.0
toll,0.045454545454545456,1.0
tyler,0.045454545454545456,1.0
shubik,0.045454545454545456,1.0
lorin,0.045454545454545456,1.0
abigail,0.045454545454545456,1.0
seth,0.045454545454545456,1.0
elderly,0.045454545454545456,1.0
iza,0.045454545454545456,1.0
merline,0.045454545454545456,1.0
richards,0.045454545454545456,1.0
willis,0.045454545454545456,1.0
wedge,0.045454545454545456,1.0
progression,0.045454545454545456,1.0
assure,0.045454545454545456,1.0
workshop,0.045454545454545456,1.0
/201377abs.html,0.045454545454545456,1.0
bls,0.045454545454545456,1.0
angeles,0.045454545454545456,1.0
perc,0.045454545454545456,1.0
organizer,0.045454545454545456,1.0
norms,0.045454545454545456,1.0
skyrocketing,0.045454545454545456,1.0
cutler,0.045454545454545456,1.0
author,0.045454545454545456,1.0
ice,0.045454545454545456,1.0
cho,0.045454545454545456,1.0
discouragement,0.045454545454545456,1.0
jason,0.045454545454545456,1.0
outset,0.045454545454545456,1.0
palucki,0.045454545454545456,1.0
turner,0.045454545454545456,1.0
norton,0.045454545454545456,1.0
happening,0.045454545454545456,1.0
renewal,0.045454545454545456,1.0
freshman,0.045454545454545456,1.0
farber,0.045454545454545456,1.0
tepid,0.045454545454545456,1.0
coe,0.045454545454545456,1.0
waterfire,0.045454545454545456,1.0
nevada,0.045454545454545456,1.0
brown,0.045454545454545456,1.0
hitt,0.045454545454545456,1.0
plusse,0.045454545454545456,1.0
corelogic,0.045454545454545456,1.0
attraction,0.045454545454545456,1.0
snowy,0.045454545454545456,1.0
downtown,0.045454545454545456,1.0
part,0.045454545454545456,1.0
section,0.045454545454545456,1.0
migration,0.045454545454545456,1.0
trough,0.045454545454545456,1.0
applicant,0.045454545454545456,1.0
flattening,0.045454545454545456,1.0
impressively,0.045454545454545456,1.0
confound,0.045454545454545456,1.0
eagan,0.045454545454545456,1.0
"polarization""--that",0.045454545454545456,1.0
unambiguously,0.045454545454545456,1.0
indistinct,0.045454545454545456,1.0
wozniak,0.045454545454545456,1.0
heating,0.045454545454545456,1.0
postwar,0.045454545454545456,1.0
remainder,0.045454545454545456,1.0
municipality,0.045454545454545456,1.0
laura,0.045454545454545456,1.0
rhode,0.045454545454545456,1.0
insight,0.045454545454545456,1.0
islanders,0.045454545454545456,1.0
attentive,0.045454545454545456,1.0
visitor,0.045454545454545456,1.0
island,0.045454545454545456,1.0
grapple,0.045454545454545456,1.0
mart,0.045454545454545456,1.0
thereof,0.045454545454545456,1.0
microeconomics,0.045454545454545456,1.0
craig,0.045454545454545456,1.0
spare,0.045454545454545456,1.0
density,0.045454545454545456,1.0
hill,0.045454545454545456,1.0
reasoning,0.045454545454545456,1.0
bridget,0.045454545454545456,1.0
implied,0.045454545454545456,1.0
injury,0.045454545454545456,1.0
meara,0.045454545454545456,1.0
chestnut,0.045454545454545456,1.0
barr,0.045454545454545456,1.0
w.w.,0.045454545454545456,1.0
margins,0.045454545454545456,1.0
berdan,0.045454545454545456,1.0
w.l.,0.045454545454545456,1.0
norma,0.045454545454545456,1.0
profound,0.045454545454545456,1.0
http://dx.doi.org/,0.045454545454545456,1.0
delineate,0.045454545454545456,1.0
headwinds,0.045454545454545456,1.0
recipe,0.045454545454545456,1.0
cramer,0.045454545454545456,1.0
confronts,0.045454545454545456,1.0
jennifer,0.045454545454545456,1.0
hyatt,0.045454545454545456,1.0
eia,0.045454545454545456,1.0
imberman,0.045454545454545456,1.0
unambiguous,0.045454545454545456,1.0
wal,0.045454545454545456,1.0
abnormally,0.045454545454545456,1.0
steel,0.045454545454545456,1.0
pristine,0.045454545454545456,1.0
recast,0.045454545454545456,1.0
deem,0.045454545454545456,1.0
disruptive,0.045454545454545456,1.0
sarah,0.045454545454545456,1.0
pride,0.045454545454545456,1.0
www.federalreserve.gov/pubs/feds/,0.045454545454545456,1.0
regain,0.045454545454545456,1.0
fare,0.045454545454545456,1.0
characteristics,0.045454545454545456,1.0
dutton,0.045454545454545456,1.0
hurdle,0.045454545454545456,1.0
simplified,0.045454545454545456,1.0
fronts,0.045454545454545456,1.0
dozen,0.045454545454545456,1.0
appetite,0.045454545454545456,1.0
register,0.045454545454545456,1.0
stimulative,0.045454545454545456,1.0
revive,0.045454545454545456,1.0
proxy,0.045454545454545456,1.0
closure,0.045454545454545456,1.0
pa,0.045454545454545456,1.0
strange,0.045454545454545456,1.0
unavoidable,0.045454545454545456,1.0
countervail,0.045454545454545456,1.0
2015a,0.045454545454545456,1.0
promising,0.045454545454545456,1.0
amid,0.045454545454545456,1.0
renminbi,0.045454545454545456,1.0
reinsdorf,0.045454545454545456,1.0
inaccurate,0.045454545454545456,1.0
camden,0.045454545454545456,1.0
file,0.045454545454545456,1.0
possibly,0.045454545454545456,1.0
wrestle,0.045454545454545456,1.0
impetus,0.045454545454545456,1.0
woman,0.045454545454545456,1.0
unpredictably,0.045454545454545456,1.0
meantime,0.045454545454545456,1.0
thrust,0.045454545454545456,1.0
reassurance,0.045454545454545456,1.0
marshall,0.045454545454545456,1.0
courage,0.045454545454545456,1.0
upcoming,0.045454545454545456,1.0
concurrent,0.045454545454545456,1.0
constellation,0.045454545454545456,1.0
revolutionary,0.045454545454545456,1.0
annually,0.045454545454545456,1.0
radhicka,0.045454545454545456,1.0
resident,0.045454545454545456,1.0
plus,0.045454545454545456,1.0
www.federalreserve.gov/monetarypolicy/bst_crisisresponse.htm,0.045454545454545456,1.0
ghayad,0.045454545454545456,1.0
ilian,0.045454545454545456,1.0
âas,0.045454545454545456,1.0
realm,0.045454545454545456,1.0
reward,0.045454545454545456,1.0
depart,0.045454545454545456,1.0
wachter,0.045454545454545456,1.0
orient,0.045454545454545456,1.0
safeguard,0.045454545454545456,1.0
lira,0.045454545454545456,1.0
neighborhood,0.045454545454545456,1.0
recruit,0.045454545454545456,1.0
turbulent,0.045454545454545456,1.0
valid,0.045454545454545456,1.0
consecutive,0.045454545454545456,1.0
gallon,0.045454545454545456,1.0
regular,0.045454545454545456,1.0
tailor,0.045454545454545456,1.0
comply,0.045454545454545456,1.0
2015b,0.045454545454545456,1.0
brave,0.045454545454545456,1.0
rebalance,0.045454545454545456,1.0
mid-1970,0.045454545454545456,1.0
measured,0.045454545454545456,1.0
basket,0.045454545454545456,1.0
glance,0.045454545454545456,1.0
solve,0.045454545454545456,1.0
afflict,0.045454545454545456,1.0
readings,0.045454545454545456,1.0
stubbornly,0.045454545454545456,1.0
strengthens,0.045454545454545456,1.0
crump,0.045454545454545456,1.0
cushion,0.045454545454545456,1.0
diverge,0.045454545454545456,1.0
unrevised,0.045454545454545456,1.0
retrospective,0.045454545454545456,1.0
amend,0.045454545454545456,1.0
interagency,0.045454545454545456,1.0
http://www.federalreserve.gov/pubs/feds/,0.045454545454545456,1.0
deceleration,0.045454545454545456,1.0
/2percentage,0.045454545454545456,1.0
incomplete,0.045454545454545456,1.0
www.federalreserve.gov/monetarypolicy/fomcprojtabl20160316.htm,0.045454545454545456,1.0
chap,0.045454545454545456,1.0
inconsequential,0.045454545454545456,1.0
guideline,0.045454545454545456,1.0
depreciate,0.045454545454545456,1.0
125basis,0.045454545454545456,1.0
healing,0.045454545454545456,1.0
attenuation,0.045454545454545456,1.0
/201376pap.pdf,0.045454545454545456,1.0
intuitively,0.045454545454545456,1.0
jeff,0.045454545454545456,1.0
sideways,0.045454545454545456,1.0
curves,0.045454545454545456,1.0
http://www.kansascityfed.org/publicat/reswkpap/pdf/rwp05-,0.045454545454545456,1.0
mario,0.045454545454545456,1.0
moderation,0.045454545454545456,1.0
entrenched,0.045454545454545456,1.0
minority,0.045454545454545456,1.0
attitude,0.045454545454545456,1.0
johanssen,0.045454545454545456,1.0
shatter,0.045454545454545456,1.0
hispanics,0.045454545454545456,1.0
repercussion,0.045454545454545456,1.0
verizon,0.045454545454545456,1.0
vote,0.045454545454545456,1.0
indulgence,0.045454545454545456,1.0
tick,0.045454545454545456,1.0
byrne,0.045454545454545456,1.0
nj,0.045454545454545456,1.0
property,0.045454545454545456,1.0
stagnate,0.045454545454545456,1.0
minutes,0.045454545454545456,1.0
wilmington,0.045454545454545456,1.0
amenable,0.045454545454545456,1.0
aberration,0.045454545454545456,1.0
seasonally,0.045454545454545456,1.0
ought,0.045454545454545456,1.0
genetically,0.045454545454545456,1.0
initiation,0.045454545454545456,1.0
md,0.045454545454545456,1.0
turmoil,0.045454545454545456,1.0
chiefly,0.045454545454545456,1.0
uncertainties,0.045454545454545456,1.0
bumpiness,0.045454545454545456,1.0
forecasts,0.045454545454545456,1.0
friday,0.045454545454545456,1.0
therapy,0.045454545454545456,1.0
r(t,0.045454545454545456,1.0
sharply.â,0.045454545454545456,1.0
repo,0.045454545454545456,1.0
rrp,0.045454545454545456,1.0
auction,0.045454545454545456,1.0
u(t)-u,0.045454545454545456,1.0
manchester,0.045454545454545456,1.0
vicki,0.045454545454545456,1.0
printing,0.045454545454545456,1.0
âblueâ,0.045454545454545456,1.0
www.cbo.gov/about/products/budget_economic_data,0.045454545454545456,1.0
facilitator,0.045454545454545456,1.0
nitty,0.045454545454545456,1.0
greenbook,0.045454545454545456,1.0
liif,0.045454545454545456,1.0
hypothetically,0.045454545454545456,1.0
ambitiously,0.045454545454545456,1.0
undoing,0.045454545454545456,1.0
layoffs,0.045454545454545456,1.0
supplement,0.045454545454545456,1.0
brownlee,0.045454545454545456,1.0
bill,0.045454545454545456,1.0
xavier,0.045454545454545456,1.0
plumber,0.045454545454545456,1.0
analysis--,0.045454545454545456,1.0
handout,0.045454545454545456,1.0
tough,0.045454545454545456,1.0
statistically,0.045454545454545456,1.0
processing,0.045454545454545456,1.0
unconstrained,0.045454545454545456,1.0
predictive,0.045454545454545456,1.0
www.federalreserve.gov/monetarypolicy/reservereq.htm,0.045454545454545456,1.0
ratesâ-the,0.045454545454545456,1.0
vault,0.045454545454545456,1.0
eager,0.045454545454545456,1.0
sterilization,0.045454545454545456,1.0
fixed,0.045454545454545456,1.0
interestingly,0.045454545454545456,1.0
reuven,0.045454545454545456,1.0
munyan,0.045454545454545456,1.0
qualify,0.045454545454545456,1.0
stoll,0.045454545454545456,1.0
fabrizio,0.045454545454545456,1.0
dickens,0.045454545454545456,1.0
akerlof,0.045454545454545456,1.0
administrative,0.045454545454545456,1.0
floating,0.045454545454545456,1.0
official,0.045454545454545456,1.0
katz,0.045454545454545456,1.0
yoshiyuki,0.045454545454545456,1.0
doubt,0.045454545454545456,1.0
p(t,0.045454545454545456,1.0
joyce,0.045454545454545456,1.0
unchecked,0.045454545454545456,1.0
contingency,0.045454545454545456,1.0
alisdair,0.045454545454545456,1.0
tealbook,0.045454545454545456,1.0
unite,0.045454545454545456,1.0
www.federalreserve.gov/monetarypolicy/fomcminutes20160615ep.htm,0.045454545454545456,1.0
ioer,0.045454545454545456,1.0
daunting,0.045454545454545456,1.0
mihov,0.045454545454545456,1.0
south,0.045454545454545456,1.0
daunt,0.045454545454545456,1.0
stabilizers,0.045454545454545456,1.0
devastating,0.045454545454545456,1.0
clerical,0.045454545454545456,1.0
âredâ,0.045454545454545456,1.0
floor,0.045454545454545456,1.0
rand,0.045454545454545456,1.0
paucity,0.045454545454545456,1.0
cease,0.045454545454545456,1.0
sterilize,0.045454545454545456,1.0
www.federalreserve.gov/monetarypolicy/files/fomcminutes20160615.pdf,0.045454545454545456,1.0
globalized,0.045454545454545456,1.0
secret,0.045454545454545456,1.0
sentence,0.045454545454545456,1.0
routine,0.045454545454545456,1.0
drain,0.045454545454545456,1.0
typo,0.045454545454545456,1.0
jermaine,0.045454545454545456,1.0
climbing,0.045454545454545456,1.0
fatás,0.045454545454545456,1.0
grocery,0.045454545454545456,1.0
color,0.045454545454545456,1.0
gritty,0.045454545454545456,1.0
basically,0.045454545454545456,1.0
poole,0.045454545454545456,1.0
u(t,0.045454545454545456,1.0
stuck,0.045454545454545456,1.0
errors,0.045454545454545456,1.0
selection,0.045454545454545456,1.0
naperville,0.045454545454545456,1.0
scar,0.045454545454545456,1.0
ï,0.045454545454545456,1.0
rmspes,0.045454545454545456,1.0
starter,0.045454545454545456,1.0
propensity,0.045454545454545456,1.0
unfavorable,0.045454545454545456,1.0
worldwide,0.045454545454545456,1.0
kapoor,0.045454545454545456,1.0
overstatement,0.045454545454545456,1.0
losses,0.045454545454545456,1.0
criticism,0.045454545454545456,1.0
www.frbsf.org/economic-research/files/wp2016-,0.045454545454545456,1.0
notowidigdo,0.045454545454545456,1.0
mckay,0.045454545454545456,1.0
antonio,0.045454545454545456,1.0
superabundant,0.045454545454545456,1.0
www.federalreserve.gov/monetarypolicy/bst_fedsbalancesheet.htm,0.045454545454545456,1.0
vacant,0.045454545454545456,1.0
catalyst,0.045454545454545456,1.0
characteristic,0.045454545454545456,1.0
www.whitehouse.gov/sites/default/files/omb/budget/fy2016/assets/16msr.pdf,0.045454545454545456,1.0
debrun,0.045454545454545456,1.0
disqualification,0.045454545454545456,1.0
homeownership,0.045454545454545456,1.0
low-,0.045454545454545456,1.0
appeal,0.045454545454545456,1.0
communities,0.045454545454545456,1.0
inside,0.045454545454545456,1.0
bullet,0.045454545454545456,1.0
slowness,0.045454545454545456,1.0
option,0.045454545454545456,1.0
arena,0.045454545454545456,1.0
b.e.,0.045454545454545456,1.0
ricardo,0.045454545454545456,1.0
career,0.045454545454545456,1.0
inadequate,0.045454545454545456,1.0
nontraditional,0.045454545454545456,1.0
homebuilding,0.045454545454545456,1.0
inevitably,0.045454545454545456,1.0
abrahams,0.045454545454545456,1.0
pop,0.045454545454545456,1.0
ascari,0.045454545454545456,1.0
prosper,0.045454545454545456,1.0
orange,0.045454545454545456,1.0
enter,0.045454545454545456,1.0
collectively,0.045454545454545456,1.0
disease,0.045454545454545456,1.0
fraction,0.045454545454545456,1.0
contreras,0.045454545454545456,1.0
parameter,0.045454545454545456,1.0
entrepreneurial,0.045454545454545456,1.0
paolo,0.045454545454545456,1.0
inaugural,0.045454545454545456,1.0
salary,0.045454545454545456,1.0
ash,0.045454545454545456,1.0
feasibly,0.045454545454545456,1.0
solely,0.045454545454545456,1.0
norway,0.045454545454545456,1.0
appropriateness,0.045454545454545456,1.0
reimbursement,0.045454545454545456,1.0
meaning,0.045454545454545456,1.0
stylized,0.045454545454545456,1.0
executive,0.045454545454545456,1.0
stephen,0.045454545454545456,1.0
harvest,0.045454545454545456,1.0
chronic,0.045454545454545456,1.0
undergraduate,0.045454545454545456,1.0
completion,0.045454545454545456,1.0
standards,0.045454545454545456,1.0
robustly,0.045454545454545456,1.0
dark,0.045454545454545456,1.0
chamber,0.045454545454545456,1.0
trimmed,0.045454545454545456,1.0
convert,0.045454545454545456,1.0
criterion,0.045454545454545456,1.0
christina,0.045454545454545456,1.0
compliant,0.045454545454545456,1.0
soar,0.045454545454545456,1.0
sneddon,0.045454545454545456,1.0
thinking,0.045454545454545456,1.0
entity,0.045454545454545456,1.0
kodrzycki,0.045454545454545456,1.0
contours,0.045454545454545456,1.0
cohen,0.045454545454545456,1.0
officially,0.045454545454545456,1.0
i]f,0.045454545454545456,1.0
gorodnichenko,0.045454545454545456,1.0
checking,0.045454545454545456,1.0
administrator,0.045454545454545456,1.0
variability,0.045454545454545456,1.0
temper,0.045454545454545456,1.0
âit,0.045454545454545456,1.0
broader,0.045454545454545456,1.0
accurate,0.045454545454545456,1.0
formulation,0.045454545454545456,1.0
cogley,0.045454545454545456,1.0
monitoring,0.045454545454545456,1.0
zandweghe,0.045454545454545456,1.0
excellence,0.045454545454545456,1.0
evening,0.045454545454545456,1.0
overwhelmingly,0.045454545454545456,1.0
sweet,0.045454545454545456,1.0
1970s,0.045454545454545456,1.0
invasion,0.045454545454545456,1.0
glean,0.045454545454545456,1.0
inconsistent,0.045454545454545456,1.0
reversal,0.045454545454545456,1.0
reconsideration,0.045454545454545456,1.0
missing,0.045454545454545456,1.0
yuliy,0.045454545454545456,1.0
hooker,0.045454545454545456,1.0
diminished,0.045454545454545456,1.0
riksbank,0.045454545454545456,1.0
optimize,0.045454545454545456,1.0
discern,0.045454545454545456,1.0
reverberate,0.045454545454545456,1.0
user,0.045454545454545456,1.0
immune,0.045454545454545456,1.0
resultant,0.045454545454545456,1.0
spn/,0.045454545454545456,1.0
insufficiently,0.045454545454545456,1.0
safety,0.045454545454545456,1.0
dot,0.045454545454545456,1.0
successful,0.045454545454545456,1.0
aspects,0.045454545454545456,1.0
rat,0.045454545454545456,1.0
imbalances,0.045454545454545456,1.0
ball,0.045454545454545456,1.0
nontransparent,0.045454545454545456,1.0
tobin,0.045454545454545456,1.0
remediation,0.045454545454545456,1.0
purely,0.045454545454545456,1.0
vigorous,0.045454545454545456,1.0
cycles,0.045454545454545456,1.0
intermediaries,0.045454545454545456,1.0
swath,0.045454545454545456,1.0
ekaterina,0.045454545454545456,1.0
imprecisely,0.045454545454545456,1.0
orphanides,0.045454545454545456,1.0
crack,0.045454545454545456,1.0
stockholm,0.045454545454545456,1.0
manifest,0.045454545454545456,1.0
unwilling,0.045454545454545456,1.0
sifi,0.045454545454545456,1.0
alp,0.045454545454545456,1.0
paustian,0.045454545454545456,1.0
proponent,0.045454545454545456,1.0
concretely,0.045454545454545456,1.0
invoke,0.045454545454545456,1.0
suppose,0.045454545454545456,1.0
ivo,0.045454545454545456,1.0
unanticipate,0.045454545454545456,1.0
annuity,0.045454545454545456,1.0
anton,0.045454545454545456,1.0
simsek,0.045454545454545456,1.0
opportunistically,0.045454545454545456,1.0
attache,0.045454545454545456,1.0
preclude,0.045454545454545456,1.0
govern,0.045454545454545456,1.0
penalver,0.045454545454545456,1.0
cyclically,0.045454545454545456,1.0
umbrella,0.045454545454545456,1.0
bard,0.045454545454545456,1.0
turkey,0.045454545454545456,1.0
overvalue,0.045454545454545456,1.0
elb,0.045454545454545456,1.0
loungani,0.045454545454545456,1.0
q&a,0.045454545454545456,1.0
yolanda,0.045454545454545456,1.0
persuade,0.045454545454545456,1.0
iraqi,0.045454545454545456,1.0
unfamiliar,0.045454545454545456,1.0
undergo,0.045454545454545456,1.0
"time--""some",0.045454545454545456,1.0
article,0.045454545454545456,1.0
outright,0.045454545454545456,1.0
unforeseen,0.045454545454545456,1.0
requests,0.045454545454545456,1.0
unrevise,0.045454545454545456,1.0
stone,0.045454545454545456,1.0
pronounce,0.045454545454545456,1.0
unreliable,0.045454545454545456,1.0
minneapolis,0.045454545454545456,1.0
simplicity,0.045454545454545456,1.0
barsky,0.045454545454545456,1.0
1082r,0.045454545454545456,1.0
pence,0.045454545454545456,1.0
clarify,0.045454545454545456,1.0
motto,0.045454545454545456,1.0
chairman,0.045454545454545456,1.0
savings,0.045454545454545456,1.0
testament,0.045454545454545456,1.0
mining,0.045454545454545456,1.0
kathleen,0.045454545454545456,1.0
milton,0.045454545454545456,1.0
eusepi,0.045454545454545456,1.0
disappoint,0.045454545454545456,1.0
koo,0.045454545454545456,1.0
soften,0.045454545454545456,1.0
corner,0.045454545454545456,1.0
transcript,0.045454545454545456,1.0
sovereign,0.045454545454545456,1.0
gradualism,0.045454545454545456,1.0
behave,0.045454545454545456,1.0
gust,0.045454545454545456,1.0
cps,0.045454545454545456,1.0
flint,0.045454545454545456,1.0
confusion,0.045454545454545456,1.0
cloud,0.045454545454545456,1.0
introductory,0.045454545454545456,1.0
underscore,0.045454545454545456,1.0
emanuel,0.045454545454545456,1.0
olivei,0.045454545454545456,1.0
approval,0.045454545454545456,1.0
precisely,0.045454545454545456,1.0
overly,0.045454545454545456,1.0
poll,0.045454545454545456,1.0
critically,0.045454545454545456,1.0
witness,0.045454545454545456,1.0
alas,0.045454545454545456,1.0
conclusive,0.045454545454545456,1.0
kindly,0.045454545454545456,1.0
tipping,0.045454545454545456,1.0
overestimate,0.045454545454545456,1.0
barrel,0.045454545454545456,1.0
confuse,0.045454545454545456,1.0
brayton,0.045454545454545456,1.0
apt,0.045454545454545456,1.0
launch,0.045454545454545456,1.0
draghi,0.045454545454545456,1.0
moench,0.045454545454545456,1.0
bpea,0.045454545454545456,1.0
pdfp)--which,0.045454545454545456,1.0
conjunction,0.045454545454545456,1.0
asymmetries,0.045454545454545456,1.0
seemingly,0.045454545454545456,1.0
cocci,0.045454545454545456,1.0
respective,0.045454545454545456,1.0
karen,0.045454545454545456,1.0
accept,0.045454545454545456,1.0
upbeat,0.045454545454545456,1.0
veronica,0.045454545454545456,1.0
regulate,0.045454545454545456,1.0
pdfp,0.045454545454545456,1.0
guerrieri,0.045454545454545456,1.0
spike,0.045454545454545456,1.0
preference,0.045454545454545456,1.0
iacoviello,0.045454545454545456,1.0
linder,0.045454545454545456,1.0
inference,0.045454545454545456,1.0
sales,0.045454545454545456,1.0
await,0.045454545454545456,1.0
fuhrer,0.045454545454545456,1.0
melosi,0.045454545454545456,1.0
paul,0.045454545454545456,1.0
outlay,0.045454545454545456,1.0
lorenzoni,0.045454545454545456,1.0
obediently,0.045454545454545456,1.0
permit,0.045454545454545456,1.0
romer,0.045454545454545456,1.0
revolution,0.045454545454545456,1.0
stack,0.045454545454545456,1.0
virtue,0.045454545454545456,1.0
aspen,0.045454545454545456,1.0
damp,0.045454545454545456,1.0
--close,0.045454545454545456,1.0
publishers,0.045454545454545456,1.0
upside,0.045454545454545456,1.0
mit,0.045454545454545456,1.0
stefano,0.045454545454545456,1.0
posit,0.045454545454545456,1.0
rostagno,0.045454545454545456,1.0
raiden,0.045454545454545456,1.0
uhlig,0.045454545454545456,1.0
measureable,0.045454545454545456,1.0
famous,0.045454545454545456,1.0
agnostic,0.045454545454545456,1.0
expiration,0.045454545454545456,1.0
recount,0.045454545454545456,1.0
declare,0.045454545454545456,1.0
subside,0.045454545454545456,1.0
vine,0.045454545454545456,1.0
wicksell,0.045454545454545456,1.0
massimo,0.045454545454545456,1.0
hasegawa,0.045454545454545456,1.0
myriad,0.045454545454545456,1.0
sided,0.045454545454545456,1.0
precautionary,0.045454545454545456,1.0
cúrdia,0.045454545454545456,1.0
resurgent,0.045454545454545456,1.0
dsge,0.045454545454545456,1.0
matteo,0.045454545454545456,1.0
famously,0.045454545454545456,1.0
loom,0.045454545454545456,1.0
suppl,0.045454545454545456,1.0
search,0.045454545454545456,1.0
prospective,0.045454545454545456,1.0
