lemma,doc_freq,multiplier
economic,1.0,0.0
economy,1.0,0.0
rate,0.9777777777777777,0.0
policy,0.9777777777777777,0.0
monetary,0.9777777777777777,0.0
continue,0.9777777777777777,0.0
growth,0.9777777777777777,0.0
year,0.9777777777777777,0.0
federal,0.9777777777777777,0.0
market,0.9777777777777777,0.0
time,0.9555555555555556,0.0
risk,0.9555555555555556,0.0
inflation,0.9555555555555556,0.0
long,0.9555555555555556,0.0
high,0.9333333333333333,0.0
price,0.9333333333333333,0.0
low,0.9333333333333333,0.0
percent,0.9111111111111111,0.0
business,0.9111111111111111,0.0
job,0.9111111111111111,0.0
fed,0.9111111111111111,0.0
employment,0.9111111111111111,0.0
strong,0.9111111111111111,0.0
past,0.9111111111111111,0.0
change,0.8888888888888888,0.3
run,0.8888888888888888,0.3
today,0.8888888888888888,0.3
remain,0.8888888888888888,0.3
reserve,0.8888888888888888,0.3
level,0.8888888888888888,0.3
point,0.8666666666666667,0.3
new,0.8666666666666667,0.3
u.s.,0.8666666666666667,0.3
term,0.8666666666666667,0.3
support,0.8666666666666667,0.3
good,0.8666666666666667,0.3
increase,0.8666666666666667,0.3
stability,0.8444444444444444,0.3
bank,0.8444444444444444,0.3
financial,0.8444444444444444,0.3
work,0.8444444444444444,0.3
likely,0.8444444444444444,0.3
goal,0.8444444444444444,0.3
come,0.8444444444444444,0.3
recent,0.8222222222222222,0.3
well,0.8222222222222222,0.3
hold,0.8222222222222222,0.3
committee,0.8222222222222222,0.3
report,0.8222222222222222,0.3
month,0.8,0.3
range,0.8,0.3
close,0.8,0.3
labor,0.8,0.3
open,0.8,0.3
need,0.8,0.3
decline,0.8,0.3
appropriate,0.8,0.3
public,0.8,0.3
rise,0.8,0.3
include,0.8,0.3
benefit,0.7777777777777778,0.3
meeting,0.7777777777777778,0.3
important,0.7777777777777778,0.3
pressure,0.7777777777777778,0.3
board,0.7777777777777778,0.3
datum,0.7777777777777778,0.3
measure,0.7777777777777778,0.3
condition,0.7777777777777778,0.3
live,0.7777777777777778,0.3
look,0.7555555555555555,0.3
unemployment,0.7555555555555555,0.3
expect,0.7555555555555555,0.3
large,0.7555555555555555,0.3
significant,0.7555555555555555,0.3
outlook,0.7555555555555555,0.3
great,0.7555555555555555,0.3
achieve,0.7555555555555555,0.3
bring,0.7555555555555555,0.3
base,0.7555555555555555,0.3
target,0.7555555555555555,0.3
period,0.7333333333333333,0.3
early,0.7333333333333333,0.3
begin,0.7333333333333333,0.3
interest,0.7333333333333333,0.3
system,0.7333333333333333,0.3
expectation,0.7333333333333333,0.3
see,0.7333333333333333,0.3
return,0.7333333333333333,0.3
turn,0.7333333333333333,0.3
face,0.7333333333333333,0.3
household,0.7333333333333333,0.3
global,0.7333333333333333,0.3
slow,0.7333333333333333,0.3
discussion,0.7333333333333333,0.3
way,0.7333333333333333,0.3
effect,0.7111111111111111,0.3
end,0.7111111111111111,0.3
reflect,0.7111111111111111,0.3
help,0.7111111111111111,0.3
discuss,0.7111111111111111,0.3
decade,0.7111111111111111,0.3
maximum,0.7111111111111111,0.3
fund,0.7111111111111111,0.3
move,0.7111111111111111,0.3
broad,0.7111111111111111,0.3
core,0.7111111111111111,0.3
example,0.7111111111111111,0.3
pace,0.6888888888888889,0.3
far,0.6888888888888889,0.3
mandate,0.6888888888888889,0.3
near,0.6888888888888889,0.3
fall,0.6888888888888889,0.3
affect,0.6888888888888889,0.3
result,0.6888888888888889,0.3
reduce,0.6888888888888889,0.3
give,0.6888888888888889,0.3
challenge,0.6888888888888889,0.3
half,0.6888888888888889,0.3
fomc,0.6888888888888889,0.3
clear,0.6888888888888889,0.3
demand,0.6666666666666666,0.3
use,0.6666666666666666,0.3
world,0.6666666666666666,0.3
review,0.6666666666666666,0.3
speech,0.6666666666666666,0.3
worker,0.6666666666666666,0.3
watch,0.6666666666666666,0.3
evolve,0.6666666666666666,0.3
meet,0.6666666666666666,0.3
view,0.6666666666666666,0.3
role,0.6666666666666666,0.3
course,0.6444444444444445,0.3
current,0.6444444444444445,0.3
like,0.6444444444444445,0.3
survey,0.6444444444444445,0.3
moderate,0.6444444444444445,0.3
force,0.6444444444444445,0.3
deliver,0.6444444444444445,0.3
objective,0.6444444444444445,0.3
tool,0.6444444444444445,0.3
available,0.6444444444444445,0.3
estimate,0.6444444444444445,0.3
lower,0.6444444444444445,0.3
raise,0.6444444444444445,0.3
people,0.6222222222222222,0.3
question,0.6222222222222222,0.3
stance,0.6222222222222222,0.3
wage,0.6222222222222222,0.3
lead,0.6222222222222222,0.3
balance,0.6222222222222222,0.3
forward,0.6222222222222222,0.3
average,0.6222222222222222,0.3
provide,0.6222222222222222,0.3
central,0.6222222222222222,0.3
congress,0.6,0.3
decision,0.6,0.3
research,0.6,0.3
stable,0.6,0.3
appear,0.6,0.3
governors,0.6,0.3
washington,0.6,0.3
case,0.6,0.3
consistent,0.6,0.3
note,0.6,0.3
overall,0.6,0.3
pdf,0.5777777777777777,0.3
outcome,0.5777777777777777,0.3
grow,0.5777777777777777,0.3
real,0.5777777777777777,0.3
factor,0.5777777777777777,0.3
show,0.5777777777777777,0.3
broadly,0.5777777777777777,0.3
development,0.5777777777777777,0.3
require,0.5777777777777777,0.3
recovery,0.5777777777777777,0.3
uncertainty,0.5777777777777777,0.3
participant,0.5777777777777777,0.3
fully,0.5777777777777777,0.3
significantly,0.5777777777777777,0.3
addition,0.5777777777777777,0.3
understand,0.5777777777777777,0.3
colleague,0.5777777777777777,0.3
recession,0.5555555555555556,0.3
ago,0.5555555555555556,0.3
activity,0.5555555555555556,0.3
follow,0.5555555555555556,0.3
event,0.5555555555555556,0.3
response,0.5555555555555556,0.3
crisis,0.5555555555555556,0.3
path,0.5555555555555556,0.3
suggest,0.5555555555555556,0.3
ongoing,0.5555555555555556,0.3
present,0.5333333333333333,0.3
improve,0.5333333333333333,0.3
income,0.5333333333333333,0.3
roughly,0.5333333333333333,0.3
share,0.5333333333333333,0.3
spending,0.5333333333333333,0.3
progress,0.5333333333333333,0.3
basis,0.5333333333333333,0.3
service,0.5333333333333333,0.3
dual,0.5333333333333333,0.3
quarter,0.5333333333333333,0.3
indicator,0.5333333333333333,0.3
particularly,0.5333333333333333,0.3
gain,0.5333333333333333,0.3
take,0.5333333333333333,0.3
generally,0.5333333333333333,0.3
consumer,0.5333333333333333,0.3
play,0.5333333333333333,0.3
energy,0.5333333333333333,0.3
issue,0.5333333333333333,0.3
february,0.5333333333333333,0.3
focus,0.5333333333333333,0.3
effective,0.5333333333333333,0.3
sector,0.5333333333333333,0.3
approach,0.5333333333333333,0.3
economics,0.5333333333333333,0.3
allow,0.5333333333333333,0.3
experience,0.5333333333333333,0.3
believe,0.5333333333333333,0.3
country,0.5333333333333333,0.3
information,0.5333333333333333,0.3
series,0.5111111111111111,0.3
start,0.5111111111111111,0.3
conference,0.5111111111111111,0.3
late,0.5111111111111111,0.3
cost,0.5111111111111111,0.3
short,0.5111111111111111,0.3
mean,0.5111111111111111,0.3
effort,0.5111111111111111,0.3
contribute,0.5111111111111111,0.3
reason,0.5111111111111111,0.3
implication,0.5111111111111111,0.3
maintain,0.5111111111111111,0.3
march,0.5111111111111111,0.3
text,0.5111111111111111,0.3
incoming,0.5111111111111111,0.3
participation,0.5111111111111111,0.3
pandemic,0.5111111111111111,0.3
recently,0.5111111111111111,0.3
june,0.5111111111111111,0.3
historically,0.5111111111111111,0.3
standard,0.5111111111111111,0.3
fiscal,0.5111111111111111,0.3
states,0.5111111111111111,0.3
assessment,0.5111111111111111,0.3
united,0.5111111111111111,0.3
food,0.5111111111111111,0.3
framework,0.5111111111111111,0.3
supply,0.5111111111111111,0.3
keep,0.4888888888888889,1.0
address,0.4888888888888889,1.0
especially,0.4888888888888889,1.0
strategy,0.4888888888888889,1.0
anchor,0.4888888888888889,1.0
statement,0.4888888888888889,1.0
personal,0.4888888888888889,1.0
vol,0.4888888888888889,1.0
directly,0.4888888888888889,1.0
promote,0.4888888888888889,1.0
assess,0.4888888888888889,1.0
difficult,0.4888888888888889,1.0
paper,0.4888888888888889,1.0
consumption,0.4888888888888889,1.0
july,0.4888888888888889,1.0
h.,0.4888888888888889,1.0
relate,0.4888888888888889,1.0
particular,0.4666666666666667,1.0
september,0.4666666666666667,1.0
find,0.4666666666666667,1.0
process,0.4666666666666667,1.0
city,0.4666666666666667,1.0
version,0.4666666666666667,1.0
serve,0.4666666666666667,1.0
percentage,0.4666666666666667,1.0
volatile,0.4666666666666667,1.0
know,0.4666666666666667,1.0
figure,0.4666666666666667,1.0
conduct,0.4666666666666667,1.0
highly,0.4666666666666667,1.0
opportunity,0.4666666666666667,1.0
confidence,0.4666666666666667,1.0
ease,0.4666666666666667,1.0
ahead,0.4666666666666667,1.0
tight,0.4666666666666667,1.0
investment,0.4666666666666667,1.0
hard,0.4666666666666667,1.0
conclusion,0.4666666666666667,1.0
expansion,0.4666666666666667,1.0
leave,0.4666666666666667,1.0
evidence,0.4666666666666667,1.0
release,0.4666666666666667,1.0
reach,0.4666666666666667,1.0
press,0.4444444444444444,1.0
annual,0.4444444444444444,1.0
possible,0.4444444444444444,1.0
accessible,0.4444444444444444,1.0
step,0.4444444444444444,1.0
august,0.4444444444444444,1.0
conclude,0.4444444444444444,1.0
gdp,0.4444444444444444,1.0
essential,0.4444444444444444,1.0
total,0.4444444444444444,1.0
chart,0.4444444444444444,1.0
life,0.4444444444444444,1.0
quickly,0.4444444444444444,1.0
future,0.4444444444444444,1.0
communication,0.4444444444444444,1.0
finance,0.4444444444444444,1.0
state,0.4444444444444444,1.0
consider,0.4444444444444444,1.0
pre,0.4444444444444444,1.0
number,0.4444444444444444,1.0
sustain,0.4444444444444444,1.0
major,0.4444444444444444,1.0
structure,0.4444444444444444,1.0
act,0.4444444444444444,1.0
indicate,0.4444444444444444,1.0
thank,0.4222222222222222,1.0
additional,0.4222222222222222,1.0
clearly,0.4222222222222222,1.0
different,0.4222222222222222,1.0
set,0.4222222222222222,1.0
learn,0.4222222222222222,1.0
go,0.4222222222222222,1.0
expenditure,0.4222222222222222,1.0
little,0.4222222222222222,1.0
emerge,0.4222222222222222,1.0
elevated,0.4222222222222222,1.0
sponsor,0.4222222222222222,1.0
shock,0.4222222222222222,1.0
potential,0.4222222222222222,1.0
add,0.4222222222222222,1.0
substantial,0.4222222222222222,1.0
october,0.4222222222222222,1.0
understanding,0.4222222222222222,1.0
opening,0.4222222222222222,1.0
trend,0.4222222222222222,1.0
explain,0.4222222222222222,1.0
domestic,0.4222222222222222,1.0
national,0.4222222222222222,1.0
get,0.4222222222222222,1.0
let,0.4,1.0
summary,0.4,1.0
persistent,0.4,1.0
working,0.4,1.0
steadily,0.4,1.0
week,0.4,1.0
downward,0.4,1.0
natural,0.4,1.0
banking,0.4,1.0
think,0.4,1.0
april,0.4,1.0
action,0.4,1.0
day,0.4,1.0
strength,0.4,1.0
advanced,0.4,1.0
wide,0.4,1.0
ultimately,0.4,1.0
sharply,0.4,1.0
weigh,0.4,1.0
policymaker,0.4,1.0
carefully,0.4,1.0
tighten,0.4,1.0
index,0.4,1.0
despite,0.4,1.0
pce,0.4,1.0
website,0.4,1.0
somewhat,0.4,1.0
uncertain,0.4,1.0
soon,0.4,1.0
product,0.4,1.0
fast,0.4,1.0
able,0.4,1.0
shift,0.4,1.0
critical,0.37777777777777777,1.0
individual,0.37777777777777777,1.0
make,0.37777777777777777,1.0
strengthen,0.37777777777777777,1.0
december,0.37777777777777777,1.0
pose,0.37777777777777777,1.0
january,0.37777777777777777,1.0
substantially,0.37777777777777777,1.0
journal,0.37777777777777777,1.0
historical,0.37777777777777777,1.0
productivity,0.37777777777777777,1.0
monitor,0.37777777777777777,1.0
trade,0.37777777777777777,1.0
degree,0.37777777777777777,1.0
sustained,0.37777777777777777,1.0
output,0.37777777777777777,1.0
american,0.37777777777777777,1.0
kansas,0.37777777777777777,1.0
jackson,0.37777777777777777,1.0
position,0.37777777777777777,1.0
dynamic,0.37777777777777777,1.0
neutral,0.37777777777777777,1.0
projection,0.37777777777777777,1.0
hole,0.37777777777777777,1.0
housing,0.37777777777777777,1.0
concern,0.37777777777777777,1.0
key,0.37777777777777777,1.0
powell,0.37777777777777777,1.0
sharp,0.37777777777777777,1.0
currently,0.37777777777777777,1.0
pp,0.37777777777777777,1.0
government,0.37777777777777777,1.0
community,0.37777777777777777,1.0
americans,0.37777777777777777,1.0
category,0.37777777777777777,1.0
peak,0.37777777777777777,1.0
speak,0.37777777777777777,1.0
macroeconomic,0.37777777777777777,1.0
solid,0.37777777777777777,1.0
value,0.37777777777777777,1.0
normal,0.37777777777777777,1.0
group,0.37777777777777777,1.0
control,0.37777777777777777,1.0
institution,0.37777777777777777,1.0
bind,0.35555555555555557,1.0
downturn,0.35555555555555557,1.0
seek,0.35555555555555557,1.0
gradual,0.35555555555555557,1.0
staff,0.35555555555555557,1.0
build,0.35555555555555557,1.0
environment,0.35555555555555557,1.0
bureau,0.35555555555555557,1.0
prime,0.35555555555555557,1.0
symposium,0.35555555555555557,1.0
restore,0.35555555555555557,1.0
aim,0.35555555555555557,1.0
analysis,0.35555555555555557,1.0
international,0.35555555555555557,1.0
relative,0.35555555555555557,1.0
pay,0.35555555555555557,1.0
employer,0.35555555555555557,1.0
welcome,0.35555555555555557,1.0
nearly,0.35555555555555557,1.0
source,0.35555555555555557,1.0
later,0.35555555555555557,1.0
inflationary,0.35555555555555557,1.0
forecast,0.35555555555555557,1.0
ask,0.35555555555555557,1.0
history,0.35555555555555557,1.0
commitment,0.35555555555555557,1.0
depend,0.35555555555555557,1.0
november,0.35555555555555557,1.0
similar,0.35555555555555557,1.0
lesson,0.35555555555555557,1.0
gross,0.35555555555555557,1.0
private,0.35555555555555557,1.0
relatively,0.3333333333333333,1.0
adjustment,0.3333333333333333,1.0
main,0.3333333333333333,1.0
area,0.3333333333333333,1.0
tell,0.3333333333333333,1.0
deal,0.3333333333333333,1.0
wyo,0.3333333333333333,1.0
closely,0.3333333333333333,1.0
detail,0.3333333333333333,1.0
small,0.3333333333333333,1.0
michael,0.3333333333333333,1.0
instead,0.3333333333333333,1.0
form,0.3333333333333333,1.0
respond,0.3333333333333333,1.0
occur,0.3333333333333333,1.0
upward,0.3333333333333333,1.0
persistently,0.3333333333333333,1.0
account,0.3333333333333333,1.0
size,0.3333333333333333,1.0
forecaster,0.3333333333333333,1.0
argue,0.3333333333333333,1.0
confident,0.3333333333333333,1.0
robust,0.3333333333333333,1.0
era,0.3333333333333333,1.0
brookings,0.3333333333333333,1.0
money,0.3333333333333333,1.0
say,0.3333333333333333,1.0
associate,0.3333333333333333,1.0
topic,0.3333333333333333,1.0
cause,0.3333333333333333,1.0
push,0.3333333333333333,1.0
prove,0.3333333333333333,1.0
have,0.3333333333333333,1.0
place,0.3333333333333333,1.0
sustainable,0.3333333333333333,1.0
tend,0.3333333333333333,1.0
ability,0.3333333333333333,1.0
call,0.3333333333333333,1.0
nber,0.3333333333333333,1.0
signal,0.3111111111111111,1.0
perspective,0.3111111111111111,1.0
sustainably,0.3111111111111111,1.0
healthy,0.3111111111111111,1.0
immigration,0.3111111111111111,1.0
perform,0.3111111111111111,1.0
j.,0.3111111111111111,1.0
improvement,0.3111111111111111,1.0
security,0.3111111111111111,1.0
accompany,0.3111111111111111,1.0
david,0.3111111111111111,1.0
importance,0.3111111111111111,1.0
assign,0.3111111111111111,1.0
refer,0.3111111111111111,1.0
york,0.3111111111111111,1.0
highlight,0.3111111111111111,1.0
d.,0.3111111111111111,1.0
gradually,0.3111111111111111,1.0
credit,0.3111111111111111,1.0
median,0.3111111111111111,1.0
extended,0.3111111111111111,1.0
anticipate,0.3111111111111111,1.0
curve,0.3111111111111111,1.0
expand,0.3111111111111111,1.0
problem,0.3111111111111111,1.0
context,0.3111111111111111,1.0
bernanke,0.3111111111111111,1.0
manage,0.3111111111111111,1.0
plan,0.3111111111111111,1.0
age,0.3111111111111111,1.0
john,0.3111111111111111,1.0
evolution,0.3111111111111111,1.0
want,0.3111111111111111,1.0
pass,0.3111111111111111,1.0
adjust,0.3111111111111111,1.0
extent,0.3111111111111111,1.0
lag,0.3111111111111111,1.0
record,0.3111111111111111,1.0
foster,0.3111111111111111,1.0
avoid,0.3111111111111111,1.0
largely,0.3111111111111111,1.0
aggregate,0.3111111111111111,1.0
post,0.3111111111111111,1.0
shortfall,0.3111111111111111,1.0
tightening,0.3111111111111111,1.0
right,0.3111111111111111,1.0
ensure,0.3111111111111111,1.0
sense,0.3111111111111111,1.0
previous,0.28888888888888886,1.0
drop,0.28888888888888886,1.0
offer,0.28888888888888886,1.0
boom,0.28888888888888886,1.0
obligation,0.28888888888888886,1.0
exclude,0.28888888888888886,1.0
sign,0.28888888888888886,1.0
holding,0.28888888888888886,1.0
capital,0.28888888888888886,1.0
center,0.28888888888888886,1.0
workforce,0.28888888888888886,1.0
management,0.28888888888888886,1.0
goals,0.28888888888888886,1.0
emphasize,0.28888888888888886,1.0
unprecedented,0.28888888888888886,1.0
line,0.28888888888888886,1.0
payroll,0.28888888888888886,1.0
reading,0.28888888888888886,1.0
widely,0.28888888888888886,1.0
rapidly,0.28888888888888886,1.0
situation,0.28888888888888886,1.0
rapid,0.28888888888888886,1.0
weak,0.28888888888888886,1.0
finally,0.28888888888888886,1.0
fundamental,0.28888888888888886,1.0
s.,0.28888888888888886,1.0
fact,0.28888888888888886,1.0
analyst,0.28888888888888886,1.0
responsibility,0.28888888888888886,1.0
kind,0.28888888888888886,1.0
challenging,0.28888888888888886,1.0
judge,0.28888888888888886,1.0
comment,0.28888888888888886,1.0
moderation,0.28888888888888886,1.0
christopher,0.28888888888888886,1.0
limit,0.28888888888888886,1.0
pursue,0.28888888888888886,1.0
tightness,0.28888888888888886,1.0
episode,0.28888888888888886,1.0
asset,0.28888888888888886,1.0
resilience,0.28888888888888886,1.0
committed,0.28888888888888886,1.0
briefly,0.26666666666666666,1.0
accommodation,0.26666666666666666,1.0
family,0.26666666666666666,1.0
creation,0.26666666666666666,1.0
compare,0.26666666666666666,1.0
common,0.26666666666666666,1.0
listen,0.26666666666666666,1.0
general,0.26666666666666666,1.0
remark,0.26666666666666666,1.0
publish,0.26666666666666666,1.0
downside,0.26666666666666666,1.0
net,0.26666666666666666,1.0
old,0.26666666666666666,1.0
create,0.26666666666666666,1.0
political,0.26666666666666666,1.0
grant,0.26666666666666666,1.0
sheet,0.26666666666666666,1.0
temporary,0.26666666666666666,1.0
slowly,0.26666666666666666,1.0
phillips,0.26666666666666666,1.0
implement,0.26666666666666666,1.0
actual,0.26666666666666666,1.0
drive,0.26666666666666666,1.0
program,0.26666666666666666,1.0
papers,0.26666666666666666,1.0
recognize,0.26666666666666666,1.0
loss,0.26666666666666666,1.0
reverse,0.26666666666666666,1.0
initial,0.26666666666666666,1.0
stand,0.26666666666666666,1.0
b.,0.26666666666666666,1.0
determine,0.26666666666666666,1.0
cycle,0.26666666666666666,1.0
capacity,0.26666666666666666,1.0
notes,0.26666666666666666,1.0
alan,0.26666666666666666,1.0
health,0.26666666666666666,1.0
room,0.26666666666666666,1.0
story,0.26666666666666666,1.0
projections,0.26666666666666666,1.0
outside,0.26666666666666666,1.0
arrive,0.26666666666666666,1.0
advance,0.26666666666666666,1.0
feature,0.26666666666666666,1.0
spread,0.26666666666666666,1.0
lose,0.26666666666666666,1.0
matter,0.26666666666666666,1.0
historic,0.26666666666666666,1.0
struggle,0.26666666666666666,1.0
cut,0.26666666666666666,1.0
choose,0.26666666666666666,1.0
chain,0.26666666666666666,1.0
useful,0.26666666666666666,1.0
idea,0.26666666666666666,1.0
century,0.26666666666666666,1.0
unusual,0.26666666666666666,1.0
complete,0.26666666666666666,1.0
university,0.26666666666666666,1.0
ben,0.26666666666666666,1.0
engage,0.26666666666666666,1.0
-year,0.24444444444444444,1.0
side,0.24444444444444444,1.0
data,0.24444444444444444,1.0
implications,0.24444444444444444,1.0
track,0.24444444444444444,1.0
jerome,0.24444444444444444,1.0
favorable,0.24444444444444444,1.0
extraordinary,0.24444444444444444,1.0
widespread,0.24444444444444444,1.0
constrain,0.24444444444444444,1.0
ed,0.24444444444444444,1.0
p.,0.24444444444444444,1.0
chair,0.24444444444444444,1.0
congressional,0.24444444444444444,1.0
painful,0.24444444444444444,1.0
insight,0.24444444444444444,1.0
society,0.24444444444444444,1.0
effectiveness,0.24444444444444444,1.0
feel,0.24444444444444444,1.0
practice,0.24444444444444444,1.0
subject,0.24444444444444444,1.0
brief,0.24444444444444444,1.0
regulatory,0.24444444444444444,1.0
1990,0.24444444444444444,1.0
light,0.24444444444444444,1.0
necessary,0.24444444444444444,1.0
james,0.24444444444444444,1.0
feds,0.24444444444444444,1.0
intend,0.24444444444444444,1.0
thing,0.24444444444444444,1.0
consensus,0.24444444444444444,1.0
subsequent,0.24444444444444444,1.0
materially,0.24444444444444444,1.0
liquidity,0.24444444444444444,1.0
minute,0.24444444444444444,1.0
describe,0.24444444444444444,1.0
purchase,0.24444444444444444,1.0
thinking,0.24444444444444444,1.0
m.,0.24444444444444444,1.0
william,0.24444444444444444,1.0
restrictive,0.24444444444444444,1.0
-month,0.24444444444444444,1.0
increasingly,0.24444444444444444,1.0
continued,0.24444444444444444,1.0
elect,0.24444444444444444,1.0
accommodative,0.24444444444444444,1.0
strongly,0.24444444444444444,1.0
flow,0.24444444444444444,1.0
combination,0.24444444444444444,1.0
mention,0.24444444444444444,1.0
circumstance,0.24444444444444444,1.0
war,0.24444444444444444,1.0
representative,0.24444444444444444,1.0
couple,0.24444444444444444,1.0
transparency,0.24444444444444444,1.0
picture,0.24444444444444444,1.0
stay,0.24444444444444444,1.0
gap,0.24444444444444444,1.0
covid-,0.2222222222222222,1.0
treasury,0.2222222222222222,1.0
agency,0.2222222222222222,1.0
narrow,0.2222222222222222,1.0
stress,0.2222222222222222,1.0
beginning,0.2222222222222222,1.0
influence,0.2222222222222222,1.0
institute,0.2222222222222222,1.0
rest,0.2222222222222222,1.0
disruption,0.2222222222222222,1.0
fairly,0.2222222222222222,1.0
project,0.2222222222222222,1.0
surge,0.2222222222222222,1.0
bear,0.2222222222222222,1.0
nonetheless,0.2222222222222222,1.0
school,0.2222222222222222,1.0
commit,0.2222222222222222,1.0
related,0.2222222222222222,1.0
regulation,0.2222222222222222,1.0
accountability,0.2222222222222222,1.0
adapt,0.2222222222222222,1.0
arise,0.2222222222222222,1.0
draw,0.2222222222222222,1.0
involve,0.2222222222222222,1.0
performance,0.2222222222222222,1.0
productive,0.2222222222222222,1.0
quit,0.2222222222222222,1.0
task,0.2222222222222222,1.0
c.,0.2222222222222222,1.0
mind,0.2222222222222222,1.0
association,0.2222222222222222,1.0
examine,0.2222222222222222,1.0
layoff,0.2222222222222222,1.0
unlikely,0.2222222222222222,1.0
panel,0.2222222222222222,1.0
bad,0.2222222222222222,1.0
production,0.2222222222222222,1.0
explore,0.2222222222222222,1.0
robert,0.2222222222222222,1.0
w.,0.2222222222222222,1.0
represent,0.2222222222222222,1.0
authority,0.2222222222222222,1.0
stabilize,0.2222222222222222,1.0
typically,0.2222222222222222,1.0
effectively,0.2222222222222222,1.0
statutory,0.2222222222222222,1.0
statistic,0.2222222222222222,1.0
announce,0.2222222222222222,1.0
weaken,0.2222222222222222,1.0
firm,0.2222222222222222,1.0
movement,0.2222222222222222,1.0
considerably,0.2222222222222222,1.0
slowdown,0.2222222222222222,1.0
scope,0.2222222222222222,1.0
structural,0.2222222222222222,1.0
stock,0.2222222222222222,1.0
bit,0.2222222222222222,1.0
boost,0.2222222222222222,1.0
head,0.2222222222222222,1.0
a.,0.2222222222222222,1.0
nation,0.2222222222222222,1.0
observe,0.2222222222222222,1.0
inform,0.2222222222222222,1.0
recover,0.2,1.0
aftermath,0.2,1.0
scenario,0.2,1.0
regime,0.2,1.0
summarize,0.2,1.0
hear,0.2,1.0
severe,0.2,1.0
academic,0.2,1.0
channel,0.2,1.0
accountable,0.2,1.0
actively,0.2,1.0
success,0.2,1.0
difference,0.2,1.0
low-,0.2,1.0
trigger,0.2,1.0
away,0.2,1.0
damage,0.2,1.0
variety,0.2,1.0
elevate,0.2,1.0
sure,0.2,1.0
test,0.2,1.0
constant,0.2,1.0
slightly,0.2,1.0
ratio,0.2,1.0
primary,0.2,1.0
exceed,0.2,1.0
nominal,0.2,1.0
reasonably,0.2,1.0
guide,0.2,1.0
exist,0.2,1.0
combine,0.2,1.0
onset,0.2,1.0
predict,0.2,1.0
college,0.2,1.0
listens,0.2,1.0
literature,0.2,1.0
tension,0.2,1.0
economist,0.2,1.0
purpose,0.2,1.0
positive,0.2,1.0
direct,0.2,1.0
carry,0.2,1.0
attention,0.2,1.0
stage,0.2,1.0
adverse,0.2,1.0
facilitate,0.2,1.0
covid,0.2,1.0
volatility,0.2,1.0
technology,0.2,1.0
relationship,0.2,1.0
leader,0.2,1.0
quarterly,0.2,1.0
budget,0.2,1.0
pick,0.2,1.0
component,0.2,1.0
restraint,0.2,1.0
overheat,0.2,1.0
mid-,0.2,1.0
put,0.2,1.0
temporarily,0.2,1.0
prospect,0.2,1.0
funding,0.2,1.0
true,0.2,1.0
lay,0.2,1.0
anchored,0.2,1.0
contrast,0.2,1.0
steady,0.2,1.0
woman,0.2,1.0
news,0.2,1.0
headline,0.2,1.0
word,0.2,1.0
aware,0.2,1.0
persist,0.2,1.0
heart,0.2,1.0
duration,0.17777777777777778,1.0
cool,0.17777777777777778,1.0
design,0.17777777777777778,1.0
monthly,0.17777777777777778,1.0
sound,0.17777777777777778,1.0
simply,0.17777777777777778,1.0
probably,0.17777777777777778,1.0
banks,0.17777777777777778,1.0
extremely,0.17777777777777778,1.0
alternative,0.17777777777777778,1.0
typical,0.17777777777777778,1.0
part,0.17777777777777778,1.0
stabilization,0.17777777777777778,1.0
daniel,0.17777777777777778,1.0
disinflation,0.17777777777777778,1.0
final,0.17777777777777778,1.0
function,0.17777777777777778,1.0
normalization,0.17777777777777778,1.0
moderately,0.17777777777777778,1.0
speed,0.17777777777777778,1.0
enter,0.17777777777777778,1.0
flat,0.17777777777777778,1.0
official,0.17777777777777778,1.0
1970,0.17777777777777778,1.0
settle,0.17777777777777778,1.0
middle,0.17777777777777778,1.0
count,0.17777777777777778,1.0
person,0.17777777777777778,1.0
unemployed,0.17777777777777778,1.0
amid,0.17777777777777778,1.0
hardship,0.17777777777777778,1.0
considerable,0.17777777777777778,1.0
innovation,0.17777777777777778,1.0
hit,0.17777777777777778,1.0
blue,0.17777777777777778,1.0
prevent,0.17777777777777778,1.0
chicago,0.17777777777777778,1.0
rates,0.17777777777777778,1.0
burden,0.17777777777777778,1.0
guidance,0.17777777777777778,1.0
revise,0.17777777777777778,1.0
break,0.17777777777777778,1.0
excessive,0.17777777777777778,1.0
pattern,0.17777777777777778,1.0
apparent,0.17777777777777778,1.0
proximity,0.17777777777777778,1.0
sentiment,0.17777777777777778,1.0
romer,0.17777777777777778,1.0
deep,0.17777777777777778,1.0
institutional,0.17777777777777778,1.0
mark,0.17777777777777778,1.0
scale,0.17777777777777778,1.0
timing,0.17777777777777778,1.0
offset,0.17777777777777778,1.0
threat,0.17777777777777778,1.0
population,0.17777777777777778,1.0
imf,0.17777777777777778,1.0
consideration,0.17777777777777778,1.0
enhance,0.17777777777777778,1.0
deliberation,0.17777777777777778,1.0
fix,0.17777777777777778,1.0
update,0.17777777777777778,1.0
yield,0.17777777777777778,1.0
capture,0.17777777777777778,1.0
symmetric,0.17777777777777778,1.0
extend,0.17777777777777778,1.0
preserve,0.17777777777777778,1.0
adopt,0.17777777777777778,1.0
attempt,0.17777777777777778,1.0
spring,0.17777777777777778,1.0
mainly,0.17777777777777778,1.0
produce,0.17777777777777778,1.0
references,0.17777777777777778,1.0
model,0.17777777777777778,1.0
greatly,0.17777777777777778,1.0
sufficiently,0.17777777777777778,1.0
multiple,0.17777777777777778,1.0
setting,0.17777777777777778,1.0
debt,0.17777777777777778,1.0
statistics,0.17777777777777778,1.0
document,0.17777777777777778,1.0
spend,0.17777777777777778,1.0
non,0.15555555555555556,1.0
aspect,0.15555555555555556,1.0
democratic,0.15555555555555556,1.0
friedman,0.15555555555555556,1.0
tariff,0.15555555555555556,1.0
receive,0.15555555555555556,1.0
reference,0.15555555555555556,1.0
invite,0.15555555555555556,1.0
operate,0.15555555555555556,1.0
administration,0.15555555555555556,1.0
prompt,0.15555555555555556,1.0
lawrence,0.15555555555555556,1.0
e.,0.15555555555555556,1.0
host,0.15555555555555556,1.0
excess,0.15555555555555556,1.0
rely,0.15555555555555556,1.0
answer,0.15555555555555556,1.0
demographic,0.15555555555555556,1.0
independence,0.15555555555555556,1.0
regular,0.15555555555555556,1.0
emergency,0.15555555555555556,1.0
flexible,0.15555555555555556,1.0
insurance,0.15555555555555556,1.0
power,0.15555555555555556,1.0
identify,0.15555555555555556,1.0
prepare,0.15555555555555556,1.0
vehicle,0.15555555555555556,1.0
depression,0.15555555555555556,1.0
care,0.15555555555555556,1.0
enable,0.15555555555555556,1.0
office,0.15555555555555556,1.0
hope,0.15555555555555556,1.0
nature,0.15555555555555556,1.0
establish,0.15555555555555556,1.0
imbalance,0.15555555555555556,1.0
strain,0.15555555555555556,1.0
stick,0.15555555555555556,1.0
publicly,0.15555555555555556,1.0
professional,0.15555555555555556,1.0
reveal,0.15555555555555556,1.0
sale,0.15555555555555556,1.0
baseline,0.15555555555555556,1.0
spike,0.15555555555555556,1.0
law,0.15555555555555556,1.0
extensive,0.15555555555555556,1.0
participate,0.15555555555555556,1.0
kiley,0.15555555555555556,1.0
shortage,0.15555555555555556,1.0
banker,0.15555555555555556,1.0
protection,0.15555555555555556,1.0
modest,0.15555555555555556,1.0
message,0.15555555555555556,1.0
sensitive,0.15555555555555556,1.0
safe,0.15555555555555556,1.0
principle,0.15555555555555556,1.0
elb,0.15555555555555556,1.0
ground,0.15555555555555556,1.0
l.,0.15555555555555556,1.0
reopen,0.15555555555555556,1.0
threaten,0.15555555555555556,1.0
summers,0.15555555555555556,1.0
policymake,0.15555555555555556,1.0
rule,0.15555555555555556,1.0
lending,0.15555555555555556,1.0
underscore,0.15555555555555556,1.0
warrant,0.15555555555555556,1.0
modestly,0.15555555555555556,1.0
one,0.15555555555555556,1.0
mortgage,0.15555555555555556,1.0
summer,0.15555555555555556,1.0
evaluate,0.15555555555555556,1.0
pleasure,0.15555555555555556,1.0
realize,0.15555555555555556,1.0
unique,0.15555555555555556,1.0
simple,0.15555555555555556,1.0
revision,0.15555555555555556,1.0
underlying,0.15555555555555556,1.0
pause,0.15555555555555556,1.0
resolve,0.15555555555555556,1.0
actually,0.15555555555555556,1.0
balanced,0.15555555555555556,1.0
precise,0.15555555555555556,1.0
slack,0.15555555555555556,1.0
economies,0.15555555555555556,1.0
bound,0.15555555555555556,1.0
living,0.15555555555555556,1.0
consistently,0.15555555555555556,1.0
independent,0.15555555555555556,1.0
notably,0.15555555555555556,1.0
1960,0.15555555555555556,1.0
technological,0.15555555555555556,1.0
skill,0.15555555555555556,1.0
sep,0.15555555555555556,1.0
fill,0.15555555555555556,1.0
member,0.15555555555555556,1.0
christina,0.15555555555555556,1.0
ii,0.15555555555555556,1.0
surprise,0.15555555555555556,1.0
road,0.15555555555555556,1.0
previously,0.15555555555555556,1.0
times,0.15555555555555556,1.0
investor,0.15555555555555556,1.0
vital,0.15555555555555556,1.0
chip,0.15555555555555556,1.0
mass.,0.15555555555555556,1.0
soft,0.15555555555555556,1.0
commodity,0.15555555555555556,1.0
proceed,0.15555555555555556,1.0
earning,0.15555555555555556,1.0
prominent,0.15555555555555556,1.0
r.,0.15555555555555556,1.0
big,0.15555555555555556,1.0
consequence,0.15555555555555556,1.0
cambridge,0.15555555555555556,1.0
abroad,0.15555555555555556,1.0
chapter,0.15555555555555556,1.0
primarily,0.15555555555555556,1.0
traditional,0.15555555555555556,1.0
hebden,0.13333333333333333,1.0
producer,0.13333333333333333,1.0
modern,0.13333333333333333,1.0
differ,0.13333333333333333,1.0
navigate,0.13333333333333333,1.0
prior,0.13333333333333333,1.0
salido,0.13333333333333333,1.0
williams,0.13333333333333333,1.0
debate,0.13333333333333333,1.0
home,0.13333333333333333,1.0
benjamin,0.13333333333333333,1.0
appreciate,0.13333333333333333,1.0
woodford,0.13333333333333333,1.0
expectations,0.13333333333333333,1.0
strike,0.13333333333333333,1.0
evident,0.13333333333333333,1.0
wake,0.13333333333333333,1.0
certain,0.13333333333333333,1.0
proceeding,0.13333333333333333,1.0
link,0.13333333333333333,1.0
transportation,0.13333333333333333,1.0
mission,0.13333333333333333,1.0
transparent,0.13333333333333333,1.0
vulnerability,0.13333333333333333,1.0
earn,0.13333333333333333,1.0
complex,0.13333333333333333,1.0
rebound,0.13333333333333333,1.0
appropriately,0.13333333333333333,1.0
contain,0.13333333333333333,1.0
attentive,0.13333333333333333,1.0
foundation,0.13333333333333333,1.0
ukraine,0.13333333333333333,1.0
russia,0.13333333333333333,1.0
chairman,0.13333333333333333,1.0
undertake,0.13333333333333333,1.0
hiring,0.13333333333333333,1.0
oversight,0.13333333333333333,1.0
policymaking,0.13333333333333333,1.0
confront,0.13333333333333333,1.0
edge,0.13333333333333333,1.0
single,0.13333333333333333,1.0
destabilizing,0.13333333333333333,1.0
greenspan,0.13333333333333333,1.0
drift,0.13333333333333333,1.0
specific,0.13333333333333333,1.0
social,0.13333333333333333,1.0
blanchard,0.13333333333333333,1.0
yellen,0.13333333333333333,1.0
k.,0.13333333333333333,1.0
education,0.13333333333333333,1.0
lot,0.13333333333333333,1.0
borrowing,0.13333333333333333,1.0
try,0.13333333333333333,1.0
stimulus,0.13333333333333333,1.0
racial,0.13333333333333333,1.0
researcher,0.13333333333333333,1.0
resilient,0.13333333333333333,1.0
decide,0.13333333333333333,1.0
pull,0.13333333333333333,1.0
functioning,0.13333333333333333,1.0
plus,0.13333333333333333,1.0
facility,0.13333333333333333,1.0
benchmark,0.13333333333333333,1.0
distribution,0.13333333333333333,1.0
strategies,0.13333333333333333,1.0
optimal,0.13333333333333333,1.0
smith,0.13333333333333333,1.0
generate,0.13333333333333333,1.0
predecessor,0.13333333333333333,1.0
t.,0.13333333333333333,1.0
order,0.13333333333333333,1.0
thomas,0.13333333333333333,1.0
bottleneck,0.13333333333333333,1.0
pursuit,0.13333333333333333,1.0
forecasters,0.13333333333333333,1.0
fluctuation,0.13333333333333333,1.0
forum,0.13333333333333333,1.0
wealth,0.13333333333333333,1.0
transcript,0.13333333333333333,1.0
challenges,0.13333333333333333,1.0
meantime,0.13333333333333333,1.0
soften,0.13333333333333333,1.0
african,0.13333333333333333,1.0
liquid,0.13333333333333333,1.0
acknowledge,0.13333333333333333,1.0
company,0.13333333333333333,1.0
mute,0.13333333333333333,1.0
instance,0.13333333333333333,1.0
twice,0.13333333333333333,1.0
study,0.13333333333333333,1.0
wave,0.13333333333333333,1.0
q4,0.13333333333333333,1.0
loan,0.13333333333333333,1.0
preset,0.13333333333333333,1.0
array,0.13333333333333333,1.0
react,0.13333333333333333,1.0
harm,0.13333333333333333,1.0
internet,0.13333333333333333,1.0
conversation,0.13333333333333333,1.0
bust,0.13333333333333333,1.0
cover,0.13333333333333333,1.0
pleased,0.13333333333333333,1.0
president,0.13333333333333333,1.0
succeed,0.13333333333333333,1.0
reifschneider,0.13333333333333333,1.0
reasonable,0.13333333333333333,1.0
expert,0.13333333333333333,1.0
incorporate,0.13333333333333333,1.0
paul,0.13333333333333333,1.0
stop,0.13333333333333333,1.0
fade,0.13333333333333333,1.0
frequently,0.13333333333333333,1.0
postwar,0.13333333333333333,1.0
clarity,0.13333333333333333,1.0
direction,0.13333333333333333,1.0
sizable,0.13333333333333333,1.0
slowing,0.13333333333333333,1.0
reinforce,0.13333333333333333,1.0
characterize,0.13333333333333333,1.0
wrap,0.13333333333333333,1.0
driver,0.13333333333333333,1.0
transition,0.13333333333333333,1.0
plentiful,0.13333333333333333,1.0
foreign,0.13333333333333333,1.0
wait,0.13333333333333333,1.0
resource,0.13333333333333333,1.0
upside,0.13333333333333333,1.0
contact,0.13333333333333333,1.0
grapple,0.13333333333333333,1.0
happen,0.13333333333333333,1.0
book,0.13333333333333333,1.0
possibility,0.13333333333333333,1.0
tradeoff,0.13333333333333333,1.0
coming,0.13333333333333333,1.0
moment,0.13333333333333333,1.0
rare,0.13333333333333333,1.0
limited,0.13333333333333333,1.0
lack,0.13333333333333333,1.0
adequate,0.13333333333333333,1.0
1980,0.13333333333333333,1.0
tax,0.13333333333333333,1.0
corporate,0.13333333333333333,1.0
china,0.13333333333333333,1.0
free,0.13333333333333333,1.0
dislocation,0.1111111111111111,1.0
unfortunately,0.1111111111111111,1.0
absorb,0.1111111111111111,1.0
painfully,0.1111111111111111,1.0
careful,0.1111111111111111,1.0
comparison,0.1111111111111111,1.0
recall,0.1111111111111111,1.0
distinction,0.1111111111111111,1.0
de,0.1111111111111111,1.0
demonstrate,0.1111111111111111,1.0
fuel,0.1111111111111111,1.0
headwind,0.1111111111111111,1.0
stem,0.1111111111111111,1.0
unexpectedly,0.1111111111111111,1.0
implementation,0.1111111111111111,1.0
anchoring,0.1111111111111111,1.0
focused,0.1111111111111111,1.0
difficulty,0.1111111111111111,1.0
gauti,0.1111111111111111,1.0
swing,0.1111111111111111,1.0
patient,0.1111111111111111,1.0
easing,0.1111111111111111,1.0
heighten,0.1111111111111111,1.0
insulate,0.1111111111111111,1.0
encourage,0.1111111111111111,1.0
ultimate,0.1111111111111111,1.0
honor,0.1111111111111111,1.0
agreement,0.1111111111111111,1.0
feed,0.1111111111111111,1.0
develop,0.1111111111111111,1.0
perceive,0.1111111111111111,1.0
club,0.1111111111111111,1.0
olivier,0.1111111111111111,1.0
entirely,0.1111111111111111,1.0
protect,0.1111111111111111,1.0
attribute,0.1111111111111111,1.0
permanent,0.1111111111111111,1.0
liability,0.1111111111111111,1.0
background,0.1111111111111111,1.0
pain,0.1111111111111111,1.0
distortion,0.1111111111111111,1.0
likelihood,0.1111111111111111,1.0
mix,0.1111111111111111,1.0
remove,0.1111111111111111,1.0
definitive,0.1111111111111111,1.0
date,0.1111111111111111,1.0
janet,0.1111111111111111,1.0
democracy,0.1111111111111111,1.0
vaccine,0.1111111111111111,1.0
express,0.1111111111111111,1.0
rethinking,0.1111111111111111,1.0
hutchins,0.1111111111111111,1.0
totality,0.1111111111111111,1.0
feedback,0.1111111111111111,1.0
globe,0.1111111111111111,1.0
tools,0.1111111111111111,1.0
forcefully,0.1111111111111111,1.0
define,0.1111111111111111,1.0
manufacturing,0.1111111111111111,1.0
operation,0.1111111111111111,1.0
revolution,0.1111111111111111,1.0
forceful,0.1111111111111111,1.0
buildup,0.1111111111111111,1.0
2000s,0.1111111111111111,1.0
entrenched,0.1111111111111111,1.0
material,0.1111111111111111,1.0
explanation,0.1111111111111111,1.0
distinct,0.1111111111111111,1.0
table,0.1111111111111111,1.0
toolkit,0.1111111111111111,1.0
principally,0.1111111111111111,1.0
million,0.1111111111111111,1.0
suffer,0.1111111111111111,1.0
bumpy,0.1111111111111111,1.0
g.,0.1111111111111111,1.0
disability,0.1111111111111111,1.0
motivate,0.1111111111111111,1.0
japan,0.1111111111111111,1.0
owner,0.1111111111111111,1.0
delay,0.1111111111111111,1.0
quantity,0.1111111111111111,1.0
seriously,0.1111111111111111,1.0
successful,0.1111111111111111,1.0
fluctuate,0.1111111111111111,1.0
fundamentally,0.1111111111111111,1.0
lessons,0.1111111111111111,1.0
frequent,0.1111111111111111,1.0
durable,0.1111111111111111,1.0
meaningful,0.1111111111111111,1.0
landscape,0.1111111111111111,1.0
contribution,0.1111111111111111,1.0
sufficient,0.1111111111111111,1.0
imply,0.1111111111111111,1.0
lópez,0.1111111111111111,1.0
desire,0.1111111111111111,1.0
import,0.1111111111111111,1.0
strive,0.1111111111111111,1.0
prolonged,0.1111111111111111,1.0
heavily,0.1111111111111111,1.0
illustrate,0.1111111111111111,1.0
unwelcome,0.1111111111111111,1.0
transitory,0.1111111111111111,1.0
omit,0.1111111111111111,1.0
okun,0.1111111111111111,1.0
equity,0.1111111111111111,1.0
employ,0.1111111111111111,1.0
auto,0.1111111111111111,1.0
unwinding,0.1111111111111111,1.0
talk,0.1111111111111111,1.0
workers,0.1111111111111111,1.0
relief,0.1111111111111111,1.0
taylor,0.1111111111111111,1.0
eggertsson,0.1111111111111111,1.0
fight,0.1111111111111111,1.0
correct,0.1111111111111111,1.0
type,0.1111111111111111,1.0
volume,0.1111111111111111,1.0
stream,0.1111111111111111,1.0
globalization,0.1111111111111111,1.0
exacerbate,0.1111111111111111,1.0
relevant,0.1111111111111111,1.0
window,0.1111111111111111,1.0
body,0.1111111111111111,1.0
description,0.1111111111111111,1.0
legitimacy,0.1111111111111111,1.0
accord,0.1111111111111111,1.0
appreciably,0.1111111111111111,1.0
item,0.1111111111111111,1.0
hour,0.1111111111111111,1.0
standpoint,0.1111111111111111,1.0
targeting,0.1111111111111111,1.0
organize,0.1111111111111111,1.0
makeup,0.1111111111111111,1.0
special,0.1111111111111111,1.0
accommodate,0.1111111111111111,1.0
happy,0.1111111111111111,1.0
similarly,0.1111111111111111,1.0
gordon,0.1111111111111111,1.0
regularly,0.1111111111111111,1.0
healing,0.1111111111111111,1.0
precede,0.1111111111111111,1.0
prevail,0.1111111111111111,1.0
council,0.1111111111111111,1.0
respondent,0.1111111111111111,1.0
reality,0.1111111111111111,1.0
element,0.1111111111111111,1.0
star,0.1111111111111111,1.0
weather,0.1111111111111111,1.0
double,0.1111111111111111,1.0
paragraph,0.1111111111111111,1.0
explicit,0.1111111111111111,1.0
customer,0.1111111111111111,1.0
bounce,0.1111111111111111,1.0
bubble,0.1111111111111111,1.0
meaningfully,0.1111111111111111,1.0
reopening,0.1111111111111111,1.0
regulator,0.1111111111111111,1.0
vacancy,0.1111111111111111,1.0
shrink,0.1111111111111111,1.0
preview,0.1111111111111111,1.0
analyze,0.1111111111111111,1.0
notable,0.1111111111111111,1.0
input,0.1111111111111111,1.0
conditions,0.1111111111111111,1.0
street,0.1111111111111111,1.0
medium,0.1111111111111111,1.0
supervision,0.1111111111111111,1.0
policies,0.1111111111111111,1.0
oil,0.1111111111111111,1.0
judgment,0.1111111111111111,1.0
maria,0.1111111111111111,1.0
reassess,0.1111111111111111,1.0
lend,0.1111111111111111,1.0
reform,0.1111111111111111,1.0
prepared,0.1111111111111111,1.0
phase,0.1111111111111111,1.0
martin,0.1111111111111111,1.0
transmission,0.1111111111111111,1.0
alter,0.1111111111111111,1.0
disinflationary,0.1111111111111111,1.0
brexit,0.1111111111111111,1.0
trust,0.1111111111111111,1.0
collapse,0.1111111111111111,1.0
worth,0.1111111111111111,1.0
improved,0.1111111111111111,1.0
momentum,0.1111111111111111,1.0
thought,0.1111111111111111,1.0
european,0.1111111111111111,1.0
detailed,0.1111111111111111,1.0
outstanding,0.1111111111111111,1.0
unlike,0.1111111111111111,1.0
align,0.1111111111111111,1.0
argument,0.1111111111111111,1.0
impose,0.1111111111111111,1.0
prosperity,0.1111111111111111,1.0
eds,0.1111111111111111,1.0
deploy,0.1111111111111111,1.0
volcker,0.08888888888888889,1.0
hire,0.08888888888888889,1.0
mutual,0.08888888888888889,1.0
disrupt,0.08888888888888889,1.0
man,0.08888888888888889,1.0
diverse,0.08888888888888889,1.0
albeit,0.08888888888888889,1.0
hispanics,0.08888888888888889,1.0
likewise,0.08888888888888889,1.0
payment,0.08888888888888889,1.0
refine,0.08888888888888889,1.0
industry,0.08888888888888889,1.0
secular,0.08888888888888889,1.0
reduction,0.08888888888888889,1.0
currency,0.08888888888888889,1.0
regard,0.08888888888888889,1.0
fragile,0.08888888888888889,1.0
composition,0.08888888888888889,1.0
timely,0.08888888888888889,1.0
permanently,0.08888888888888889,1.0
prudent,0.08888888888888889,1.0
erceg,0.08888888888888889,1.0
remarks,0.08888888888888889,1.0
initially,0.08888888888888889,1.0
quantitative,0.08888888888888889,1.0
team,0.08888888888888889,1.0
propose,0.08888888888888889,1.0
turmoil,0.08888888888888889,1.0
pin,0.08888888888888889,1.0
dialogue,0.08888888888888889,1.0
supervisory,0.08888888888888889,1.0
depth,0.08888888888888889,1.0
handbook,0.08888888888888889,1.0
midst,0.08888888888888889,1.0
rock,0.08888888888888889,1.0
daly,0.08888888888888889,1.0
partly,0.08888888888888889,1.0
testing,0.08888888888888889,1.0
tradition,0.08888888888888889,1.0
sort,0.08888888888888889,1.0
linger,0.08888888888888889,1.0
ensue,0.08888888888888889,1.0
recede,0.08888888888888889,1.0
andrea,0.08888888888888889,1.0
house,0.08888888888888889,1.0
dot,0.08888888888888889,1.0
fulfil,0.08888888888888889,1.0
dramatic,0.08888888888888889,1.0
emphasis,0.08888888888888889,1.0
author,0.08888888888888889,1.0
surprisingly,0.08888888888888889,1.0
massachusetts,0.08888888888888889,1.0
fraction,0.08888888888888889,1.0
comprehensive,0.08888888888888889,1.0
back,0.08888888888888889,1.0
positioned,0.08888888888888889,1.0
decisionmake,0.08888888888888889,1.0
geopolitical,0.08888888888888889,1.0
unsustainable,0.08888888888888889,1.0
default,0.08888888888888889,1.0
underlie,0.08888888888888889,1.0
overshoot,0.08888888888888889,1.0
loud,0.08888888888888889,1.0
fear,0.08888888888888889,1.0
risky,0.08888888888888889,1.0
counter,0.08888888888888889,1.0
arrival,0.08888888888888889,1.0
nicolas,0.08888888888888889,1.0
integrate,0.08888888888888889,1.0
wall,0.08888888888888889,1.0
interpret,0.08888888888888889,1.0
left,0.08888888888888889,1.0
takeaway,0.08888888888888889,1.0
lost,0.08888888888888889,1.0
inevitable,0.08888888888888889,1.0
deteriorate,0.08888888888888889,1.0
saving,0.08888888888888889,1.0
giovanni,0.08888888888888889,1.0
partner,0.08888888888888889,1.0
inside,0.08888888888888889,1.0
manner,0.08888888888888889,1.0
ample,0.08888888888888889,1.0
paycheck,0.08888888888888889,1.0
rent,0.08888888888888889,1.0
adrian,0.08888888888888889,1.0
span,0.08888888888888889,1.0
delta,0.08888888888888889,1.0
mary,0.08888888888888889,1.0
conventional,0.08888888888888889,1.0
induce,0.08888888888888889,1.0
johannsen,0.08888888888888889,1.0
optimistic,0.08888888888888889,1.0
chance,0.08888888888888889,1.0
safety,0.08888888888888889,1.0
subside,0.08888888888888889,1.0
anticipated,0.08888888888888889,1.0
turbulent,0.08888888888888889,1.0
dynamism,0.08888888888888889,1.0
retiree,0.08888888888888889,1.0
familiar,0.08888888888888889,1.0
unemploymentâa,0.08888888888888889,1.0
basic,0.08888888888888889,1.0
normalize,0.08888888888888889,1.0
ignore,0.08888888888888889,1.0
alert,0.08888888888888889,1.0
costly,0.08888888888888889,1.0
dollar,0.08888888888888889,1.0
erik,0.08888888888888889,1.0
efficacy,0.08888888888888889,1.0
undermine,0.08888888888888889,1.0
odd,0.08888888888888889,1.0
distinguish,0.08888888888888889,1.0
surround,0.08888888888888889,1.0
variant,0.08888888888888889,1.0
smooth,0.08888888888888889,1.0
restrain,0.08888888888888889,1.0
fernando,0.08888888888888889,1.0
articulate,0.08888888888888889,1.0
mid,0.08888888888888889,1.0
buy,0.08888888888888889,1.0
lie,0.08888888888888889,1.0
census,0.08888888888888889,1.0
markets,0.08888888888888889,1.0
specifically,0.08888888888888889,1.0
accelerate,0.08888888888888889,1.0
tetlow,0.08888888888888889,1.0
divide,0.08888888888888889,1.0
retire,0.08888888888888889,1.0
slip,0.08888888888888889,1.0
shape,0.08888888888888889,1.0
instability,0.08888888888888889,1.0
stimulate,0.08888888888888889,1.0
cbo,0.08888888888888889,1.0
importantly,0.08888888888888889,1.0
deposit,0.08888888888888889,1.0
gather,0.08888888888888889,1.0
mertens,0.08888888888888889,1.0
explicitly,0.08888888888888889,1.0
postmeete,0.08888888888888889,1.0
decisionmaking,0.08888888888888889,1.0
knowledge,0.08888888888888889,1.0
muted,0.08888888888888889,1.0
watson,0.08888888888888889,1.0
length,0.08888888888888889,1.0
black,0.08888888888888889,1.0
lift,0.08888888888888889,1.0
retirement,0.08888888888888889,1.0
search,0.08888888888888889,1.0
passage,0.08888888888888889,1.0
livelihood,0.08888888888888889,1.0
upheaval,0.08888888888888889,1.0
practical,0.08888888888888889,1.0
practices,0.08888888888888889,1.0
roberts,0.08888888888888889,1.0
territory,0.08888888888888889,1.0
communicate,0.08888888888888889,1.0
fortunately,0.08888888888888889,1.0
shutdown,0.08888888888888889,1.0
outset,0.08888888888888889,1.0
responsive,0.08888888888888889,1.0
valuable,0.08888888888888889,1.0
presentation,0.08888888888888889,1.0
supervisor,0.08888888888888889,1.0
appreciation,0.08888888888888889,1.0
drag,0.08888888888888889,1.0
wise,0.08888888888888889,1.0
absence,0.08888888888888889,1.0
vulnerable,0.08888888888888889,1.0
persistence,0.08888888888888889,1.0
broaden,0.08888888888888889,1.0
technical,0.08888888888888889,1.0
breadth,0.08888888888888889,1.0
phenomenon,0.08888888888888889,1.0
questions,0.08888888888888889,1.0
tenth,0.08888888888888889,1.0
2019â,0.08888888888888889,1.0
equivalent,0.08888888888888889,1.0
secretary,0.08888888888888889,1.0
virus,0.08888888888888889,1.0
disparity,0.08888888888888889,1.0
amplify,0.08888888888888889,1.0
last,0.08888888888888889,1.0
precedent,0.08888888888888889,1.0
23â,0.08888888888888889,1.0
thorough,0.08888888888888889,1.0
easy,0.08888888888888889,1.0
doubt,0.08888888888888889,1.0
minority,0.08888888888888889,1.0
ethnic,0.08888888888888889,1.0
nadeau,0.08888888888888889,1.0
households,0.08888888888888889,1.0
precipitate,0.08888888888888889,1.0
bond,0.08888888888888889,1.0
atlanta,0.08888888888888889,1.0
catch,0.08888888888888889,1.0
monitoring,0.08888888888888889,1.0
quality,0.08888888888888889,1.0
aggressively,0.08888888888888889,1.0
leverage,0.08888888888888889,1.0
tonight,0.08888888888888889,1.0
borrower,0.08888888888888889,1.0
stephanie,0.08888888888888889,1.0
up,0.08888888888888889,1.0
local,0.08888888888888889,1.0
unwind,0.08888888888888889,1.0
potentially,0.08888888888888889,1.0
wilcox,0.08888888888888889,1.0
rebalancing,0.08888888888888889,1.0
failure,0.08888888888888889,1.0
firmly,0.08888888888888889,1.0
error,0.08888888888888889,1.0
hindsight,0.08888888888888889,1.0
fail,0.08888888888888889,1.0
dealer,0.08888888888888889,1.0
versus,0.08888888888888889,1.0
compensation,0.08888888888888889,1.0
petrosky,0.08888888888888889,1.0
negative,0.08888888888888889,1.0
steven,0.08888888888888889,1.0
changes,0.08888888888888889,1.0
deviation,0.08888888888888889,1.0
daily,0.08888888888888889,1.0
revisit,0.08888888888888889,1.0
reversal,0.08888888888888889,1.0
survey-,0.08888888888888889,1.0
collect,0.08888888888888889,1.0
disruptive,0.08888888888888889,1.0
miss,0.08888888888888889,1.0
motor,0.08888888888888889,1.0
wascher,0.08888888888888889,1.0
truly,0.08888888888888889,1.0
generation,0.08888888888888889,1.0
comprise,0.08888888888888889,1.0
announcement,0.08888888888888889,1.0
lengthy,0.08888888888888889,1.0
slope,0.08888888888888889,1.0
withdraw,0.08888888888888889,1.0
https://www.federalreserve.gov/monetarypolicy/review-of-monetary-policy-strategy-tools-and-communications-fed-listens-events.htm,0.08888888888888889,1.0
revised,0.08888888888888889,1.0
arguably,0.08888888888888889,1.0
bedrock,0.08888888888888889,1.0
incomplete,0.08888888888888889,1.0
invest,0.08888888888888889,1.0
utilization,0.08888888888888889,1.0
rejoin,0.08888888888888889,1.0
respect,0.08888888888888889,1.0
translate,0.08888888888888889,1.0
trading,0.08888888888888889,1.0
union,0.08888888888888889,1.0
behavior,0.08888888888888889,1.0
firming,0.08888888888888889,1.0
hand,0.08888888888888889,1.0
preliminary,0.08888888888888889,1.0
combined,0.08888888888888889,1.0
caldara,0.06666666666666667,1.0
remarkable,0.06666666666666667,1.0
spirit,0.06666666666666667,1.0
varied,0.06666666666666667,1.0
ready,0.06666666666666667,1.0
gagnon,0.06666666666666667,1.0
immense,0.06666666666666667,1.0
equal,0.06666666666666667,1.0
pickup,0.06666666666666667,1.0
extreme,0.06666666666666667,1.0
rachel,0.06666666666666667,1.0
premium,0.06666666666666667,1.0
markedly,0.06666666666666667,1.0
theoretical,0.06666666666666667,1.0
governor,0.06666666666666667,1.0
laubach,0.06666666666666667,1.0
empirical,0.06666666666666667,1.0
cooling,0.06666666666666667,1.0
profound,0.06666666666666667,1.0
complicate,0.06666666666666667,1.0
repeatedly,0.06666666666666667,1.0
mishkin,0.06666666666666667,1.0
higher,0.06666666666666667,1.0
mild,0.06666666666666667,1.0
remarkably,0.06666666666666667,1.0
plausible,0.06666666666666667,1.0
surprising,0.06666666666666667,1.0
leisure,0.06666666666666667,1.0
mainstream,0.06666666666666667,1.0
tilt,0.06666666666666667,1.0
numerical,0.06666666666666667,1.0
civil,0.06666666666666667,1.0
weakness,0.06666666666666667,1.0
unrelated,0.06666666666666667,1.0
correspond,0.06666666666666667,1.0
intention,0.06666666666666667,1.0
eliminate,0.06666666666666667,1.0
workplace,0.06666666666666667,1.0
baby,0.06666666666666667,1.0
accurate,0.06666666666666667,1.0
engagement,0.06666666666666667,1.0
.pdf,0.06666666666666667,1.0
unusually,0.06666666666666667,1.0
unchanged,0.06666666666666667,1.0
fitting,0.06666666666666667,1.0
consecutive,0.06666666666666667,1.0
resolute,0.06666666666666667,1.0
unnecessary,0.06666666666666667,1.0
win,0.06666666666666667,1.0
associated,0.06666666666666667,1.0
continually,0.06666666666666667,1.0
trajectory,0.06666666666666667,1.0
precision,0.06666666666666667,1.0
breakeven,0.06666666666666667,1.0
-to-,0.06666666666666667,1.0
unnecessarily,0.06666666666666667,1.0
insolvency,0.06666666666666667,1.0
credibility,0.06666666666666667,1.0
hypothesis,0.06666666666666667,1.0
train,0.06666666666666667,1.0
notice,0.06666666666666667,1.0
renew,0.06666666666666667,1.0
montes,0.06666666666666667,1.0
impact,0.06666666666666667,1.0
planning,0.06666666666666667,1.0
repo,0.06666666666666667,1.0
platform,0.06666666666666667,1.0
nonbank,0.06666666666666667,1.0
virtual,0.06666666666666667,1.0
prolong,0.06666666666666667,1.0
overnight,0.06666666666666667,1.0
acceleration,0.06666666666666667,1.0
wilson,0.06666666666666667,1.0
chung,0.06666666666666667,1.0
dario,0.06666666666666667,1.0
employee,0.06666666666666667,1.0
commercial,0.06666666666666667,1.0
sudden,0.06666666666666667,1.0
distress,0.06666666666666667,1.0
collective,0.06666666666666667,1.0
nakata,0.06666666666666667,1.0
concept,0.06666666666666667,1.0
merely,0.06666666666666667,1.0
speculation,0.06666666666666667,1.0
organization,0.06666666666666667,1.0
princeton,0.06666666666666667,1.0
beige,0.06666666666666667,1.0
root,0.06666666666666667,1.0
stave,0.06666666666666667,1.0
1950,0.06666666666666667,1.0
analytical,0.06666666666666667,1.0
devote,0.06666666666666667,1.0
tie,0.06666666666666667,1.0
amount,0.06666666666666667,1.0
jonathan,0.06666666666666667,1.0
https://www.federalreserve.gov/monetarypolicy/files/fomc_longerrungoals.pdf,0.06666666666666667,1.0
nonfarm,0.06666666666666667,1.0
blinder,0.06666666666666667,1.0
truth,0.06666666666666667,1.0
consult,0.06666666666666667,1.0
death,0.06666666666666667,1.0
concentrate,0.06666666666666667,1.0
respectively,0.06666666666666667,1.0
hotel,0.06666666666666667,1.0
legacy,0.06666666666666667,1.0
achievement,0.06666666666666667,1.0
qualitative,0.06666666666666667,1.0
rough,0.06666666666666667,1.0
video,0.06666666666666667,1.0
ecb,0.06666666666666667,1.0
procedure,0.06666666666666667,1.0
1990s,0.06666666666666667,1.0
exception,0.06666666666666667,1.0
outreach,0.06666666666666667,1.0
certainly,0.06666666666666667,1.0
commerce,0.06666666666666667,1.0
metric,0.06666666666666667,1.0
leonardo,0.06666666666666667,1.0
audience,0.06666666666666667,1.0
governance,0.06666666666666667,1.0
class,0.06666666666666667,1.0
observation,0.06666666666666667,1.0
steep,0.06666666666666667,1.0
interested,0.06666666666666667,1.0
repurchase,0.06666666666666667,1.0
aside,0.06666666666666667,1.0
mobility,0.06666666666666667,1.0
disabled,0.06666666666666667,1.0
optimism,0.06666666666666667,1.0
assumption,0.06666666666666667,1.0
philip,0.06666666666666667,1.0
securities,0.06666666666666667,1.0
requirement,0.06666666666666667,1.0
outsize,0.06666666666666667,1.0
inequality,0.06666666666666667,1.0
cyclical,0.06666666666666667,1.0
milton,0.06666666666666667,1.0
legislation,0.06666666666666667,1.0
rarely,0.06666666666666667,1.0
toll,0.06666666666666667,1.0
distinguished,0.06666666666666667,1.0
taisuke,0.06666666666666667,1.0
hop,0.06666666666666667,1.0
segment,0.06666666666666667,1.0
marked,0.06666666666666667,1.0
beth,0.06666666666666667,1.0
cares,0.06666666666666667,1.0
tragic,0.06666666666666667,1.0
europe,0.06666666666666667,1.0
pronounce,0.06666666666666667,1.0
industrial,0.06666666666666667,1.0
location,0.06666666666666667,1.0
guerrieri,0.06666666666666667,1.0
building,0.06666666666666667,1.0
norm,0.06666666666666667,1.0
resume,0.06666666666666667,1.0
resolution,0.06666666666666667,1.0
computer,0.06666666666666667,1.0
troubling,0.06666666666666667,1.0
systemically,0.06666666666666667,1.0
fernald,0.06666666666666667,1.0
forthcoming,0.06666666666666667,1.0
till,0.06666666666666667,1.0
crises,0.06666666666666667,1.0
distancing,0.06666666666666667,1.0
charge,0.06666666666666667,1.0
safeguard,0.06666666666666667,1.0
fallout,0.06666666666666667,1.0
capable,0.06666666666666667,1.0
transaction,0.06666666666666667,1.0
transparently,0.06666666666666667,1.0
coronavirus,0.06666666666666667,1.0
promising,0.06666666666666667,1.0
aaron,0.06666666666666667,1.0
considerations,0.06666666666666667,1.0
alberto,0.06666666666666667,1.0
exercise,0.06666666666666667,1.0
flatten,0.06666666666666667,1.0
measured,0.06666666666666667,1.0
accounts,0.06666666666666667,1.0
developments,0.06666666666666667,1.0
modify,0.06666666666666667,1.0
macroeconomics,0.06666666666666667,1.0
town,0.06666666666666667,1.0
measurement,0.06666666666666667,1.0
original,0.06666666666666667,1.0
brynjolfsson,0.06666666666666667,1.0
rules,0.06666666666666667,1.0
co,0.06666666666666667,1.0
resurgence,0.06666666666666667,1.0
young,0.06666666666666667,1.0
dramatically,0.06666666666666667,1.0
necessarily,0.06666666666666667,1.0
comparable,0.06666666666666667,1.0
slide,0.06666666666666667,1.0
department,0.06666666666666667,1.0
training,0.06666666666666667,1.0
crosscurrent,0.06666666666666667,1.0
distributional,0.06666666666666667,1.0
booming,0.06666666666666667,1.0
bodenstein,0.06666666666666667,1.0
medical,0.06666666666666667,1.0
frameworks,0.06666666666666667,1.0
magnitude,0.06666666666666667,1.0
constraints,0.06666666666666667,1.0
efficiency,0.06666666666666667,1.0
intangible,0.06666666666666667,1.0
louis,0.06666666666666667,1.0
network,0.06666666666666667,1.0
morning,0.06666666666666667,1.0
neely,0.06666666666666667,1.0
issues,0.06666666666666667,1.0
afford,0.06666666666666667,1.0
kenneth,0.06666666666666667,1.0
francesco,0.06666666666666667,1.0
winkler,0.06666666666666667,1.0
liftoff,0.06666666666666667,1.0
garcía,0.06666666666666667,1.0
frequency,0.06666666666666667,1.0
unwanted,0.06666666666666667,1.0
intense,0.06666666666666667,1.0
commission,0.06666666666666667,1.0
expense,0.06666666666666667,1.0
novel,0.06666666666666667,1.0
determinant,0.06666666666666667,1.0
luca,0.06666666666666667,1.0
white,0.06666666666666667,1.0
abate,0.06666666666666667,1.0
credible,0.06666666666666667,1.0
scrutiny,0.06666666666666667,1.0
visit,0.06666666666666667,1.0
join,0.06666666666666667,1.0
wood,0.06666666666666667,1.0
overstate,0.06666666666666667,1.0
attainment,0.06666666666666667,1.0
adam,0.06666666666666667,1.0
instrument,0.06666666666666667,1.0
commentary,0.06666666666666667,1.0
duarte,0.06666666666666667,1.0
buffer,0.06666666666666667,1.0
anne,0.06666666666666667,1.0
andrew,0.06666666666666667,1.0
horizon,0.06666666666666667,1.0
spill,0.06666666666666667,1.0
entity,0.06666666666666667,1.0
davis,0.06666666666666667,1.0
systemic,0.06666666666666667,1.0
von,0.06666666666666667,1.0
jump,0.06666666666666667,1.0
peterson,0.06666666666666667,1.0
marc,0.06666666666666667,1.0
hess,0.06666666666666667,1.0
opinion,0.06666666666666667,1.0
eugenio,0.06666666666666667,1.0
magic,0.06666666666666667,1.0
anytime,0.06666666666666667,1.0
portfolio,0.06666666666666667,1.0
bankruptcy,0.06666666666666667,1.0
cerutti,0.06666666666666667,1.0
discount,0.06666666666666667,1.0
submit,0.06666666666666667,1.0
soundness,0.06666666666666667,1.0
inadequate,0.06666666666666667,1.0
regional,0.06666666666666667,1.0
van,0.06666666666666667,1.0
joseph,0.06666666666666667,1.0
disappointing,0.06666666666666667,1.0
melosi,0.06666666666666667,1.0
revisited,0.06666666666666667,1.0
celebrate,0.06666666666666667,1.0
invasion,0.06666666666666667,1.0
wachter,0.06666666666666667,1.0
solely,0.06666666666666667,1.0
webpage,0.06666666666666667,1.0
inconsistent,0.06666666666666667,1.0
complicated,0.06666666666666667,1.0
contraction,0.06666666666666667,1.0
peter,0.06666666666666667,1.0
understate,0.06666666666666667,1.0
federation,0.06666666666666667,1.0
enrique,0.06666666666666667,1.0
convey,0.06666666666666667,1.0
trucks,0.06666666666666667,1.0
declare,0.06666666666666667,1.0
apply,0.06666666666666667,1.0
tomaz,0.06666666666666667,1.0
wrong,0.06666666666666667,1.0
discretion,0.06666666666666667,1.0
technique,0.06666666666666667,1.0
russian,0.06666666666666667,1.0
diversity,0.06666666666666667,1.0
famous,0.06666666666666667,1.0
intervene,0.06666666666666667,1.0
cajner,0.06666666666666667,1.0
materialize,0.06666666666666667,1.0
occupy,0.06666666666666667,1.0
joshua,0.06666666666666667,1.0
severely,0.06666666666666667,1.0
imagine,0.06666666666666667,1.0
speculative,0.06666666666666667,1.0
martínez,0.06666666666666667,1.0
terabytes,0.06666666666666667,1.0
edward,0.06666666666666667,1.0
compose,0.06666666666666667,1.0
variable,0.06666666666666667,1.0
karen,0.06666666666666667,1.0
down,0.06666666666666667,1.0
dependent,0.06666666666666667,1.0
consist,0.06666666666666667,1.0
eastern,0.06666666666666667,1.0
routinely,0.06666666666666667,1.0
profit,0.06666666666666667,1.0
upper,0.06666666666666667,1.0
aaronson,0.06666666666666667,1.0
touch,0.06666666666666667,1.0
overly,0.06666666666666667,1.0
deliberately,0.06666666666666667,1.0
ryan,0.06666666666666667,1.0
notion,0.06666666666666667,1.0
session,0.06666666666666667,1.0
effects,0.06666666666666667,1.0
hedge,0.06666666666666667,1.0
celestial,0.06666666666666667,1.0
aging,0.06666666666666667,1.0
send,0.06666666666666667,1.0
contrary,0.06666666666666667,1.0
symmetrically,0.06666666666666667,1.0
deflation,0.06666666666666667,1.0
2020s,0.06666666666666667,1.0
surely,0.06666666666666667,1.0
distance,0.06666666666666667,1.0
boston,0.06666666666666667,1.0
peterman,0.06666666666666667,1.0
negotiation,0.06666666666666667,1.0
principal,0.06666666666666667,1.0
behalf,0.06666666666666667,1.0
euro,0.06666666666666667,1.0
puzzle,0.06666666666666667,1.0
adoption,0.06666666666666667,1.0
sideways,0.06666666666666667,1.0
idiosyncratic,0.06666666666666667,1.0
perspectives,0.06666666666666667,1.0
amend,0.06666666666666667,1.0
dinner,0.06666666666666667,1.0
constantly,0.06666666666666667,1.0
akin,0.06666666666666667,1.0
michele,0.06666666666666667,1.0
manufacture,0.06666666666666667,1.0
lukasz,0.06666666666666667,1.0
residential,0.06666666666666667,1.0
leadership,0.06666666666666667,1.0
provision,0.06666666666666667,1.0
assure,0.06666666666666667,1.0
minimize,0.06666666666666667,1.0
etienne,0.06666666666666667,1.0
motivation,0.06666666666666667,1.0
unresolved,0.06666666666666667,1.0
hesitate,0.06666666666666667,1.0
fischer,0.06666666666666667,1.0
resist,0.06666666666666667,1.0
establishment,0.06666666666666667,1.0
expected,0.06666666666666667,1.0
n.j.,0.06666666666666667,1.0
beneficial,0.06666666666666667,1.0
predictably,0.06666666666666667,1.0
intervention,0.06666666666666667,1.0
weight,0.06666666666666667,1.0
soar,0.06666666666666667,1.0
collision,0.06666666666666667,1.0
constraint,0.06666666666666667,1.0
overview,0.06666666666666667,1.0
english,0.06666666666666667,1.0
1980s,0.06666666666666667,1.0
dynamics,0.06666666666666667,1.0
possibly,0.044444444444444446,1.0
maturity,0.044444444444444446,1.0
male,0.044444444444444446,1.0
gas,0.044444444444444446,1.0
claim,0.044444444444444446,1.0
plot,0.044444444444444446,1.0
proper,0.044444444444444446,1.0
educational,0.044444444444444446,1.0
depository,0.044444444444444446,1.0
confusion,0.044444444444444446,1.0
canon,0.044444444444444446,1.0
influx,0.044444444444444446,1.0
mass,0.044444444444444446,1.0
vestin,0.044444444444444446,1.0
dealers,0.044444444444444446,1.0
sluggish,0.044444444444444446,1.0
.htm,0.044444444444444446,1.0
annualize,0.044444444444444446,1.0
anticipatory,0.044444444444444446,1.0
parent,0.044444444444444446,1.0
petia,0.044444444444444446,1.0
active,0.044444444444444446,1.0
aggressive,0.044444444444444446,1.0
peer,0.044444444444444446,1.0
eventually,0.044444444444444446,1.0
page,0.044444444444444446,1.0
jae,0.044444444444444446,1.0
predictable,0.044444444444444446,1.0
disaster,0.044444444444444446,1.0
irrelevant,0.044444444444444446,1.0
encouraging,0.044444444444444446,1.0
differentiate,0.044444444444444446,1.0
trip,0.044444444444444446,1.0
investigate,0.044444444444444446,1.0
japanese,0.044444444444444446,1.0
birth,0.044444444444444446,1.0
reliable,0.044444444444444446,1.0
dallas,0.044444444444444446,1.0
device,0.044444444444444446,1.0
worry,0.044444444444444446,1.0
retail,0.044444444444444446,1.0
hall,0.044444444444444446,1.0
unable,0.044444444444444446,1.0
bloom,0.044444444444444446,1.0
corporation,0.044444444444444446,1.0
widen,0.044444444444444446,1.0
societal,0.044444444444444446,1.0
https://www.federalreserve.gov/monetarypolicy/fomchistorical2011.htm,0.044444444444444446,1.0
reflate,0.044444444444444446,1.0
tale,0.044444444444444446,1.0
immediate,0.044444444444444446,1.0
holston,0.044444444444444446,1.0
conflict,0.044444444444444446,1.0
status,0.044444444444444446,1.0
lasting,0.044444444444444446,1.0
vast,0.044444444444444446,1.0
forswear,0.044444444444444446,1.0
trends,0.044444444444444446,1.0
province,0.044444444444444446,1.0
outpace,0.044444444444444446,1.0
disease,0.044444444444444446,1.0
acute,0.044444444444444446,1.0
dedicate,0.044444444444444446,1.0
kathryn,0.044444444444444446,1.0
frame,0.044444444444444446,1.0
innovative,0.044444444444444446,1.0
choice,0.044444444444444446,1.0
acceptance,0.044444444444444446,1.0
battle,0.044444444444444446,1.0
entail,0.044444444444444446,1.0
runoff,0.044444444444444446,1.0
aid,0.044444444444444446,1.0
compensate,0.044444444444444446,1.0
promise,0.044444444444444446,1.0
transfer,0.044444444444444446,1.0
unwound,0.044444444444444446,1.0
bar,0.044444444444444446,1.0
profession,0.044444444444444446,1.0
language,0.044444444444444446,1.0
collateral,0.044444444444444446,1.0
initiative,0.044444444444444446,1.0
wolman,0.044444444444444446,1.0
anomalous,0.044444444444444446,1.0
preemption,0.044444444444444446,1.0
reaffirm,0.044444444444444446,1.0
preferred,0.044444444444444446,1.0
mask,0.044444444444444446,1.0
spell,0.044444444444444446,1.0
pocketbook,0.044444444444444446,1.0
alongside,0.044444444444444446,1.0
quartile,0.044444444444444446,1.0
retain,0.044444444444444446,1.0
learning,0.044444444444444446,1.0
essentially,0.044444444444444446,1.0
downsideâa,0.044444444444444446,1.0
market-,0.044444444444444446,1.0
falter,0.044444444444444446,1.0
livedâa,0.044444444444444446,1.0
compromise,0.044444444444444446,1.0
shared,0.044444444444444446,1.0
objectionable,0.044444444444444446,1.0
nessén,0.044444444444444446,1.0
precious,0.044444444444444446,1.0
king,0.044444444444444446,1.0
deserve,0.044444444444444446,1.0
drivers,0.044444444444444446,1.0
annually,0.044444444444444446,1.0
intentional,0.044444444444444446,1.0
seize,0.044444444444444446,1.0
rank,0.044444444444444446,1.0
stanford,0.044444444444444446,1.0
i.,0.044444444444444446,1.0
cash,0.044444444444444446,1.0
properly,0.044444444444444446,1.0
kóczán,0.044444444444444446,1.0
unfold,0.044444444444444446,1.0
damaging,0.044444444444444446,1.0
winter,0.044444444444444446,1.0
gfc,0.044444444444444446,1.0
practitioner,0.044444444444444446,1.0
await,0.044444444444444446,1.0
cycles,0.044444444444444446,1.0
clarify,0.044444444444444446,1.0
concerned,0.044444444444444446,1.0
denver,0.044444444444444446,1.0
surpass,0.044444444444444446,1.0
exporter,0.044444444444444446,1.0
wageâprice,0.044444444444444446,1.0
alesina,0.044444444444444446,1.0
parker,0.044444444444444446,1.0
instantaneous,0.044444444444444446,1.0
election,0.044444444444444446,1.0
application,0.044444444444444446,1.0
connect,0.044444444444444446,1.0
adp,0.044444444444444446,1.0
meade,0.044444444444444446,1.0
felix,0.044444444444444446,1.0
forthrightly,0.044444444444444446,1.0
solidly,0.044444444444444446,1.0
bill,0.044444444444444446,1.0
progressively,0.044444444444444446,1.0
ellen,0.044444444444444446,1.0
calculate,0.044444444444444446,1.0
knitting,0.044444444444444446,1.0
thorsten,0.044444444444444446,1.0
repay,0.044444444444444446,1.0
green,0.044444444444444446,1.0
backing,0.044444444444444446,1.0
comparative,0.044444444444444446,1.0
theme,0.044444444444444446,1.0
tightly,0.044444444444444446,1.0
diminish,0.044444444444444446,1.0
accordingly,0.044444444444444446,1.0
evolving,0.044444444444444446,1.0
climate,0.044444444444444446,1.0
crowe,0.044444444444444446,1.0
arrangement,0.044444444444444446,1.0
decisively,0.044444444444444446,1.0
spur,0.044444444444444446,1.0
legislator,0.044444444444444446,1.0
steadfastly,0.044444444444444446,1.0
luxury,0.044444444444444446,1.0
proposal,0.044444444444444446,1.0
guarantee,0.044444444444444446,1.0
administer,0.044444444444444446,1.0
crane,0.044444444444444446,1.0
jenny,0.044444444444444446,1.0
misclassification,0.044444444444444446,1.0
drautzburg,0.044444444444444446,1.0
article,0.044444444444444446,1.0
retrospective,0.044444444444444446,1.0
introduction,0.044444444444444446,1.0
cavallo,0.044444444444444446,1.0
outcomes,0.044444444444444446,1.0
leland,0.044444444444444446,1.0
confer,0.044444444444444446,1.0
pierpaolo,0.044444444444444446,1.0
challengesâfrom,0.044444444444444446,1.0
circle,0.044444444444444446,1.0
favara,0.044444444444444446,1.0
jonas,0.044444444444444446,1.0
iv,0.044444444444444446,1.0
academy,0.044444444444444446,1.0
incipient,0.044444444444444446,1.0
nitish,0.044444444444444446,1.0
updates,0.044444444444444446,1.0
globally,0.044444444444444446,1.0
benchmarks,0.044444444444444446,1.0
collaboration,0.044444444444444446,1.0
bls,0.044444444444444446,1.0
majority,0.044444444444444446,1.0
standstill,0.044444444444444446,1.0
impede,0.044444444444444446,1.0
unanimous,0.044444444444444446,1.0
ramp,0.044444444444444446,1.0
accumulate,0.044444444444444446,1.0
reminder,0.044444444444444446,1.0
pillar,0.044444444444444446,1.0
taxpayer,0.044444444444444446,1.0
ajello,0.044444444444444446,1.0
artifact,0.044444444444444446,1.0
existence,0.044444444444444446,1.0
taxation,0.044444444444444446,1.0
lease,0.044444444444444446,1.0
embody,0.044444444444444446,1.0
assumptions,0.044444444444444446,1.0
codify,0.044444444444444446,1.0
disproportionately,0.044444444444444446,1.0
kohn,0.044444444444444446,1.0
burst,0.044444444444444446,1.0
owe,0.044444444444444446,1.0
career,0.044444444444444446,1.0
rotate,0.044444444444444446,1.0
https://www.federalreserve.gov/monetarypolicy/fomccalendars.htm,0.044444444444444446,1.0
acutely,0.044444444444444446,1.0
fortune,0.044444444444444446,1.0
omicron,0.044444444444444446,1.0
pivot,0.044444444444444446,1.0
aged,0.044444444444444446,1.0
inclusive,0.044444444444444446,1.0
swap,0.044444444444444446,1.0
human,0.044444444444444446,1.0
exigent,0.044444444444444446,1.0
supplement,0.044444444444444446,1.0
everyday,0.044444444444444446,1.0
continuity,0.044444444444444446,1.0
herbst,0.044444444444444446,1.0
tang,0.044444444444444446,1.0
topa,0.044444444444444446,1.0
interval,0.044444444444444446,1.0
flagship,0.044444444444444446,1.0
dentist,0.044444444444444446,1.0
unwise,0.044444444444444446,1.0
mitigate,0.044444444444444446,1.0
rigorous,0.044444444444444446,1.0
1â,0.044444444444444446,1.0
eric,0.044444444444444446,1.0
suddenly,0.044444444444444446,1.0
sum,0.044444444444444446,1.0
joint,0.044444444444444446,1.0
fabian,0.044444444444444446,1.0
topalova,0.044444444444444446,1.0
raffo,0.044444444444444446,1.0
ill,0.044444444444444446,1.0
intensive,0.044444444444444446,1.0
suited,0.044444444444444446,1.0
nonfinancial,0.044444444444444446,1.0
tomorrow,0.044444444444444446,1.0
tracker,0.044444444444444446,1.0
rental,0.044444444444444446,1.0
dysfunction,0.044444444444444446,1.0
approximately,0.044444444444444446,1.0
2010s,0.044444444444444446,1.0
shutter,0.044444444444444446,1.0
append,0.044444444444444446,1.0
space,0.044444444444444446,1.0
inflection,0.044444444444444446,1.0
restriction,0.044444444444444446,1.0
consent,0.044444444444444446,1.0
vigorous,0.044444444444444446,1.0
wan,0.044444444444444446,1.0
countless,0.044444444444444446,1.0
bridge,0.044444444444444446,1.0
gratitude,0.044444444444444446,1.0
giannoni,0.044444444444444446,1.0
travel,0.044444444444444446,1.0
midyear,0.044444444444444446,1.0
affairs,0.044444444444444446,1.0
love,0.044444444444444446,1.0
attributable,0.044444444444444446,1.0
seeker,0.044444444444444446,1.0
dave,0.044444444444444446,1.0
snarl,0.044444444444444446,1.0
outbreak,0.044444444444444446,1.0
worldwide,0.044444444444444446,1.0
tumultuous,0.044444444444444446,1.0
heavy,0.044444444444444446,1.0
provider,0.044444444444444446,1.0
congressionally,0.044444444444444446,1.0
functionality,0.044444444444444446,1.0
equally,0.044444444444444446,1.0
unconditional,0.044444444444444446,1.0
prematurely,0.044444444444444446,1.0
supportive,0.044444444444444446,1.0
pop,0.044444444444444446,1.0
baaack,0.044444444444444446,1.0
virtuous,0.044444444444444446,1.0
exit,0.044444444444444446,1.0
remote,0.044444444444444446,1.0
substitute,0.044444444444444446,1.0
berkeley,0.044444444444444446,1.0
stagnation,0.044444444444444446,1.0
unduly,0.044444444444444446,1.0
california,0.044444444444444446,1.0
reprint,0.044444444444444446,1.0
giorgio,0.044444444444444446,1.0
7â,0.044444444444444446,1.0
deepen,0.044444444444444446,1.0
resort,0.044444444444444446,1.0
unexpected,0.044444444444444446,1.0
thoroughly,0.044444444444444446,1.0
undergo,0.044444444444444446,1.0
evaluation,0.044444444444444446,1.0
podium,0.044444444444444446,1.0
displaced,0.044444444444444446,1.0
hike,0.044444444444444446,1.0
hamilton,0.044444444444444446,1.0
theory,0.044444444444444446,1.0
tailwinds,0.044444444444444446,1.0
heal,0.044444444444444446,1.0
stefania,0.044444444444444446,1.0
bernd,0.044444444444444446,1.0
cristina,0.044444444444444446,1.0
overreact,0.044444444444444446,1.0
albero,0.044444444444444446,1.0
formally,0.044444444444444446,1.0
vaccination,0.044444444444444446,1.0
backdrop,0.044444444444444446,1.0
cop,0.044444444444444446,1.0
agustín,0.044444444444444446,1.0
mindful,0.044444444444444446,1.0
relations,0.044444444444444446,1.0
foresaw,0.044444444444444446,1.0
invitation,0.044444444444444446,1.0
crump,0.044444444444444446,1.0
creatively,0.044444444444444446,1.0
frederic,0.044444444444444446,1.0
uncomfortably,0.044444444444444446,1.0
hospitality,0.044444444444444446,1.0
unconventional,0.044444444444444446,1.0
encounter,0.044444444444444446,1.0
indirect,0.044444444444444446,1.0
desirable,0.044444444444444446,1.0
conjunction,0.044444444444444446,1.0
chamber,0.044444444444444446,1.0
costs,0.044444444444444446,1.0
complement,0.044444444444444446,1.0
equipment,0.044444444444444446,1.0
grade,0.044444444444444446,1.0
routine,0.044444444444444446,1.0
universe,0.044444444444444446,1.0
22â,0.044444444444444446,1.0
displacement,0.044444444444444446,1.0
spiral,0.044444444444444446,1.0
supervise,0.044444444444444446,1.0
hurry,0.044444444444444446,1.0
accomplish,0.044444444444444446,1.0
margin,0.044444444444444446,1.0
leveraged,0.044444444444444446,1.0
mortality,0.044444444444444446,1.0
recalibration,0.044444444444444446,1.0
sim,0.044444444444444446,1.0
tradeoffs,0.044444444444444446,1.0
loosen,0.044444444444444446,1.0
convincing,0.044444444444444446,1.0
traditionally,0.044444444444444446,1.0
counterpart,0.044444444444444446,1.0
prices,0.044444444444444446,1.0
following,0.044444444444444446,1.0
stall,0.044444444444444446,1.0
handle,0.044444444444444446,1.0
measurable,0.044444444444444446,1.0
issuance,0.044444444444444446,1.0
holder,0.044444444444444446,1.0
commentator,0.044444444444444446,1.0
brian,0.044444444444444446,1.0
coordinate,0.044444444444444446,1.0
2010,0.044444444444444446,1.0
tentative,0.044444444444444446,1.0
asymmetric,0.044444444444444446,1.0
villar,0.044444444444444446,1.0
pipeline,0.044444444444444446,1.0
curves,0.044444444444444446,1.0
donald,0.044444444444444446,1.0
tendency,0.044444444444444446,1.0
powerful,0.044444444444444446,1.0
nonhouse,0.044444444444444446,1.0
levin,0.044444444444444446,1.0
ratchet,0.044444444444444446,1.0
severity,0.044444444444444446,1.0
clarida,0.044444444444444446,1.0
benigno,0.044444444444444446,1.0
dating,0.044444444444444446,1.0
certainty,0.044444444444444446,1.0
inevitably,0.044444444444444446,1.0
blunt,0.044444444444444446,1.0
hawkins,0.044444444444444446,1.0
richard,0.044444444444444446,1.0
nelson,0.044444444444444446,1.0
memory,0.044444444444444446,1.0
tenant,0.044444444444444446,1.0
england,0.044444444444444446,1.0
infection,0.044444444444444446,1.0
occasionally,0.044444444444444446,1.0
inflationâand,0.044444444444444446,1.0
consequently,0.044444444444444446,1.0
sentence,0.044444444444444446,1.0
ratesâare,0.044444444444444446,1.0
linear,0.044444444444444446,1.0
stabilityâthe,0.044444444444444446,1.0
arias,0.044444444444444446,1.0
resident,0.044444444444444446,1.0
nonprofit,0.044444444444444446,1.0
upcoming,0.044444444444444446,1.0
neighbor,0.044444444444444446,1.0
isâas,0.044444444444444446,1.0
military,0.044444444444444446,1.0
obviously,0.044444444444444446,1.0
sinha,0.044444444444444446,1.0
glass,0.044444444444444446,1.0
pen,0.044444444444444446,1.0
humphrey,0.044444444444444446,1.0
lu,0.044444444444444446,1.0
peacetime,0.044444444444444446,1.0
disposal,0.044444444444444446,1.0
communications,0.044444444444444446,1.0
relevance,0.044444444444444446,1.0
deeply,0.044444444444444446,1.0
restaurant,0.044444444444444446,1.0
constituency,0.044444444444444446,1.0
d'amico,0.044444444444444446,1.0
carstens,0.044444444444444446,1.0
trough,0.044444444444444446,1.0
agenda,0.044444444444444446,1.0
schlusche,0.044444444444444446,1.0
reassessing,0.044444444444444446,1.0
foremost,0.044444444444444446,1.0
montreal,0.044444444444444446,1.0
fuentes,0.044444444444444446,1.0
carlson,0.044444444444444446,1.0
ceiling,0.044444444444444446,1.0
decrease,0.044444444444444446,1.0
driving,0.044444444444444446,1.0
export,0.044444444444444446,1.0
tech,0.044444444444444446,1.0
wring,0.044444444444444446,1.0
digest,0.044444444444444446,1.0
reassessment,0.044444444444444446,1.0
schindler,0.044444444444444446,1.0
essence,0.044444444444444446,1.0
latitude,0.044444444444444446,1.0
cite,0.044444444444444446,1.0
turning,0.044444444444444446,1.0
availability,0.044444444444444446,1.0
temptation,0.044444444444444446,1.0
1940,0.044444444444444446,1.0
switcher,0.044444444444444446,1.0
complication,0.044444444444444446,1.0
renewal,0.044444444444444446,1.0
stretch,0.044444444444444446,1.0
devastating,0.044444444444444446,1.0
attack,0.044444444444444446,1.0
caution,0.044444444444444446,1.0
calculation,0.044444444444444446,1.0
capability,0.044444444444444446,1.0
proportion,0.044444444444444446,1.0
speaker,0.044444444444444446,1.0
collateralized,0.044444444444444446,1.0
susceptible,0.044444444444444446,1.0
outsized,0.044444444444444446,1.0
readily,0.044444444444444446,1.0
mountain,0.044444444444444446,1.0
gone,0.044444444444444446,1.0
depositor,0.044444444444444446,1.0
decker,0.044444444444444446,1.0
dividend,0.044444444444444446,1.0
complementary,0.044444444444444446,1.0
vigilance,0.044444444444444446,1.0
yesterday,0.044444444444444446,1.0
kingdom,0.044444444444444446,1.0
bard,0.044444444444444446,1.0
successfully,0.044444444444444446,1.0
premature,0.044444444444444446,1.0
perfect,0.044444444444444446,1.0
semiannual,0.044444444444444446,1.0
ahmed,0.044444444444444446,1.0
rebirth,0.044444444444444446,1.0
island,0.044444444444444446,1.0
indicators,0.044444444444444446,1.0
grip,0.044444444444444446,1.0
ex,0.044444444444444446,1.0
fit,0.044444444444444446,1.0
rhode,0.044444444444444446,1.0
extraordinarily,0.044444444444444446,1.0
reporting,0.044444444444444446,1.0
reed,0.044444444444444446,1.0
attract,0.044444444444444446,1.0
property,0.044444444444444446,1.0
variation,0.044444444444444446,1.0
connection,0.044444444444444446,1.0
finish,0.044444444444444446,1.0
germany,0.044444444444444446,1.0
medicine,0.044444444444444446,1.0
residual,0.044444444444444446,1.0
jacobson,0.044444444444444446,1.0
probability,0.044444444444444446,1.0
manageable,0.044444444444444446,1.0
deficit,0.044444444444444446,1.0
vice,0.044444444444444446,1.0
misperceive,0.044444444444444446,1.0
orphanides,0.044444444444444446,1.0
enhanced,0.044444444444444446,1.0
detect,0.044444444444444446,1.0
tedeschi,0.044444444444444446,1.0
party,0.044444444444444446,1.0
asian,0.044444444444444446,1.0
valuation,0.044444444444444446,1.0
broker,0.044444444444444446,1.0
dream,0.044444444444444446,1.0
rescue,0.044444444444444446,1.0
fsoc,0.044444444444444446,1.0
arena,0.044444444444444446,1.0
misery,0.044444444444444446,1.0
critically,0.044444444444444446,1.0
treat,0.044444444444444446,1.0
occasional,0.044444444444444446,1.0
memorial,0.044444444444444446,1.0
resolutely,0.044444444444444446,1.0
lecture,0.044444444444444446,1.0
syverson,0.044444444444444446,1.0
factors,0.044444444444444446,1.0
undoubtedly,0.044444444444444446,1.0
proud,0.044444444444444446,1.0
nathan,0.044444444444444446,1.0
roll,0.044444444444444446,1.0
exposure,0.044444444444444446,1.0
accept,0.044444444444444446,1.0
obstfeld,0.044444444444444446,1.0
2000,0.044444444444444446,1.0
intergenerational,0.044444444444444446,1.0
entrant,0.044444444444444446,1.0
read,0.044444444444444446,1.0
trivium,0.044444444444444446,1.0
shorten,0.044444444444444446,1.0
carnegie,0.044444444444444446,1.0
flexibility,0.044444444444444446,1.0
dimension,0.044444444444444446,1.0
reasoning,0.044444444444444446,1.0
dash,0.044444444444444446,1.0
inherently,0.044444444444444446,1.0
taper,0.044444444444444446,1.0
seldom,0.044444444444444446,1.0
francisco,0.044444444444444446,1.0
variability,0.044444444444444446,1.0
rajan,0.044444444444444446,1.0
anecdote,0.044444444444444446,1.0
organisation,0.044444444444444446,1.0
estimation,0.044444444444444446,1.0
remember,0.044444444444444446,1.0
science,0.044444444444444446,1.0
rose,0.044444444444444446,1.0
staiger,0.044444444444444446,1.0
responsible,0.044444444444444446,1.0
u.s,0.044444444444444446,1.0
naturally,0.044444444444444446,1.0
recommend,0.044444444444444446,1.0
attend,0.044444444444444446,1.0
advocate,0.044444444444444446,1.0
interesting,0.044444444444444446,1.0
athanasios,0.044444444444444446,1.0
wilkins,0.044444444444444446,1.0
pressures,0.044444444444444446,1.0
bulletin,0.044444444444444446,1.0
taking,0.044444444444444446,1.0
reemerge,0.044444444444444446,1.0
turnover,0.044444444444444446,1.0
educate,0.044444444444444446,1.0
dismiss,0.044444444444444446,1.0
spillover,0.044444444444444446,1.0
exploit,0.044444444444444446,1.0
vary,0.044444444444444446,1.0
scarce,0.044444444444444446,1.0
riskâmanagement,0.044444444444444446,1.0
cautionary,0.044444444444444446,1.0
title,0.044444444444444446,1.0
san,0.044444444444444446,1.0
jobs,0.044444444444444446,1.0
classic,0.044444444444444446,1.0
cautious,0.044444444444444446,1.0
worthy,0.044444444444444446,1.0
sophisticated,0.044444444444444446,1.0
nonlinear,0.044444444444444446,1.0
field,0.044444444444444446,1.0
replace,0.044444444444444446,1.0
shed,0.044444444444444446,1.0
explorations,0.044444444444444446,1.0
miranda,0.044444444444444446,1.0
tobias,0.044444444444444446,1.0
clash,0.044444444444444446,1.0
chad,0.044444444444444446,1.0
proxy,0.044444444444444446,1.0
compute,0.044444444444444446,1.0
sample,0.044444444444444446,1.0
doubtless,0.044444444444444446,1.0
float,0.044444444444444446,1.0
minor,0.044444444444444446,1.0
region,0.044444444444444446,1.0
italy,0.044444444444444446,1.0
rochester,0.044444444444444446,1.0
offsetting,0.044444444444444446,1.0
adult,0.044444444444444446,1.0
resiliency,0.044444444444444446,1.0
testament,0.044444444444444446,1.0
reader,0.044444444444444446,1.0
steepen,0.044444444444444446,1.0
france,0.044444444444444446,1.0
appreciable,0.044444444444444446,1.0
admittedly,0.044444444444444446,1.0
compete,0.044444444444444446,1.0
paris,0.044444444444444446,1.0
red,0.044444444444444446,1.0
narrative,0.044444444444444446,1.0
glad,0.044444444444444446,1.0
linkage,0.044444444444444446,1.0
teach,0.044444444444444446,1.0
emerging,0.044444444444444446,1.0
accurately,0.044444444444444446,1.0
oecd,0.044444444444444446,1.0
artificial,0.044444444444444446,1.0
internationally,0.044444444444444446,1.0
unsustainably,0.044444444444444446,1.0
sick,0.044444444444444446,1.0
contemporaneous,0.044444444444444446,1.0
hyman,0.044444444444444446,1.0
kim,0.044444444444444446,1.0
tail,0.044444444444444446,1.0
embrace,0.044444444444444446,1.0
paint,0.044444444444444446,1.0
smoothly,0.044444444444444446,1.0
anna,0.044444444444444446,1.0
massive,0.044444444444444446,1.0
boomer,0.044444444444444446,1.0
jones,0.044444444444444446,1.0
advantage,0.044444444444444446,1.0
klein,0.044444444444444446,1.0
minus,0.044444444444444446,1.0
finding,0.044444444444444446,1.0
mo.,0.044444444444444446,1.0
eye,0.044444444444444446,1.0
borrow,0.044444444444444446,1.0
ernie,0.044444444444444446,1.0
dose,0.044444444444444446,1.0
transformation,0.044444444444444446,1.0
statistical,0.044444444444444446,1.0
cooperation,0.044444444444444446,1.0
game,0.044444444444444446,1.0
minsky,0.044444444444444446,1.0
levy,0.044444444444444446,1.0
flattening,0.044444444444444446,1.0
bordo,0.044444444444444446,1.0
gamble,0.044444444444444446,1.0
insulation,0.044444444444444446,1.0
tempt,0.044444444444444446,1.0
sell,0.044444444444444446,1.0
concentrated,0.044444444444444446,1.0
myriad,0.044444444444444446,1.0
nonmonetary,0.044444444444444446,1.0
excessively,0.044444444444444446,1.0
mistake,0.044444444444444446,1.0
grigoli,0.044444444444444446,1.0
distil,0.044444444444444446,1.0
exchange,0.044444444444444446,1.0
brainard,0.044444444444444446,1.0
marianna,0.044444444444444446,1.0
advice,0.044444444444444446,1.0
unanticipated,0.044444444444444446,1.0
st.,0.044444444444444446,1.0
authorize,0.044444444444444446,1.0
qe,0.044444444444444446,1.0
interruption,0.044444444444444446,1.0
uninsured,0.044444444444444446,1.0
permit,0.044444444444444446,1.0
extract,0.044444444444444446,1.0
defend,0.044444444444444446,1.0
inception,0.044444444444444446,1.0
stressful,0.044444444444444446,1.0
derive,0.044444444444444446,1.0
perception,0.044444444444444446,1.0
derivative,0.044444444444444446,1.0
leg,0.044444444444444446,1.0
digit,0.044444444444444446,1.0
best,0.044444444444444446,1.0
nicholas,0.044444444444444446,1.0
misleading,0.044444444444444446,1.0
flag,0.044444444444444446,1.0
pack,0.044444444444444446,1.0
confirm,0.044444444444444446,1.0
differential,0.044444444444444446,1.0
risks,0.044444444444444446,1.0
wonder,0.044444444444444446,1.0
forecasting,0.044444444444444446,1.0
surveillance,0.044444444444444446,1.0
extensively,0.044444444444444446,1.0
misperception,0.044444444444444446,1.0
relation,0.044444444444444446,1.0
famously,0.044444444444444446,1.0
amherst,0.044444444444444446,1.0
delivery,0.044444444444444446,1.0
clue,0.044444444444444446,1.0
oppose,0.044444444444444446,1.0
contentious,0.044444444444444446,1.0
mid-1990,0.044444444444444446,1.0
schwartz,0.044444444444444446,1.0
interaction,0.044444444444444446,1.0
indebted,0.044444444444444446,1.0
kudlyak,0.044444444444444446,1.0
upshot,0.044444444444444446,1.0
evening,0.044444444444444446,1.0
meal,0.044444444444444446,1.0
observer,0.044444444444444446,1.0
uptick,0.044444444444444446,1.0
zsóka,0.044444444444444446,1.0
mistakes,0.044444444444444446,1.0
frb,0.044444444444444446,1.0
coverage,0.044444444444444446,1.0
informative,0.044444444444444446,1.0
shambaugh,0.044444444444444446,1.0
recipient,0.044444444444444446,1.0
workshop,0.044444444444444446,1.0
institutions,0.044444444444444446,1.0
keenly,0.044444444444444446,1.0
intelligence,0.044444444444444446,1.0
emanate,0.044444444444444446,1.0
douglas,0.044444444444444446,1.0
securitization,0.044444444444444446,1.0
bout,0.044444444444444446,1.0
underwriting,0.044444444444444446,1.0
n.y.,0.044444444444444446,1.0
milestone,0.044444444444444446,1.0
needlessly,0.044444444444444446,1.0
student,0.044444444444444446,1.0
popular,0.022222222222222223,1.0
1994âthe,0.022222222222222223,1.0
wane,0.022222222222222223,1.0
https://lexparency.org/eu/tfeu/art_130,0.022222222222222223,1.0
philadelphia,0.022222222222222223,1.0
passive,0.022222222222222223,1.0
apparently,0.022222222222222223,1.0
chronologically,0.022222222222222223,1.0
willing,0.022222222222222223,1.0
plausibleâthe,0.022222222222222223,1.0
contextâvery,0.022222222222222223,1.0
katharine,0.022222222222222223,1.0
assume,0.022222222222222223,1.0
episodesâin,0.022222222222222223,1.0
catao,0.022222222222222223,1.0
guidelines,0.022222222222222223,1.0
yields,0.022222222222222223,1.0
korea,0.022222222222222223,1.0
north,0.022222222222222223,1.0
https://www.philadelphiafed.org/surveys-and-data/real-time-data-research/survey-of-professional-forecasters,0.022222222222222223,1.0
debelle,0.022222222222222223,1.0
hasten,0.022222222222222223,1.0
obvious,0.022222222222222223,1.0
facing,0.022222222222222223,1.0
off,0.022222222222222223,1.0
/contents,0.022222222222222223,1.0
landings,0.022222222222222223,1.0
depress,0.022222222222222223,1.0
secondary,0.022222222222222223,1.0
continuously,0.022222222222222223,1.0
https://lexparency.org/eu/tfeu/art_127,0.022222222222222223,1.0
expansive,0.022222222222222223,1.0
opioid,0.022222222222222223,1.0
narrowing,0.022222222222222223,1.0
kink,0.022222222222222223,1.0
submission,0.022222222222222223,1.0
immeasurable,0.022222222222222223,1.0
bendheim,0.022222222222222223,1.0
colo.,0.022222222222222223,1.0
nonparticipation,0.022222222222222223,1.0
legend,0.022222222222222223,1.0
markus,0.022222222222222223,1.0
mold,0.022222222222222223,1.0
1965â,0.022222222222222223,1.0
ifdp,0.022222222222222223,1.0
expeditiously,0.022222222222222223,1.0
depreciation,0.022222222222222223,1.0
drill,0.022222222222222223,1.0
underestimate,0.022222222222222223,1.0
straightforward,0.022222222222222223,1.0
nonsupervisory,0.022222222222222223,1.0
unelected,0.022222222222222223,1.0
exaggerated,0.022222222222222223,1.0
outdated,0.022222222222222223,1.0
situate,0.022222222222222223,1.0
archives,0.022222222222222223,1.0
unfilled,0.022222222222222223,1.0
legislate,0.022222222222222223,1.0
statute,0.022222222222222223,1.0
landing,0.022222222222222223,1.0
strengthening,0.022222222222222223,1.0
selective,0.022222222222222223,1.0
wheat,0.022222222222222223,1.0
deepening,0.022222222222222223,1.0
1970sânot,0.022222222222222223,1.0
surgical,0.022222222222222223,1.0
cps,0.022222222222222223,1.0
ish,0.022222222222222223,1.0
plain,0.022222222222222223,1.0
vertical,0.022222222222222223,1.0
reenter,0.022222222222222223,1.0
michiel,0.022222222222222223,1.0
sheer,0.022222222222222223,1.0
vox,0.022222222222222223,1.0
friction,0.022222222222222223,1.0
neon,0.022222222222222223,1.0
u.k.,0.022222222222222223,1.0
contracting,0.022222222222222223,1.0
wp/,0.022222222222222223,1.0
caregive,0.022222222222222223,1.0
https://www.legislation.gov.uk/ukpga/,0.022222222222222223,1.0
circumscribed,0.022222222222222223,1.0
postpone,0.022222222222222223,1.0
constitute,0.022222222222222223,1.0
stack,0.022222222222222223,1.0
caregiving,0.022222222222222223,1.0
zlate,0.022222222222222223,1.0
label,0.022222222222222223,1.0
salwati,0.022222222222222223,1.0
dajon,0.022222222222222223,1.0
millionâthat,0.022222222222222223,1.0
unadjusted,0.022222222222222223,1.0
gopi,0.022222222222222223,1.0
largerâabout,0.022222222222222223,1.0
hamper,0.022222222222222223,1.0
lately,0.022222222222222223,1.0
plunge,0.022222222222222223,1.0
starter,0.022222222222222223,1.0
bems,0.022222222222222223,1.0
karlye,0.022222222222222223,1.0
eve,0.022222222222222223,1.0
impairment,0.022222222222222223,1.0
bis,0.022222222222222223,1.0
recoveryâone,0.022222222222222223,1.0
nonfuel,0.022222222222222223,1.0
pandemicâa,0.022222222222222223,1.0
goda,0.022222222222222223,1.0
soltas,0.022222222222222223,1.0
haircut,0.022222222222222223,1.0
customs,0.022222222222222223,1.0
homeland,0.022222222222222223,1.0
illegal,0.022222222222222223,1.0
2020â,0.022222222222222223,1.0
timeâabout,0.022222222222222223,1.0
typo,0.022222222222222223,1.0
juliana,0.022222222222222223,1.0
h-1b,0.022222222222222223,1.0
abnormally,0.022222222222222223,1.0
immigrant,0.022222222222222223,1.0
legal,0.022222222222222223,1.0
attain,0.022222222222222223,1.0
retirements,0.022222222222222223,1.0
h-2b,0.022222222222222223,1.0
evan,0.022222222222222223,1.0
spillovers,0.022222222222222223,1.0
illnesses,0.022222222222222223,1.0
entry,0.022222222222222223,1.0
zeigler,0.022222222222222223,1.0
sickness,0.022222222222222223,1.0
retirementsâthat,0.022222222222222223,1.0
retired,0.022222222222222223,1.0
migrant,0.022222222222222223,1.0
stalled,0.022222222222222223,1.0
introduce,0.022222222222222223,1.0
chari,0.022222222222222223,1.0
lawful,0.022222222222222223,1.0
trilemma,0.022222222222222223,1.0
manufacturer,0.022222222222222223,1.0
missing,0.022222222222222223,1.0
card,0.022222222222222223,1.0
elderly,0.022222222222222223,1.0
anusha,0.022222222222222223,1.0
reemployment,0.022222222222222223,1.0
comfort,0.022222222222222223,1.0
urban,0.022222222222222223,1.0
climb,0.022222222222222223,1.0
senate,0.022222222222222223,1.0
halfway,0.022222222222222223,1.0
closure,0.022222222222222223,1.0
complacency,0.022222222222222223,1.0
variance,0.022222222222222223,1.0
vanquish,0.022222222222222223,1.0
rational,0.022222222222222223,1.0
shah,0.022222222222222223,1.0
restoration,0.022222222222222223,1.0
nonpermanent,0.022222222222222223,1.0
policymakers,0.022222222222222223,1.0
belief,0.022222222222222223,1.0
anticipation,0.022222222222222223,1.0
neighborhood,0.022222222222222223,1.0
alignment,0.022222222222222223,1.0
jun,0.022222222222222223,1.0
remind,0.022222222222222223,1.0
wander,0.022222222222222223,1.0
workâand,0.022222222222222223,1.0
reopenâfreeing,0.022222222222222223,1.0
organizations,0.022222222222222223,1.0
mood,0.022222222222222223,1.0
quest,0.022222222222222223,1.0
stackman,0.022222222222222223,1.0
steve,0.022222222222222223,1.0
normalizing,0.022222222222222223,1.0
symptom,0.022222222222222223,1.0
pricing,0.022222222222222223,1.0
tick,0.022222222222222223,1.0
domain,0.022222222222222223,1.0
border,0.022222222222222223,1.0
cognitive,0.022222222222222223,1.0
3â,0.022222222222222223,1.0
absent,0.022222222222222223,1.0
intermeete,0.022222222222222223,1.0
unfortunate,0.022222222222222223,1.0
inattention,0.022222222222222223,1.0
exert,0.022222222222222223,1.0
camarota,0.022222222222222223,1.0
sims,0.022222222222222223,1.0
strange,0.022222222222222223,1.0
proposition,0.022222222222222223,1.0
sheiner,0.022222222222222223,1.0
u.s.âmexico,0.022222222222222223,1.0
purposefully,0.022222222222222223,1.0
height,0.022222222222222223,1.0
front,0.022222222222222223,1.0
anecdotal,0.022222222222222223,1.0
overarch,0.022222222222222223,1.0
undocumented,0.022222222222222223,1.0
widening,0.022222222222222223,1.0
visa,0.022222222222222223,1.0
narrower,0.022222222222222223,1.0
vix,0.022222222222222223,1.0
tom,0.022222222222222223,1.0
stringent,0.022222222222222223,1.0
formation,0.022222222222222223,1.0
koczan,0.022222222222222223,1.0
broader,0.022222222222222223,1.0
countries,0.022222222222222223,1.0
februaryâis,0.022222222222222223,1.0
historyâand,0.022222222222222223,1.0
contactâwould,0.022222222222222223,1.0
overrepresente,0.022222222222222223,1.0
byron,0.022222222222222223,1.0
yildirmaz,0.022222222222222223,1.0
bruno,0.022222222222222223,1.0
lifespan,0.022222222222222223,1.0
christos,0.022222222222222223,1.0
earner,0.022222222222222223,1.0
alois,0.022222222222222223,1.0
populationâreache,0.022222222222222223,1.0
inflationâis,0.022222222222222223,1.0
slog,0.022222222222222223,1.0
brazil,0.022222222222222223,1.0
manyâthough,0.022222222222222223,1.0
nascent,0.022222222222222223,1.0
converse,0.022222222222222223,1.0
childcare,0.022222222222222223,1.0
aversion,0.022222222222222223,1.0
haveâfor,0.022222222222222223,1.0
atish,0.022222222222222223,1.0
nowâsubstantially,0.022222222222222223,1.0
mistaken,0.022222222222222223,1.0
roil,0.022222222222222223,1.0
disproportionate,0.022222222222222223,1.0
forestall,0.022222222222222223,1.0
foothold,0.022222222222222223,1.0
amortization,0.022222222222222223,1.0
millennium,0.022222222222222223,1.0
globalisation,0.022222222222222223,1.0
dilts,0.022222222222222223,1.0
placzek,0.022222222222222223,1.0
ghosh,0.022222222222222223,1.0
overallâby,0.022222222222222223,1.0
yannelis,0.022222222222222223,1.0
venue,0.022222222222222223,1.0
oreopoulos,0.022222222222222223,1.0
worrisome,0.022222222222222223,1.0
goldar,0.022222222222222223,1.0
churn,0.022222222222222223,1.0
333â,0.022222222222222223,1.0
disappearance,0.022222222222222223,1.0
zalduendo,0.022222222222222223,1.0
couch,0.022222222222222223,1.0
ivan,0.022222222222222223,1.0
microdata,0.022222222222222223,1.0
reemploye,0.022222222222222223,1.0
stevens,0.022222222222222223,1.0
dana,0.022222222222222223,1.0
erode,0.022222222222222223,1.0
deterioration,0.022222222222222223,1.0
enjoy,0.022222222222222223,1.0
wear,0.022222222222222223,1.0
glatthaar,0.022222222222222223,1.0
justin,0.022222222222222223,1.0
radler,0.022222222222222223,1.0
hardly,0.022222222222222223,1.0
https://www.federalreserve.gov/publications/files/fedlistens-report-,0.022222222222222223,1.0
marianne,0.022222222222222223,1.0
huff,0.022222222222222223,1.0
https://www.conference-board.org,0.022222222222222223,1.0
joão,0.022222222222222223,1.0
weicheng,0.022222222222222223,1.0
happiness,0.022222222222222223,1.0
cho,0.022222222222222223,1.0
janice,0.022222222222222223,1.0
ratner,0.022222222222222223,1.0
qureshi,0.022222222222222223,1.0
race,0.022222222222222223,1.0
lalonde,0.022222222222222223,1.0
luis,0.022222222222222223,1.0
originator,0.022222222222222223,1.0
quotation,0.022222222222222223,1.0
galbis,0.022222222222222223,1.0
roadmap,0.022222222222222223,1.0
surges,0.022222222222222223,1.0
flows,0.022222222222222223,1.0
competitive,0.022222222222222223,1.0
interview,0.022222222222222223,1.0
esther,0.022222222222222223,1.0
articulation,0.022222222222222223,1.0
gerardo,0.022222222222222223,1.0
zsoka,0.022222222222222223,1.0
coincide,0.022222222222222223,1.0
curcuru,0.022222222222222223,1.0
slash,0.022222222222222223,1.0
clark,0.022222222222222223,1.0
loose,0.022222222222222223,1.0
inflow,0.022222222222222223,1.0
targeted,0.022222222222222223,1.0
prone,0.022222222222222223,1.0
symbol,0.022222222222222223,1.0
retrace,0.022222222222222223,1.0
activityâtwo,0.022222222222222223,1.0
integration,0.022222222222222223,1.0
external,0.022222222222222223,1.0
goernemann,0.022222222222222223,1.0
ostry,0.022222222222222223,1.0
growthâthe,0.022222222222222223,1.0
d.c.,0.022222222222222223,1.0
wheatley,0.022222222222222223,1.0
issuer,0.022222222222222223,1.0
formula,0.022222222222222223,1.0
rudolfs,0.022222222222222223,1.0
pandemicâbecause,0.022222222222222223,1.0
defy,0.022222222222222223,1.0
polak,0.022222222222222223,1.0
federated,0.022222222222222223,1.0
icr,0.022222222222222223,1.0
overwhelming,0.022222222222222223,1.0
lian,0.022222222222222223,1.0
expansionâthe,0.022222222222222223,1.0
shut,0.022222222222222223,1.0
remiss,0.022222222222222223,1.0
-report,0.022222222222222223,1.0
infusion,0.022222222222222223,1.0
comfortably,0.022222222222222223,1.0
byproduct,0.022222222222222223,1.0
koepke,0.022222222222222223,1.0
characterization,0.022222222222222223,1.0
overdo,0.022222222222222223,1.0
programâand,0.022222222222222223,1.0
firmsâin,0.022222222222222223,1.0
okay,0.022222222222222223,1.0
maurice,0.022222222222222223,1.0
expiration,0.022222222222222223,1.0
conditionsâby,0.022222222222222223,1.0
quarantine,0.022222222222222223,1.0
lessen,0.022222222222222223,1.0
shore,0.022222222222222223,1.0
immediately,0.022222222222222223,1.0
color,0.022222222222222223,1.0
https://www.federalreserve.gov/monetarypolicy/files/20200612_mprfullreport.pdf,0.022222222222222223,1.0
pandemicâthose,0.022222222222222223,1.0
eckerd,0.022222222222222223,1.0
update-,0.022222222222222223,1.0
https://www.federalreserve.gov/publications/files/,0.022222222222222223,1.0
allâhousehold,0.022222222222222223,1.0
agrippino,0.022222222222222223,1.0
silvia,0.022222222222222223,1.0
recorded,0.022222222222222223,1.0
recessionary,0.022222222222222223,1.0
centre,0.022222222222222223,1.0
flight,0.022222222222222223,1.0
upbeat,0.022222222222222223,1.0
evenly,0.022222222222222223,1.0
publicâjob,0.022222222222222223,1.0
waste,0.022222222222222223,1.0
trilemmas,0.022222222222222223,1.0
economically,0.022222222222222223,1.0
pradhan,0.022222222222222223,1.0
george,0.022222222222222223,1.0
mahvash,0.022222222222222223,1.0
troublesome,0.022222222222222223,1.0
dilemma,0.022222222222222223,1.0
fratzscher,0.022222222222222223,1.0
continuing,0.022222222222222223,1.0
ticketsâdecline,0.022222222222222223,1.0
panelists,0.022222222222222223,1.0
juan,0.022222222222222223,1.0
12âmonth,0.022222222222222223,1.0
comparatively,0.022222222222222223,1.0
pricesâfor,0.022222222222222223,1.0
outstrip,0.022222222222222223,1.0
1950s,0.022222222222222223,1.0
airplane,0.022222222222222223,1.0
goodsâa,0.022222222222222223,1.0
compositional,0.022222222222222223,1.0
marisa,0.022222222222222223,1.0
afflict,0.022222222222222223,1.0
briefest,0.022222222222222223,1.0
inflationâone,0.022222222222222223,1.0
fell,0.022222222222222223,1.0
cie,0.022222222222222223,1.0
poplawski,0.022222222222222223,1.0
2007â,0.022222222222222223,1.0
manufactured,0.022222222222222223,1.0
diminished,0.022222222222222223,1.0
scatterplot,0.022222222222222223,1.0
timed,0.022222222222222223,1.0
brighten,0.022222222222222223,1.0
sectoral,0.022222222222222223,1.0
compendium,0.022222222222222223,1.0
undercut,0.022222222222222223,1.0
orient,0.022222222222222223,1.0
waning,0.022222222222222223,1.0
dissipating,0.022222222222222223,1.0
cong,0.022222222222222223,1.0
forbes,0.022222222222222223,1.0
horizontal,0.022222222222222223,1.0
carsâand,0.022222222222222223,1.0
unevenness,0.022222222222222223,1.0
unobserved,0.022222222222222223,1.0
prevalence,0.022222222222222223,1.0
depressed,0.022222222222222223,1.0
londono,0.022222222222222223,1.0
bund,0.022222222222222223,1.0
supplyâdemand,0.022222222222222223,1.0
shoulder,0.022222222222222223,1.0
harmful,0.022222222222222223,1.0
ageing,0.022222222222222223,1.0
goodsâparticularly,0.022222222222222223,1.0
goodhart,0.022222222222222223,1.0
steadfast,0.022222222222222223,1.0
uneven,0.022222222222222223,1.0
lens,0.022222222222222223,1.0
oft,0.022222222222222223,1.0
air,0.022222222222222223,1.0
massively,0.022222222222222223,1.0
print,0.022222222222222223,1.0
vogt,0.022222222222222223,1.0
furniture,0.022222222222222223,1.0
distribute,0.022222222222222223,1.0
wash,0.022222222222222223,1.0
hec,0.022222222222222223,1.0
marcos,0.022222222222222223,1.0
temper,0.022222222222222223,1.0
garnham,0.022222222222222223,1.0
revival,0.022222222222222223,1.0
discover,0.022222222222222223,1.0
appliance,0.022222222222222223,1.0
iif,0.022222222222222223,1.0
axis,0.022222222222222223,1.0
noisy,0.022222222222222223,1.0
opposing,0.022222222222222223,1.0
spectrumâa,0.022222222222222223,1.0
recordâdisplaced,0.022222222222222223,1.0
car,0.022222222222222223,1.0
mita,0.022222222222222223,1.0
outperform,0.022222222222222223,1.0
ann,0.022222222222222223,1.0
tyler,0.022222222222222223,1.0
staggering,0.022222222222222223,1.0
prosper,0.022222222222222223,1.0
barrero,0.022222222222222223,1.0
misclassifie,0.022222222222222223,1.0
sever,0.022222222222222223,1.0
frey,0.022222222222222223,1.0
christian,0.022222222222222223,1.0
grim,0.022222222222222223,1.0
east,0.022222222222222223,1.0
interestâor,0.022222222222222223,1.0
vidangos,0.022222222222222223,1.0
ethnicity,0.022222222222222223,1.0
patiently,0.022222222222222223,1.0
losses,0.022222222222222223,1.0
zwick,0.022222222222222223,1.0
pastâabout,0.022222222222222223,1.0
administrative,0.022222222222222223,1.0
outcomesâparticularly,0.022222222222222223,1.0
entertainment,0.022222222222222223,1.0
reallocation,0.022222222222222223,1.0
eme,0.022222222222222223,1.0
membership,0.022222222222222223,1.0
ahu,0.022222222222222223,1.0
constantine,0.022222222222222223,1.0
child,0.022222222222222223,1.0
stutzer,0.022222222222222223,1.0
emes,0.022222222222222223,1.0
oxford,0.022222222222222223,1.0
wolfers,0.022222222222222223,1.0
concise,0.022222222222222223,1.0
schooling,0.022222222222222223,1.0
practicable,0.022222222222222223,1.0
labour,0.022222222222222223,1.0
sullivan,0.022222222222222223,1.0
glenn,0.022222222222222223,1.0
individually,0.022222222222222223,1.0
recessionâthe,0.022222222222222223,1.0
makridis,0.022222222222222223,1.0
bestow,0.022222222222222223,1.0
granja,0.022222222222222223,1.0
swiftly,0.022222222222222223,1.0
blacks,0.022222222222222223,1.0
eberly,0.022222222222222223,1.0
perpetual,0.022222222222222223,1.0
dimensions,0.022222222222222223,1.0
jose,0.022222222222222223,1.0
societies,0.022222222222222223,1.0
misreporte,0.022222222222222223,1.0
trim,0.022222222222222223,1.0
unit,0.022222222222222223,1.0
https://www.federalreserve.gov/monetarypolicy/files/20210709_mprfullreport.pdf,0.022222222222222223,1.0
developmentâbut,0.022222222222222223,1.0
viewpoint,0.022222222222222223,1.0
mental,0.022222222222222223,1.0
paramount,0.022222222222222223,1.0
render,0.022222222222222223,1.0
voice,0.022222222222222223,1.0
inflict,0.022222222222222223,1.0
thailand,0.022222222222222223,1.0
lutz,0.022222222222222223,1.0
mundell,0.022222222222222223,1.0
kamin,0.022222222222222223,1.0
participationâwhich,0.022222222222222223,1.0
hubbard,0.022222222222222223,1.0
gaps,0.022222222222222223,1.0
steelman,0.022222222222222223,1.0
obsolete,0.022222222222222223,1.0
restructuring,0.022222222222222223,1.0
wwii,0.022222222222222223,1.0
stijn,0.022222222222222223,1.0
coulibaly,0.022222222222222223,1.0
autor,0.022222222222222223,1.0
joblessness,0.022222222222222223,1.0
nipa,0.022222222222222223,1.0
operational,0.022222222222222223,1.0
discussant,0.022222222222222223,1.0
enhancement,0.022222222222222223,1.0
periodâat,0.022222222222222223,1.0
positively,0.022222222222222223,1.0
shocksâa,0.022222222222222223,1.0
expansions,0.022222222222222223,1.0
arithmetic,0.022222222222222223,1.0
timeless,0.022222222222222223,1.0
multidecade,0.022222222222222223,1.0
electrification,0.022222222222222223,1.0
probe,0.022222222222222223,1.0
forwards,0.022222222222222223,1.0
tactical,0.022222222222222223,1.0
formal,0.022222222222222223,1.0
isolation,0.022222222222222223,1.0
unchecked,0.022222222222222223,1.0
jolt,0.022222222222222223,1.0
contractions,0.022222222222222223,1.0
gauge,0.022222222222222223,1.0
recessions,0.022222222222222223,1.0
delete,0.022222222222222223,1.0
button,0.022222222222222223,1.0
periodically,0.022222222222222223,1.0
toggle,0.022222222222222223,1.0
-survey,0.022222222222222223,1.0
tab,0.022222222222222223,1.0
inter,0.022222222222222223,1.0
vote,0.022222222222222223,1.0
arrow,0.022222222222222223,1.0
substantive,0.022222222222222223,1.0
strategic,0.022222222222222223,1.0
entitle,0.022222222222222223,1.0
viewââthe,0.022222222222222223,1.0
organizational,0.022222222222222223,1.0
repeat,0.022222222222222223,1.0
luncheon,0.022222222222222223,1.0
postâfinancial,0.022222222222222223,1.0
targetingâa,0.022222222222222223,1.0
preamble,0.022222222222222223,1.0
sweeping,0.022222222222222223,1.0
errors,0.022222222222222223,1.0
curveâmeane,0.022222222222222223,1.0
shortfalls,0.022222222222222223,1.0
lepetit,0.022222222222222223,1.0
unemploymentâand,0.022222222222222223,1.0
defining,0.022222222222222223,1.0
progression,0.022222222222222223,1.0
2022â,0.022222222222222223,1.0
jeopardize,0.022222222222222223,1.0
nunn,0.022222222222222223,1.0
"employment""âare",0.022222222222222223,1.0
brent,0.022222222222222223,1.0
appearance,0.022222222222222223,1.0
michaud,0.022222222222222223,1.0
precisely,0.022222222222222223,1.0
heather,0.022222222222222223,1.0
â,0.022222222222222223,1.0
removal,0.022222222222222223,1.0
lee,0.022222222222222223,1.0
payments,0.022222222222222223,1.0
aea,0.022222222222222223,1.0
periodâand,0.022222222222222223,1.0
amanda,0.022222222222222223,1.0
antoine,0.022222222222222223,1.0
diligently,0.022222222222222223,1.0
thinker,0.022222222222222223,1.0
preemptive,0.022222222222222223,1.0
closing,0.022222222222222223,1.0
curious,0.022222222222222223,1.0
necessity,0.022222222222222223,1.0
wages,0.022222222222222223,1.0
isabel,0.022222222222222223,1.0
intervals.â¯,0.022222222222222223,1.0
fujita,0.022222222222222223,1.0
jay,0.022222222222222223,1.0
mobile,0.022222222222222223,1.0
https://www.federalreserve.gov/monetarypolicy/historical-statements-on-longer-run-goals-and-monetary-policy-strategy-,0.022222222222222223,1.0
testimony,0.022222222222222223,1.0
flinch,0.022222222222222223,1.0
dialing,0.022222222222222223,1.0
pierre,0.022222222222222223,1.0
xiwen,0.022222222222222223,1.0
frantic,0.022222222222222223,1.0
lockdown,0.022222222222222223,1.0
muhammed,0.022222222222222223,1.0
doctrine,0.022222222222222223,1.0
silva,0.022222222222222223,1.0
disposable,0.022222222222222223,1.0
alive,0.022222222222222223,1.0
innovate,0.022222222222222223,1.0
dislike,0.022222222222222223,1.0
humility,0.022222222222222223,1.0
flexibly,0.022222222222222223,1.0
1âso,0.022222222222222223,1.0
infrastructure,0.022222222222222223,1.0
tectonic,0.022222222222222223,1.0
phone,0.022222222222222223,1.0
li,0.022222222222222223,1.0
q2,0.022222222222222223,1.0
retreat,0.022222222222222223,1.0
distort,0.022222222222222223,1.0
åahin,0.022222222222222223,1.0
villaverde,0.022222222222222223,1.0
knowledgeâso,0.022222222222222223,1.0
ozcan,0.022222222222222223,1.0
radical,0.022222222222222223,1.0
unfairness,0.022222222222222223,1.0
eusepi,0.022222222222222223,1.0
us,0.022222222222222223,1.0
unanimously,0.022222222222222223,1.0
causal,0.022222222222222223,1.0
stimulative,0.022222222222222223,1.0
ayåegül,0.022222222222222223,1.0
chi,0.022222222222222223,1.0
declining,0.022222222222222223,1.0
abruptly,0.022222222222222223,1.0
https://www.brookings.edu/articles/grading-fed-communications-a-,0.022222222222222223,1.0
activate,0.022222222222222223,1.0
respective,0.022222222222222223,1.0
professor,0.022222222222222223,1.0
pretty,0.022222222222222223,1.0
ferris,0.022222222222222223,1.0
chicagoan,0.022222222222222223,1.0
trevor,0.022222222222222223,1.0
outline,0.022222222222222223,1.0
reconsider,0.022222222222222223,1.0
hurricane,0.022222222222222223,1.0
discrete,0.022222222222222223,1.0
watcher,0.022222222222222223,1.0
placid,0.022222222222222223,1.0
caption,0.022222222222222223,1.0
sec,0.022222222222222223,1.0
campaign,0.022222222222222223,1.0
disparate,0.022222222222222223,1.0
bueller,0.022222222222222223,1.0
trace,0.022222222222222223,1.0
dim,0.022222222222222223,1.0
journalist,0.022222222222222223,1.0
stout,0.022222222222222223,1.0
hinder,0.022222222222222223,1.0
midrange,0.022222222222222223,1.0
noise,0.022222222222222223,1.0
separate,0.022222222222222223,1.0
parse,0.022222222222222223,1.0
intent,0.022222222222222223,1.0
predictor,0.022222222222222223,1.0
intently,0.022222222222222223,1.0
posting,0.022222222222222223,1.0
yearsâremain,0.022222222222222223,1.0
squarely,0.022222222222222223,1.0
reporter,0.022222222222222223,1.0
expectationsâthose,0.022222222222222223,1.0
retaliation,0.022222222222222223,1.0
ina,0.022222222222222223,1.0
shapiro,0.022222222222222223,1.0
peneva,0.022222222222222223,1.0
demystify,0.022222222222222223,1.0
approved,0.022222222222222223,1.0
dispersion,0.022222222222222223,1.0
sack,0.022222222222222223,1.0
tantrum,0.022222222222222223,1.0
tga,0.022222222222222223,1.0
noticeable,0.022222222222222223,1.0
recognition,0.022222222222222223,1.0
cui,0.022222222222222223,1.0
verge,0.022222222222222223,1.0
3b,0.022222222222222223,1.0
ampleness,0.022222222222222223,1.0
tune,0.022222222222222223,1.0
gdpâwhile,0.022222222222222223,1.0
regulations,0.022222222222222223,1.0
nimble,0.022222222222222223,1.0
municipal,0.022222222222222223,1.0
recur,0.022222222222222223,1.0
haveâand,0.022222222222222223,1.0
remit,0.022222222222222223,1.0
fine,0.022222222222222223,1.0
trillionâfrom,0.022222222222222223,1.0
na,0.022222222222222223,1.0
texas,0.022222222222222223,1.0
seller,0.022222222222222223,1.0
ppplf,0.022222222222222223,1.0
systemwide,0.022222222222222223,1.0
hoover,0.022222222222222223,1.0
burdensome,0.022222222222222223,1.0
johannes,0.022222222222222223,1.0
reserves,0.022222222222222223,1.0
autonomous,0.022222222222222223,1.0
cease,0.022222222222222223,1.0
assurance,0.022222222222222223,1.0
award,0.022222222222222223,1.0
fair,0.022222222222222223,1.0
exactly,0.022222222222222223,1.0
successive,0.022222222222222223,1.0
rudd,0.022222222222222223,1.0
anderson,0.022222222222222223,1.0
alyssa,0.022222222222222223,1.0
ratesâinter,0.022222222222222223,1.0
underweight,0.022222222222222223,1.0
mbs,0.022222222222222223,1.0
consultation,0.022222222222222223,1.0
remittance,0.022222222222222223,1.0
soma,0.022222222222222223,1.0
backstop,0.022222222222222223,1.0
unsecured,0.022222222222222223,1.0
paths,0.022222222222222223,1.0
systemâwas,0.022222222222222223,1.0
quantify,0.022222222222222223,1.0
subsequently,0.022222222222222223,1.0
3â,0.022222222222222223,1.0
balances,0.022222222222222223,1.0
mondragon,0.022222222222222223,1.0
senyuz,0.022222222222222223,1.0
wieland,0.022222222222222223,1.0
haveâstopped,0.022222222222222223,1.0
affecting,0.022222222222222223,1.0
phaseout,0.022222222222222223,1.0
indicative,0.022222222222222223,1.0
minimal,0.022222222222222223,1.0
governmental,0.022222222222222223,1.0
reservesâfund,0.022222222222222223,1.0
corresponding,0.022222222222222223,1.0
inclusion,0.022222222222222223,1.0
autopilot,0.022222222222222223,1.0
evaporate,0.022222222222222223,1.0
ledger,0.022222222222222223,1.0
check,0.022222222222222223,1.0
independently,0.022222222222222223,1.0
bearing,0.022222222222222223,1.0
selloff,0.022222222222222223,1.0
crucial,0.022222222222222223,1.0
nationwide,0.022222222222222223,1.0
postâglobal,0.022222222222222223,1.0
calibrate,0.022222222222222223,1.0
marketâan,0.022222222222222223,1.0
cairó,0.022222222222222223,1.0
https://www.federalreserve.gov/monetarypolicy/review-of-monetary-policy-strategy-tools-and-communications-,0.022222222222222223,1.0
piece,0.022222222222222223,1.0
callum,0.022222222222222223,1.0
origins,0.022222222222222223,1.0
lure,0.022222222222222223,1.0
claudia,0.022222222222222223,1.0
boushey,0.022222222222222223,1.0
unpredictable,0.022222222222222223,1.0
hajdini,0.022222222222222223,1.0
abrupt,0.022222222222222223,1.0
remake,0.022222222222222223,1.0
suitable,0.022222222222222223,1.0
reiterate,0.022222222222222223,1.0
françois,0.022222222222222223,1.0
recalibrate,0.022222222222222223,1.0
proceedings,0.022222222222222223,1.0
shigeru,0.022222222222222223,1.0
falloff,0.022222222222222223,1.0
seasonal,0.022222222222222223,1.0
departure,0.022222222222222223,1.0
park,0.022222222222222223,1.0
foote,0.022222222222222223,1.0
visible,0.022222222222222223,1.0
police,0.022222222222222223,1.0
restrictiveâmodestly,0.022222222222222223,1.0
unchanging,0.022222222222222223,1.0
sahm,0.022222222222222223,1.0
schmid,0.022222222222222223,1.0
override,0.022222222222222223,1.0
durably,0.022222222222222223,1.0
jeremy,0.022222222222222223,1.0
ekaterina,0.022222222222222223,1.0
bundick,0.022222222222222223,1.0
equitable,0.022222222222222223,1.0
gourio,0.022222222222222223,1.0
2002â,0.022222222222222223,1.0
workersâan,0.022222222222222223,1.0
utility,0.022222222222222223,1.0
eligible,0.022222222222222223,1.0
longstanding,0.022222222222222223,1.0
operationally,0.022222222222222223,1.0
philippa,0.022222222222222223,1.0
institutionsâfunding,0.022222222222222223,1.0
designate,0.022222222222222223,1.0
overweight,0.022222222222222223,1.0
marks,0.022222222222222223,1.0
mslp,0.022222222222222223,1.0
facilities,0.022222222222222223,1.0
predetermined,0.022222222222222223,1.0
transform,0.022222222222222223,1.0
aligned,0.022222222222222223,1.0
arcane,0.022222222222222223,1.0
backed,0.022222222222222223,1.0
abundant,0.022222222222222223,1.0
minutes,0.022222222222222223,1.0
crosswind,0.022222222222222223,1.0
securitiesânormally,0.022222222222222223,1.0
heel,0.022222222222222223,1.0
unfinishe,0.022222222222222223,1.0
steam,0.022222222222222223,1.0
sided,0.022222222222222223,1.0
greater,0.022222222222222223,1.0
sea,0.022222222222222223,1.0
scar,0.022222222222222223,1.0
stormy,0.022222222222222223,1.0
providence,0.022222222222222223,1.0
authorities,0.022222222222222223,1.0
entire,0.022222222222222223,1.0
calif.,0.022222222222222223,1.0
public-,0.022222222222222223,1.0
waller,0.022222222222222223,1.0
zeynep,0.022222222222222223,1.0
entrenchedâan,0.022222222222222223,1.0
yiliang,0.022222222222222223,1.0
schedule,0.022222222222222223,1.0
semiconductor,0.022222222222222223,1.0
peakâa,0.022222222222222223,1.0
notoriously,0.022222222222222223,1.0
bea,0.022222222222222223,1.0
illustration,0.022222222222222223,1.0
sky,0.022222222222222223,1.0
cloudy,0.022222222222222223,1.0
zeroââits,0.022222222222222223,1.0
affordability,0.022222222222222223,1.0
nitya,0.022222222222222223,1.0
debtâsuch,0.022222222222222223,1.0
developmentâit,0.022222222222222223,1.0
inquiry,0.022222222222222223,1.0
plummet,0.022222222222222223,1.0
commonly,0.022222222222222223,1.0
michigan,0.022222222222222223,1.0
concepts,0.022222222222222223,1.0
alexander,0.022222222222222223,1.0
optimist,0.022222222222222223,1.0
--prime,0.022222222222222223,1.0
breakthrough,0.022222222222222223,1.0
christoph,0.022222222222222223,1.0
imputed,0.022222222222222223,1.0
agile,0.022222222222222223,1.0
subpar,0.022222222222222223,1.0
robotic,0.022222222222222223,1.0
pool,0.022222222222222223,1.0
decelerate,0.022222222222222223,1.0
zhang,0.022222222222222223,1.0
haltiwanger,0.022222222222222223,1.0
boehm,0.022222222222222223,1.0
structurally,0.022222222222222223,1.0
http://www.sca.isr.umich.edu,0.022222222222222223,1.0
lars,0.022222222222222223,1.0
consumers,0.022222222222222223,1.0
construction,0.022222222222222223,1.0
inventory,0.022222222222222223,1.0
dwelling,0.022222222222222223,1.0
qualified,0.022222222222222223,1.0
kearney,0.022222222222222223,1.0
hourly,0.022222222222222223,1.0
innocent,0.022222222222222223,1.0
unite,0.022222222222222223,1.0
stayer,0.022222222222222223,1.0
gdpnow,0.022222222222222223,1.0
https://www.atlantafed.org/cqer/research/gdpnow,0.022222222222222223,1.0
horrify,0.022222222222222223,1.0
surprised,0.022222222222222223,1.0
convex,0.022222222222222223,1.0
2â,0.022222222222222223,1.0
sequence,0.022222222222222223,1.0
upturn,0.022222222222222223,1.0
wolters,0.022222222222222223,1.0
mildly,0.022222222222222223,1.0
javier,0.022222222222222223,1.0
presume,0.022222222222222223,1.0
measureable,0.022222222222222223,1.0
israel,0.022222222222222223,1.0
fulfillment,0.022222222222222223,1.0
getâwas,0.022222222222222223,1.0
land,0.022222222222222223,1.0
nonlinearitie,0.022222222222222223,1.0
unrated,0.022222222222222223,1.0
multifactor,0.022222222222222223,1.0
nayar,0.022222222222222223,1.0
diffuse,0.022222222222222223,1.0
surveys,0.022222222222222223,1.0
curtail,0.022222222222222223,1.0
homeowner,0.022222222222222223,1.0
businesses,0.022222222222222223,1.0
2021â,0.022222222222222223,1.0
openings,0.022222222222222223,1.0
dataâshowe,0.022222222222222223,1.0
shorter,0.022222222222222223,1.0
goalsâmaximum,0.022222222222222223,1.0
persons,0.022222222222222223,1.0
wellâby,0.022222222222222223,1.0
ron,0.022222222222222223,1.0
sibs,0.022222222222222223,1.0
kluwer,0.022222222222222223,1.0
silicon,0.022222222222222223,1.0
u-,0.022222222222222223,1.0
recapitalize,0.022222222222222223,1.0
suisseâa,0.022222222222222223,1.0
interconnect,0.022222222222222223,1.0
complacent,0.022222222222222223,1.0
rulemaking,0.022222222222222223,1.0
usually,0.022222222222222223,1.0
valley,0.022222222222222223,1.0
suite,0.022222222222222223,1.0
scramble,0.022222222222222223,1.0
insufficient,0.022222222222222223,1.0
vigilant,0.022222222222222223,1.0
multi,0.022222222222222223,1.0
jarmin,0.022222222222222223,1.0
compile,0.022222222222222223,1.0
rogoff,0.022222222222222223,1.0
intermediate,0.022222222222222223,1.0
continuous,0.022222222222222223,1.0
falmouth,0.022222222222222223,1.0
overviews,0.022222222222222223,1.0
contributor,0.022222222222222223,1.0
exposures,0.022222222222222223,1.0
inappropriate,0.022222222222222223,1.0
tucker,0.022222222222222223,1.0
exceedingly,0.022222222222222223,1.0
studies,0.022222222222222223,1.0
unpack,0.022222222222222223,1.0
third,0.022222222222222223,1.0
buttress,0.022222222222222223,1.0
tokyo,0.022222222222222223,1.0
treaty,0.022222222222222223,1.0
enumerate,0.022222222222222223,1.0
branch,0.022222222222222223,1.0
withstand,0.022222222222222223,1.0
acquisition,0.022222222222222223,1.0
abraham,0.022222222222222223,1.0
watershed,0.022222222222222223,1.0
tiered,0.022222222222222223,1.0
ecosystem,0.022222222222222223,1.0
bondsâin,0.022222222222222223,1.0
pandalai,0.022222222222222223,1.0
kuehn,0.022222222222222223,1.0
24â,0.022222222222222223,1.0
methods,0.022222222222222223,1.0
workweek,0.022222222222222223,1.0
nonbanke,0.022222222222222223,1.0
endogenous,0.022222222222222223,1.0
preference,0.022222222222222223,1.0
softening,0.022222222222222223,1.0
separately,0.022222222222222223,1.0
multifamily,0.022222222222222223,1.0
inflationâinflation,0.022222222222222223,1.0
sib)ârequire,0.022222222222222223,1.0
terrible,0.022222222222222223,1.0
validate,0.022222222222222223,1.0
weeksâthey,0.022222222222222223,1.0
contagion,0.022222222222222223,1.0
concert,0.022222222222222223,1.0
soâinclude,0.022222222222222223,1.0
svb,0.022222222222222223,1.0
undercapitalized,0.022222222222222223,1.0
surcharge,0.022222222222222223,1.0
observations,0.022222222222222223,1.0
rich,0.022222222222222223,1.0
rateâsensitive,0.022222222222222223,1.0
ratesâstresse,0.022222222222222223,1.0
spain,0.022222222222222223,1.0
capitalize,0.022222222222222223,1.0
reliance,0.022222222222222223,1.0
illiquid,0.022222222222222223,1.0
restrict,0.022222222222222223,1.0
engine,0.022222222222222223,1.0
uniform,0.022222222222222223,1.0
yildirim,0.022222222222222223,1.0
attitude,0.022222222222222223,1.0
responseâin,0.022222222222222223,1.0
disinflations,0.022222222222222223,1.0
leigh,0.022222222222222223,1.0
gourinchas,0.022222222222222223,1.0
kermit,0.022222222222222223,1.0
prachi,0.022222222222222223,1.0
nuzzi,0.022222222222222223,1.0
pfafjar,0.022222222222222223,1.0
mishra,0.022222222222222223,1.0
shanghai,0.022222222222222223,1.0
binetti,0.022222222222222223,1.0
feroli,0.022222222222222223,1.0
dao,0.022222222222222223,1.0
2024â,0.022222222222222223,1.0
cecchetti,0.022222222222222223,1.0
preferences,0.022222222222222223,1.0
mai,0.022222222222222223,1.0
assured,0.022222222222222223,1.0
iacoviello,0.022222222222222223,1.0
reweighe,0.022222222222222223,1.0
1970s,0.022222222222222223,1.0
laurence,0.022222222222222223,1.0
sebnem,0.022222222222222223,1.0
bai,0.022222222222222223,1.0
stantcheva,0.022222222222222223,1.0
strained,0.022222222222222223,1.0
di,0.022222222222222223,1.0
alvaro,0.022222222222222223,1.0
kaplan,0.022222222222222223,1.0
schoenholtz,0.022222222222222223,1.0
danilo,0.022222222222222223,1.0
stephen,0.022222222222222223,1.0
utterly,0.022222222222222223,1.0
fernandez,0.022222222222222223,1.0
hub,0.022222222222222223,1.0
replay,0.022222222222222223,1.0
kalemli,0.022222222222222223,1.0
fake,0.022222222222222223,1.0
causes,0.022222222222222223,1.0
rotation,0.022222222222222223,1.0
crowded,0.022222222222222223,1.0
unmistakable,0.022222222222222223,1.0
schulhofer,0.022222222222222223,1.0
julian,0.022222222222222223,1.0
wohl,0.022222222222222223,1.0
criticism,0.022222222222222223,1.0
pandemicâdemand,0.022222222222222223,1.0
slackâso,0.022222222222222223,1.0
stefanie,0.022222222222222223,1.0
shiller,0.022222222222222223,1.0
southeast,0.022222222222222223,1.0
heterogeneity,0.022222222222222223,1.0
stefano,0.022222222222222223,1.0
dozen,0.022222222222222223,1.0
cascaldi,0.022222222222222223,1.0
wreak,0.022222222222222223,1.0
vintage,0.022222222222222223,1.0
garcia,0.022222222222222223,1.0
constrained,0.022222222222222223,1.0
unemploymentâinflation,0.022222222222222223,1.0
managing,0.022222222222222223,1.0
ship,0.022222222222222223,1.0
havoc,0.022222222222222223,1.0
jilin,0.022222222222222223,1.0
modugno,0.022222222222222223,1.0
matteo,0.022222222222222223,1.0
blow,0.022222222222222223,1.0
jesus,0.022222222222222223,1.0
https://www.cbo.gov/publication/,0.022222222222222223,1.0
jaravel,0.022222222222222223,1.0
2019âa,0.022222222222222223,1.0
ball,0.022222222222222223,1.0
âââ,0.022222222222222223,1.0
questioning,0.022222222222222223,1.0
biotech,0.022222222222222223,1.0
zanetti,0.022222222222222223,1.0
unforeseen,0.022222222222222223,1.0
shifts,0.022222222222222223,1.0
gratify,0.022222222222222223,1.0
art,0.022222222222222223,1.0
inventor,0.022222222222222223,1.0
speculate,0.022222222222222223,1.0
sigma,0.022222222222222223,1.0
innovator,0.022222222222222223,1.0
lisa,0.022222222222222223,1.0
pink,0.022222222222222223,1.0
balancedâwithout,0.022222222222222223,1.0
theta,0.022222222222222223,1.0
bystander,0.022222222222222223,1.0
jennifer,0.022222222222222223,1.0
gayle,0.022222222222222223,1.0
fortunate,0.022222222222222223,1.0
graduate,0.022222222222222223,1.0
forcefulness,0.022222222222222223,1.0
lump,0.022222222222222223,1.0
jeffrey,0.022222222222222223,1.0
orlik,0.022222222222222223,1.0
campbell,0.022222222222222223,1.0
krueger,0.022222222222222223,1.0
automation,0.022222222222222223,1.0
suppress,0.022222222222222223,1.0
attenuate,0.022222222222222223,1.0
disentangle,0.022222222222222223,1.0
paradox,0.022222222222222223,1.0
opposite,0.022222222222222223,1.0
invade,0.022222222222222223,1.0
zarutskie,0.022222222222222223,1.0
mislead,0.022222222222222223,1.0
quits,0.022222222222222223,1.0
overarching,0.022222222222222223,1.0
rebecca,0.022222222222222223,1.0
overtightene,0.022222222222222223,1.0
supp,0.022222222222222223,1.0
spelman,0.022222222222222223,1.0
engineering,0.022222222222222223,1.0
cessation,0.022222222222222223,1.0
n.,0.022222222222222223,1.0
policyâmaximum,0.022222222222222223,1.0
eichengreen,0.022222222222222223,1.0
nergiz,0.022222222222222223,1.0
bias,0.022222222222222223,1.0
creep,0.022222222222222223,1.0
barry,0.022222222222222223,1.0
synchronize,0.022222222222222223,1.0
competence,0.022222222222222223,1.0
voluntarily,0.022222222222222223,1.0
proactive,0.022222222222222223,1.0
pent,0.022222222222222223,1.0
measures,0.022222222222222223,1.0
termâand,0.022222222222222223,1.0
objectivity,0.022222222222222223,1.0
hooper,0.022222222222222223,1.0
melissa,0.022222222222222223,1.0
painstaking,0.022222222222222223,1.0
kuan,0.022222222222222223,1.0
yearlong,0.022222222222222223,1.0
gerson,0.022222222222222223,1.0
tapering,0.022222222222222223,1.0
cook,0.022222222222222223,1.0
under-,0.022222222222222223,1.0
demand-,0.022222222222222223,1.0
mathematic,0.022222222222222223,1.0
reliably,0.022222222222222223,1.0
rightâno,0.022222222222222223,1.0
indirectly,0.022222222222222223,1.0
dincer,0.022222222222222223,1.0
clearlyâto,0.022222222222222223,1.0
bump,0.022222222222222223,1.0
regulate,0.022222222222222223,1.0
eas,0.022222222222222223,1.0
affirmative,0.022222222222222223,1.0
spectrum,0.022222222222222223,1.0
steeper,0.022222222222222223,1.0
2020b,0.022222222222222223,1.0
limb,0.022222222222222223,1.0
largeâscale,0.022222222222222223,1.0
https://www.brookings.edu/events/understanding-fedspeak,0.022222222222222223,1.0
pfajfar,0.022222222222222223,1.0
regression,0.022222222222222223,1.0
https://www.newyorkfed.org/research/policy/rstar,0.022222222222222223,1.0
list,0.022222222222222223,1.0
mixed,0.022222222222222223,1.0
haas,0.022222222222222223,1.0
slack(t)+c,0.022222222222222223,1.0
content,0.022222222222222223,1.0
damjan,0.022222222222222223,1.0
iâd,0.022222222222222223,1.0
fedspeak,0.022222222222222223,1.0
nasty,0.022222222222222223,1.0
die,0.022222222222222223,1.0
https://www.federalreserve.gov/monetarypolicy/expiredtools.htm,0.022222222222222223,1.0
wessel,0.022222222222222223,1.0
https://www.brookings.edu/opinions/survey-finds-mixed-feelings-on-fed-communication,0.022222222222222223,1.0
google,0.022222222222222223,1.0
percentâwhich,0.022222222222222223,1.0
insensitivity,0.022222222222222223,1.0
taint,0.022222222222222223,1.0
op,0.022222222222222223,1.0
faculty,0.022222222222222223,1.0
2016b,0.022222222222222223,1.0
feelings,0.022222222222222223,1.0
barely,0.022222222222222223,1.0
starting,0.022222222222222223,1.0
switch,0.022222222222222223,1.0
reassurance,0.022222222222222223,1.0
distract,0.022222222222222223,1.0
examination,0.022222222222222223,1.0
walk,0.022222222222222223,1.0
untested,0.022222222222222223,1.0
imbue,0.022222222222222223,1.0
12â,0.022222222222222223,1.0
adequacy,0.022222222222222223,1.0
actionable,0.022222222222222223,1.0
greenbook,0.022222222222222223,1.0
reuters,0.022222222222222223,1.0
engulf,0.022222222222222223,1.0
extra,0.022222222222222223,1.0
accelerationist,0.022222222222222223,1.0
mustâand,0.022222222222222223,1.0
trail,0.022222222222222223,1.0
preeminent,0.022222222222222223,1.0
olson,0.022222222222222223,1.0
2016a,0.022222222222222223,1.0
flatness,0.022222222222222223,1.0
thatâin,0.022222222222222223,1.0
blessing,0.022222222222222223,1.0
suppose,0.022222222222222223,1.0
arrest,0.022222222222222223,1.0
downturnâa,0.022222222222222223,1.0
doâtake,0.022222222222222223,1.0
wire,0.022222222222222223,1.0
poor,0.022222222222222223,1.0
https://www.federalreserve.gov/monetarypolicy/bst_openmarketops.htm,0.022222222222222223,1.0
shade,0.022222222222222223,1.0
exact,0.022222222222222223,1.0
groundwork,0.022222222222222223,1.0
significance,0.022222222222222223,1.0
growthâquestion,0.022222222222222223,1.0
politics,0.022222222222222223,1.0
heed,0.022222222222222223,1.0
pointâperhap,0.022222222222222223,1.0
60,0.022222222222222223,1.0
analogous,0.022222222222222223,1.0
credibly,0.022222222222222223,1.0
comprehensible,0.022222222222222223,1.0
cleveland,0.022222222222222223,1.0
behave,0.022222222222222223,1.0
victory,0.022222222222222223,1.0
budge,0.022222222222222223,1.0
subprime,0.022222222222222223,1.0
revenge,0.022222222222222223,1.0
mid-2000s,0.022222222222222223,1.0
futures,0.022222222222222223,1.0
plod,0.022222222222222223,1.0
convert,0.022222222222222223,1.0
heuvel,0.022222222222222223,1.0
scourge,0.022222222222222223,1.0
unshaded,0.022222222222222223,1.0
intentionally,0.022222222222222223,1.0
sounder,0.022222222222222223,1.0
appetiteâas,0.022222222222222223,1.0
nellie,0.022222222222222223,1.0
worst,0.022222222222222223,1.0
fsb,0.022222222222222223,1.0
booms,0.022222222222222223,1.0
macro,0.022222222222222223,1.0
slice,0.022222222222222223,1.0
moritz,0.022222222222222223,1.0
misunderstanding,0.022222222222222223,1.0
self,0.022222222222222223,1.0
seniority,0.022222222222222223,1.0
mechanism,0.022222222222222223,1.0
skander,0.022222222222222223,1.0
qualitatively,0.022222222222222223,1.0
notâonly,0.022222222222222223,1.0
sherlund,0.022222222222222223,1.0
foreshorten,0.022222222222222223,1.0
opaquely,0.022222222222222223,1.0
beware,0.022222222222222223,1.0
immoderate,0.022222222222222223,1.0
lender,0.022222222222222223,1.0
shaded,0.022222222222222223,1.0
basel,0.022222222222222223,1.0
tough,0.022222222222222223,1.0
auspex,0.022222222222222223,1.0
posit,0.022222222222222223,1.0
editorial,0.022222222222222223,1.0
timeâit,0.022222222222222223,1.0
vu,0.022222222222222223,1.0
experiment,0.022222222222222223,1.0
triple,0.022222222222222223,1.0
liang,0.022222222222222223,1.0
jinill,0.022222222222222223,1.0
favorably,0.022222222222222223,1.0
fundamentals,0.022222222222222223,1.0
jordà,0.022222222222222223,1.0
manager,0.022222222222222223,1.0
dip,0.022222222222222223,1.0
ohio,0.022222222222222223,1.0
specter,0.022222222222222223,1.0
elbâand,0.022222222222222223,1.0
termsââwas,0.022222222222222223,1.0
site,0.022222222222222223,1.0
below-,0.022222222222222223,1.0
dispute,0.022222222222222223,1.0
syndicate,0.022222222222222223,1.0
nexus,0.022222222222222223,1.0
balancing,0.022222222222222223,1.0
financing,0.022222222222222223,1.0
appetite,0.022222222222222223,1.0
vulnerabilitie,0.022222222222222223,1.0
rerun,0.022222222222222223,1.0
presumably,0.022222222222222223,1.0
riskiest,0.022222222222222223,1.0
factorâleverage,0.022222222222222223,1.0
exampleâbut,0.022222222222222223,1.0
other(t)$$$$,0.022222222222222223,1.0
inadvertently,0.022222222222222223,1.0
domestically,0.022222222222222223,1.0
collectively,0.022222222222222223,1.0
borio,0.022222222222222223,1.0
pairing,0.022222222222222223,1.0
demise,0.022222222222222223,1.0
macroeconomist,0.022222222222222223,1.0
flattering,0.022222222222222223,1.0
redesign,0.022222222222222223,1.0
anguish,0.022222222222222223,1.0
trauma,0.022222222222222223,1.0
bell,0.022222222222222223,1.0
manduca,0.022222222222222223,1.0
rebuild,0.022222222222222223,1.0
pivotal,0.022222222222222223,1.0
discretely,0.022222222222222223,1.0
changed,0.022222222222222223,1.0
stars,0.022222222222222223,1.0
interconnection,0.022222222222222223,1.0
tragedy,0.022222222222222223,1.0
mount,0.022222222222222223,1.0
ravage,0.022222222222222223,1.0
banque,0.022222222222222223,1.0
envision,0.022222222222222223,1.0
woods,0.022222222222222223,1.0
second,0.022222222222222223,1.0
joke,0.022222222222222223,1.0
jimmy,0.022222222222222223,1.0
grudgingly,0.022222222222222223,1.0
institutionsâinclude,0.022222222222222223,1.0
deputy,0.022222222222222223,1.0
unemploymentâu*âand,0.022222222222222223,1.0
bolster,0.022222222222222223,1.0
fought,0.022222222222222223,1.0
mid-1980,0.022222222222222223,1.0
1930,0.022222222222222223,1.0
trial,0.022222222222222223,1.0
overheating,0.022222222222222223,1.0
proximate,0.022222222222222223,1.0
interconnectedness,0.022222222222222223,1.0
square,0.022222222222222223,1.0
dependable,0.022222222222222223,1.0
carolyn,0.022222222222222223,1.0
saez,0.022222222222222223,1.0
preemptively,0.022222222222222223,1.0
inventoriesâtwo,0.022222222222222223,1.0
formulation,0.022222222222222223,1.0
virtue,0.022222222222222223,1.0
succession,0.022222222222222223,1.0
reformulate,0.022222222222222223,1.0
characteristic,0.022222222222222223,1.0
oscillate,0.022222222222222223,1.0
filepath=/files,0.022222222222222223,1.0
hong,0.022222222222222223,1.0
https://www.nber.org/cycles.html,0.022222222222222223,1.0
assignment,0.022222222222222223,1.0
comprehensively,0.022222222222222223,1.0
disappoint,0.022222222222222223,1.0
rehabilitation,0.022222222222222223,1.0
breeds,0.022222222222222223,1.0
declaration,0.022222222222222223,1.0
section,0.022222222222222223,1.0
geography,0.022222222222222223,1.0
raj,0.022222222222222223,1.0
pro,0.022222222222222223,1.0
canadian,0.022222222222222223,1.0
reaffirms,0.022222222222222223,1.0
mcgill,0.022222222222222223,1.0
canada,0.022222222222222223,1.0
wisdom,0.022222222222222223,1.0
potency,0.022222222222222223,1.0
misunderstood,0.022222222222222223,1.0
medium-,0.022222222222222223,1.0
hazy,0.022222222222222223,1.0
sit,0.022222222222222223,1.0
wary,0.022222222222222223,1.0
senior,0.022222222222222223,1.0
https://fraser.stlouisfed.org/scribd/?title_id=,0.022222222222222223,1.0
calm,0.022222222222222223,1.0
faust,0.022222222222222223,1.0
qualify,0.022222222222222223,1.0
postâworld,0.022222222222222223,1.0
grateful,0.022222222222222223,1.0
mid-1970,0.022222222222222223,1.0
nautical,0.022222222222222223,1.0
-percent,0.022222222222222223,1.0
essay,0.022222222222222223,1.0
districts,0.022222222222222223,1.0
automatically,0.022222222222222223,1.0
hot,0.022222222222222223,1.0
expertise,0.022222222222222223,1.0
roundtable,0.022222222222222223,1.0
urgency,0.022222222222222223,1.0
lurk,0.022222222222222223,1.0
faithfully,0.022222222222222223,1.0
cutting,0.022222222222222223,1.0
zeroâtheir,0.022222222222222223,1.0
pressuresâwhat,0.022222222222222223,1.0
flip,0.022222222222222223,1.0
heightened,0.022222222222222223,1.0
scholarly,0.022222222222222223,1.0
hint,0.022222222222222223,1.0
multiyear,0.022222222222222223,1.0
trusting,0.022222222222222223,1.0
steepening,0.022222222222222223,1.0
phelps,0.022222222222222223,1.0
leastâsuch,0.022222222222222223,1.0
agriculture,0.022222222222222223,1.0
hallâstyle,0.022222222222222223,1.0
equation,0.022222222222222223,1.0
bend,0.022222222222222223,1.0
entrust,0.022222222222222223,1.0
interplay,0.022222222222222223,1.0
nearer,0.022222222222222223,1.0
suggestion,0.022222222222222223,1.0
lawâmaximum,0.022222222222222223,1.0
observed,0.022222222222222223,1.0
needâand,0.022222222222222223,1.0
distinctly,0.022222222222222223,1.0
scholar,0.022222222222222223,1.0
senator,0.022222222222222223,1.0
crisisââa,0.022222222222222223,1.0
critique,0.022222222222222223,1.0
efficient,0.022222222222222223,1.0
emmanuel,0.022222222222222223,1.0
stark,0.022222222222222223,1.0
facet,0.022222222222222223,1.0
patrick,0.022222222222222223,1.0
huw,0.022222222222222223,1.0
steenis,0.022222222222222223,1.0
concretely,0.022222222222222223,1.0
visualize,0.022222222222222223,1.0
fortitude,0.022222222222222223,1.0
burns,0.022222222222222223,1.0
rag,0.022222222222222223,1.0
https://www.federalreserve.gov/monetarypolicy/fomc_historical_year.htm,0.022222222222222223,1.0
quote,0.022222222222222223,1.0
interestâr*âhave,0.022222222222222223,1.0
pullback,0.022222222222222223,1.0
-december,0.022222222222222223,1.0
vision,0.022222222222222223,1.0
marketeers,0.022222222222222223,1.0
productivityâan,0.022222222222222223,1.0
poverty,0.022222222222222223,1.0
exhaust,0.022222222222222223,1.0
angle,0.022222222222222223,1.0
rural,0.022222222222222223,1.0
leaders,0.022222222222222223,1.0
bretton,0.022222222222222223,1.0
sleepy,0.022222222222222223,1.0
attuned,0.022222222222222223,1.0
changesâwell,0.022222222222222223,1.0
max,0.022222222222222223,1.0
jacobssen,0.022222222222222223,1.0
originate,0.022222222222222223,1.0
bankâto,0.022222222222222223,1.0
district,0.022222222222222223,1.0
satisfied,0.022222222222222223,1.0
"bitâ""clos",0.022222222222222223,1.0
kong,0.022222222222222223,1.0
snapshot,0.022222222222222223,1.0
cyber,0.022222222222222223,1.0
marcin,0.022222222222222223,1.0
franc,0.022222222222222223,1.0
column,0.022222222222222223,1.0
improvise,0.022222222222222223,1.0
misreading,0.022222222222222223,1.0
satisfy,0.022222222222222223,1.0
minimum,0.022222222222222223,1.0
menu,0.022222222222222223,1.0
brothers,0.022222222222222223,1.0
lieu,0.022222222222222223,1.0
danger,0.022222222222222223,1.0
buff,0.022222222222222223,1.0
priority,0.022222222222222223,1.0
contract,0.022222222222222223,1.0
centrally,0.022222222222222223,1.0
https://www.federalreserve.gov/monetarypolicy/fomcminutes20181108.htm,0.022222222222222223,1.0
dubious,0.022222222222222223,1.0
unstable,0.022222222222222223,1.0
style,0.022222222222222223,1.0
lehman,0.022222222222222223,1.0
outflow,0.022222222222222223,1.0
prepay,0.022222222222222223,1.0
turbulence,0.022222222222222223,1.0
unsettled,0.022222222222222223,1.0
inflated,0.022222222222222223,1.0
easily,0.022222222222222223,1.0
revert,0.022222222222222223,1.0
penalver,0.022222222222222223,1.0
harding,0.022222222222222223,1.0
-august,0.022222222222222223,1.0
popularly,0.022222222222222223,1.0
publication,0.022222222222222223,1.0
unpopular,0.022222222222222223,1.0
intensify,0.022222222222222223,1.0
mixture,0.022222222222222223,1.0
claus,0.022222222222222223,1.0
constructive,0.022222222222222223,1.0
scene,0.022222222222222223,1.0
impromptu,0.022222222222222223,1.0
integral,0.022222222222222223,1.0
women,0.022222222222222223,1.0
improvisation,0.022222222222222223,1.0
needless,0.022222222222222223,1.0
checkup,0.022222222222222223,1.0
triggers,0.022222222222222223,1.0
bielecki,0.022222222222222223,1.0
w.p.g.,0.022222222222222223,1.0
counterparty,0.022222222222222223,1.0
overdramatize,0.022222222222222223,1.0
dominant,0.022222222222222223,1.0
reinvestment,0.022222222222222223,1.0
inventive,0.022222222222222223,1.0
netting,0.022222222222222223,1.0
stare,0.022222222222222223,1.0
mechanic,0.022222222222222223,1.0
upheld,0.022222222222222223,1.0
tulipmania,0.022222222222222223,1.0
mature,0.022222222222222223,1.0
centric,0.022222222222222223,1.0
modal,0.022222222222222223,1.0
convention,0.022222222222222223,1.0
bailout,0.022222222222222223,1.0
vanish,0.022222222222222223,1.0
blossom,0.022222222222222223,1.0
economyââthat,0.022222222222222223,1.0
unfounded,0.022222222222222223,1.0
preface,0.022222222222222223,1.0
commend,0.022222222222222223,1.0
apace,0.022222222222222223,1.0
cross,0.022222222222222223,1.0
latin,0.022222222222222223,1.0
sour,0.022222222222222223,1.0
interact,0.022222222222222223,1.0
lowe,0.022222222222222223,1.0
youth,0.022222222222222223,1.0
webb,0.022222222222222223,1.0
pedtke,0.022222222222222223,1.0
propel,0.022222222222222223,1.0
https://web.stanford.edu/~chadj/papers.html,0.022222222222222223,1.0
mokyr,0.022222222222222223,1.0
unprepared,0.022222222222222223,1.0
moving,0.022222222222222223,1.0
accordance,0.022222222222222223,1.0
spotlight,0.022222222222222223,1.0
svenja,0.022222222222222223,1.0
https://www.federalreserve.gov/newsevents/pressreleases/other20180522a.htm,0.022222222222222223,1.0
liu,0.022222222222222223,1.0
accumulation,0.022222222222222223,1.0
computers,0.022222222222222223,1.0
frbsf,0.022222222222222223,1.0
microscope,0.022222222222222223,1.0
destine,0.022222222222222223,1.0
thompson,0.022222222222222223,1.0
usher,0.022222222222222223,1.0
invention,0.022222222222222223,1.0
lull,0.022222222222222223,1.0
cumulative,0.022222222222222223,1.0
charles,0.022222222222222223,1.0
inspire,0.022222222222222223,1.0
awards,0.022222222222222223,1.0
https://papers.ssrn.com/sol3/papers.cfm?abstract_id=,0.022222222222222223,1.0
tier,0.022222222222222223,1.0
letter,0.022222222222222223,1.0
numerous,0.022222222222222223,1.0
barometer,0.022222222222222223,1.0
yorkers,0.022222222222222223,1.0
annemarie,0.022222222222222223,1.0
benefits­­--are,0.022222222222222223,1.0
fragmenting,0.022222222222222223,1.0
enrollment,0.022222222222222223,1.0
yang,0.022222222222222223,1.0
operating,0.022222222222222223,1.0
score,0.022222222222222223,1.0
asians,0.022222222222222223,1.0
schweinert,0.022222222222222223,1.0
insure,0.022222222222222223,1.0
haul,0.022222222222222223,1.0
critic,0.022222222222222223,1.0
citizens,0.022222222222222223,1.0
generalized,0.022222222222222223,1.0
crash,0.022222222222222223,1.0
will,0.022222222222222223,1.0
eternal,0.022222222222222223,1.0
computing,0.022222222222222223,1.0
joel,0.022222222222222223,1.0
embed,0.022222222222222223,1.0
1700,0.022222222222222223,1.0
swiss,0.022222222222222223,1.0
problematic,0.022222222222222223,1.0
conjure,0.022222222222222223,1.0
complimentary,0.022222222222222223,1.0
reward,0.022222222222222223,1.0
machine,0.022222222222222223,1.0
moore,0.022222222222222223,1.0
appeal,0.022222222222222223,1.0
occupations,0.022222222222222223,1.0
neil,0.022222222222222223,1.0
mitchell,0.022222222222222223,1.0
spanuth,0.022222222222222223,1.0
fraught,0.022222222222222223,1.0
exciting,0.022222222222222223,1.0
migrate,0.022222222222222223,1.0
ingredient,0.022222222222222223,1.0
frown,0.022222222222222223,1.0
discontinuous,0.022222222222222223,1.0
flourish,0.022222222222222223,1.0
opportunities,0.022222222222222223,1.0
phrase,0.022222222222222223,1.0
faith,0.022222222222222223,1.0
o]ne,0.022222222222222223,1.0
manifestly,0.022222222222222223,1.0
rat,0.022222222222222223,1.0
coordination,0.022222222222222223,1.0
contingency,0.022222222222222223,1.0
runnable,0.022222222222222223,1.0
expansionânot,0.022222222222222223,1.0
inflation(t-,0.022222222222222223,1.0
nabe,0.022222222222222223,1.0
stubbornly,0.022222222222222223,1.0
stein,0.022222222222222223,1.0
amy,0.022222222222222223,1.0
simon,0.022222222222222223,1.0
déjà,0.022222222222222223,1.0
unclear,0.022222222222222223,1.0
pressuresâalso,0.022222222222222223,1.0
mortgaging,0.022222222222222223,1.0
lorenc,0.022222222222222223,1.0
spoil,0.022222222222222223,1.0
dead,0.022222222222222223,1.0
wholesale,0.022222222222222223,1.0
schularick,0.022222222222222223,1.0
covenant,0.022222222222222223,1.0
riskâthe,0.022222222222222223,1.0
den,0.022222222222222223,1.0
fire,0.022222222222222223,1.0
freeze,0.022222222222222223,1.0
courageous,0.022222222222222223,1.0
factorâfunding,0.022222222222222223,1.0
forth,0.022222222222222223,1.0
dokko,0.022222222222222223,1.0
systemâtoday,0.022222222222222223,1.0
withdrawal,0.022222222222222223,1.0
redemption,0.022222222222222223,1.0
sphere,0.022222222222222223,1.0
ratingâa,0.022222222222222223,1.0
blip,0.022222222222222223,1.0
expansionâthat,0.022222222222222223,1.0
periodic,0.022222222222222223,1.0
factorâvaluation,0.022222222222222223,1.0
unknown,0.022222222222222223,1.0
endanger,0.022222222222222223,1.0
vulnerabilitiesâas,0.022222222222222223,1.0
investing,0.022222222222222223,1.0
systematically,0.022222222222222223,1.0
conceptual,0.022222222222222223,1.0
misguided,0.022222222222222223,1.0
lent,0.022222222222222223,1.0
bottom,0.022222222222222223,1.0
susceptibility,0.022222222222222223,1.0
1870â,0.022222222222222223,1.0
clo,0.022222222222222223,1.0
herb,0.022222222222222223,1.0
inflation(t)=-b,0.022222222222222223,1.0
jane,0.022222222222222223,1.0
assertion,0.022222222222222223,1.0
amplification,0.022222222222222223,1.0
firestone,0.022222222222222223,1.0
parallel,0.022222222222222223,1.0
requirements,0.022222222222222223,1.0
cliff,0.022222222222222223,1.0
doyle,0.022222222222222223,1.0
òscar,0.022222222222222223,1.0
specie,0.022222222222222223,1.0
acronym,0.022222222222222223,1.0
echo,0.022222222222222223,1.0
arm,0.022222222222222223,1.0
moreârapid,0.022222222222222223,1.0
convince,0.022222222222222223,1.0
nil,0.022222222222222223,1.0
comptroller,0.022222222222222223,1.0
medians,0.022222222222222223,1.0
opaque,0.022222222222222223,1.0
tide,0.022222222222222223,1.0
covitz,0.022222222222222223,1.0
redeem,0.022222222222222223,1.0
abnormal,0.022222222222222223,1.0
tri,0.022222222222222223,1.0
mania,0.022222222222222223,1.0
occasion,0.022222222222222223,1.0
dislocationââthe,0.022222222222222223,1.0
com,0.022222222222222223,1.0
efficiently,0.022222222222222223,1.0
paraphrase,0.022222222222222223,1.0
deleverage,0.022222222222222223,1.0
alteration,0.022222222222222223,1.0
load,0.022222222222222223,1.0
drama,0.022222222222222223,1.0
payoff,0.022222222222222223,1.0
https://www.federalreserve.gov/newsevents/pressreleases/monetary20190130a.htm,0.022222222222222223,1.0
arbiter,0.022222222222222223,1.0
https://www.federalreserve.gov/mediacenter/files/fomcpresconf20120425.pdf,0.022222222222222223,1.0
solution,0.022222222222222223,1.0
garber,0.022222222222222223,1.0
colored,0.022222222222222223,1.0
impair,0.022222222222222223,1.0
subcommittee,0.022222222222222223,1.0
tulip,0.022222222222222223,1.0
marketplace,0.022222222222222223,1.0
forwarding,0.022222222222222223,1.0
syndrome,0.022222222222222223,1.0
dangerous,0.022222222222222223,1.0
admonition,0.022222222222222223,1.0
panic,0.022222222222222223,1.0
write,0.022222222222222223,1.0
propagation,0.022222222222222223,1.0
stern,0.022222222222222223,1.0
saver,0.022222222222222223,1.0
dutifully,0.022222222222222223,1.0
mandatory,0.022222222222222223,1.0
misinterpret,0.022222222222222223,1.0
agree,0.022222222222222223,1.0
dispatch,0.022222222222222223,1.0
scholarship,0.022222222222222223,1.0
successor,0.022222222222222223,1.0
consistency,0.022222222222222223,1.0
ballpark,0.022222222222222223,1.0
layer,0.022222222222222223,1.0
ranish,0.022222222222222223,1.0
shane,0.022222222222222223,1.0
unprecedentedly,0.022222222222222223,1.0
downgrade,0.022222222222222223,1.0
checklist,0.022222222222222223,1.0
crisisâa,0.022222222222222223,1.0
loop,0.022222222222222223,1.0
distressed,0.022222222222222223,1.0
similarity,0.022222222222222223,1.0
stitch,0.022222222222222223,1.0
burn,0.022222222222222223,1.0
acting,0.022222222222222223,1.0
cdo,0.022222222222222223,1.0
regularity,0.022222222222222223,1.0
implicit,0.022222222222222223,1.0
cautiously,0.022222222222222223,1.0
a60,0.022222222222222223,1.0
buffet,0.022222222222222223,1.0
intraday,0.022222222222222223,1.0
meaning,0.022222222222222223,1.0
overborrowed,0.022222222222222223,1.0
s59,0.022222222222222223,1.0
nonacademic,0.022222222222222223,1.0
interagency,0.022222222222222223,1.0
potato,0.022222222222222223,1.0
meat,0.022222222222222223,1.0
brand,0.022222222222222223,1.0
feasible,0.022222222222222223,1.0
patience,0.022222222222222223,1.0
s75,0.022222222222222223,1.0
https://www.federalreserve.gov/mediacenter/files/fomcpresconf20140319.pdf,0.022222222222222223,1.0
chairs,0.022222222222222223,1.0
28â,0.022222222222222223,1.0
affirm,0.022222222222222223,1.0
treasuries,0.022222222222222223,1.0
prevention,0.022222222222222223,1.0
henry,0.022222222222222223,1.0
munyan,0.022222222222222223,1.0
shroud,0.022222222222222223,1.0
wield,0.022222222222222223,1.0
regulators,0.022222222222222223,1.0
helpful,0.022222222222222223,1.0
ought,0.022222222222222223,1.0
populism,0.022222222222222223,1.0
fool,0.022222222222222223,1.0
solvency,0.022222222222222223,1.0
citizen,0.022222222222222223,1.0
creationâsomethe,0.022222222222222223,1.0
stanley,0.022222222222222223,1.0
usual,0.022222222222222223,1.0
therapy,0.022222222222222223,1.0
forget,0.022222222222222223,1.0
solicitation,0.022222222222222223,1.0
ingenuity,0.022222222222222223,1.0
preventive,0.022222222222222223,1.0
secured,0.022222222222222223,1.0
shepherd,0.022222222222222223,1.0
character,0.022222222222222223,1.0
labonte,0.022222222222222223,1.0
circumstancesâsuch,0.022222222222222223,1.0
sanitation,0.022222222222222223,1.0
sectorââare,0.022222222222222223,1.0
affected,0.022222222222222223,1.0
sink,0.022222222222222223,1.0
access,0.022222222222222223,1.0
hospital,0.022222222222222223,1.0
todayâand,0.022222222222222223,1.0
regain,0.022222222222222223,1.0
comply,0.022222222222222223,1.0
f.,0.022222222222222223,1.0
erase,0.022222222222222223,1.0
newly,0.022222222222222223,1.0
supplemental,0.022222222222222223,1.0
full,0.022222222222222223,1.0
secrecy,0.022222222222222223,1.0
suspectsâsomething,0.022222222222222223,1.0
timeâasset,0.022222222222222223,1.0
avoidable,0.022222222222222223,1.0
discourage,0.022222222222222223,1.0
swedish,0.022222222222222223,1.0
unknowable,0.022222222222222223,1.0
independenceââthat,0.022222222222222223,1.0
swift,0.022222222222222223,1.0
baird,0.022222222222222223,1.0
governmentsâabout,0.022222222222222223,1.0
small-,0.022222222222222223,1.0
lapse,0.022222222222222223,1.0
legion,0.022222222222222223,1.0
round,0.022222222222222223,1.0
favor,0.022222222222222223,1.0
sized,0.022222222222222223,1.0
bankers,0.022222222222222223,1.0
stagnant,0.022222222222222223,1.0
unsupportable,0.022222222222222223,1.0
thousand,0.022222222222222223,1.0
determination,0.022222222222222223,1.0
brown,0.022222222222222223,1.0
outright,0.022222222222222223,1.0
exclusive,0.022222222222222223,1.0
regulated,0.022222222222222223,1.0
sorely,0.022222222222222223,1.0
lastra,0.022222222222222223,1.0
sacrifice,0.022222222222222223,1.0
incorporation,0.022222222222222223,1.0
postâ,0.022222222222222223,1.0
exceptional,0.022222222222222223,1.0
disclosure,0.022222222222222223,1.0
stray,0.022222222222222223,1.0
illness,0.022222222222222223,1.0
hopeful,0.022222222222222223,1.0
portugal,0.022222222222222223,1.0
reentere,0.022222222222222223,1.0
literally,0.022222222222222223,1.0
thumb,0.022222222222222223,1.0
alice,0.022222222222222223,1.0
impressive,0.022222222222222223,1.0
physical,0.022222222222222223,1.0
familiesâsaving,0.022222222222222223,1.0
interactive,0.022222222222222223,1.0
frictional,0.022222222222222223,1.0
assetsâhas,0.022222222222222223,1.0
1960s,0.022222222222222223,1.0
54âto,0.022222222222222223,1.0
dataâprompte,0.022222222222222223,1.0
rewarding,0.022222222222222223,1.0
yellow,0.022222222222222223,1.0
neutralâneith,0.022222222222222223,1.0
skillsâand,0.022222222222222223,1.0
comeback,0.022222222222222223,1.0
pricesâis,0.022222222222222223,1.0
dataâespecially,0.022222222222222223,1.0
colorado,0.022222222222222223,1.0
hysteresis,0.022222222222222223,1.0
advent,0.022222222222222223,1.0
plenty,0.022222222222222223,1.0
upâand,0.022222222222222223,1.0
unhealthy,0.022222222222222223,1.0
historyâeconomic,0.022222222222222223,1.0
inconclusive,0.022222222222222223,1.0
complain,0.022222222222222223,1.0
inflationâwhich,0.022222222222222223,1.0
yearâthe,0.022222222222222223,1.0
hurt,0.022222222222222223,1.0
jobless,0.022222222222222223,1.0
found,0.022222222222222223,1.0
volz,0.022222222222222223,1.0
dull,0.022222222222222223,1.0
store,0.022222222222222223,1.0
footing,0.022222222222222223,1.0
beneficiary,0.022222222222222223,1.0
expansionary,0.022222222222222223,1.0
warehouse,0.022222222222222223,1.0
grocery,0.022222222222222223,1.0
dedicated,0.022222222222222223,1.0
detmeister,0.022222222222222223,1.0
mid-3s,0.022222222222222223,1.0
mid-4s,0.022222222222222223,1.0
metropolitan,0.022222222222222223,1.0
executive,0.022222222222222223,1.0
securityâinclude,0.022222222222222223,1.0
proactively,0.022222222222222223,1.0
eventual,0.022222222222222223,1.0
awe,0.022222222222222223,1.0
reserveâand,0.022222222222222223,1.0
escalate,0.022222222222222223,1.0
indication,0.022222222222222223,1.0
download,0.022222222222222223,1.0
storm,0.022222222222222223,1.0
ideal,0.022222222222222223,1.0
gps,0.022222222222222223,1.0
softness,0.022222222222222223,1.0
http://dx.doi.org/,0.022222222222222223,1.0
coefficient,0.022222222222222223,1.0
pence,0.022222222222222223,1.0
dfa,0.022222222222222223,1.0
stag,0.022222222222222223,1.0
https://www.federalreserve.gov/releases/z1/dataviz/dfa/index.html,0.022222222222222223,1.0
briggs,0.022222222222222223,1.0
mariner,0.022222222222222223,1.0
suspend,0.022222222222222223,1.0
reaction,0.022222222222222223,1.0
alarming,0.022222222222222223,1.0
solvent,0.022222222222222223,1.0
shortcoming,0.022222222222222223,1.0
dry,0.022222222222222223,1.0
responder,0.022222222222222223,1.0
stone,0.022222222222222223,1.0
continuation,0.022222222222222223,1.0
unscheduled,0.022222222222222223,1.0
undershoot,0.022222222222222223,1.0
fallick,0.022222222222222223,1.0
overcome,0.022222222222222223,1.0
lynn,0.022222222222222223,1.0
survive,0.022222222222222223,1.0
karel,0.022222222222222223,1.0
symposiums,0.022222222222222223,1.0
jacques,0.022222222222222223,1.0
noticeably,0.022222222222222223,1.0
tantrums,0.022222222222222223,1.0
predicate,0.022222222222222223,1.0
tame,0.022222222222222223,1.0
prospective,0.022222222222222223,1.0
and/or,0.022222222222222223,1.0
adequately,0.022222222222222223,1.0
pooter,0.022222222222222223,1.0
legislatively,0.022222222222222223,1.0
othersâto,0.022222222222222223,1.0
saturday,0.022222222222222223,1.0
thenâboard,0.022222222222222223,1.0
conti,0.022222222222222223,1.0
shelter,0.022222222222222223,1.0
avert,0.022222222222222223,1.0
publicââincluding,0.022222222222222223,1.0
encapsulate,0.022222222222222223,1.0
https://www.federalreserve.gov/newsevents/pressreleases/monetary20200827a.htm,0.022222222222222223,1.0
realm,0.022222222222222223,1.0
wei,0.022222222222222223,1.0
toyoo,0.022222222222222223,1.0
hotchkiss,0.022222222222222223,1.0
kurt,0.022222222222222223,1.0
prospects,0.022222222222222223,1.0
altig,0.022222222222222223,1.0
gyohten,0.022222222222222223,1.0
testifie,0.022222222222222223,1.0
https://www.ijcb.org/journal/ijcb2002.htm,0.022222222222222223,1.0
fuhrer,0.022222222222222223,1.0
tootell,0.022222222222222223,1.0
fleming,0.022222222222222223,1.0
claessens,0.022222222222222223,1.0
readable,0.022222222222222223,1.0
german,0.022222222222222223,1.0
stedman,0.022222222222222223,1.0
helene,0.022222222222222223,1.0
brave,0.022222222222222223,1.0
gasoline,0.022222222222222223,1.0
portion,0.022222222222222223,1.0
ribeiro,0.022222222222222223,1.0
stewardship,0.022222222222222223,1.0
indonesia,0.022222222222222223,1.0
bem,0.022222222222222223,1.0
rey,0.022222222222222223,1.0
counterintuitive,0.022222222222222223,1.0
formalization,0.022222222222222223,1.0
specify,0.022222222222222223,1.0
sanz,0.022222222222222223,1.0
goalsâour,0.022222222222222223,1.0
accountabilityâand,0.022222222222222223,1.0
bruce,0.022222222222222223,1.0
reig,0.022222222222222223,1.0
oral,0.022222222222222223,1.0
feiveson,0.022222222222222223,1.0
lopez,0.022222222222222223,1.0
lundblad,0.022222222222222223,1.0
brahima,0.022222222222222223,1.0
emergence,0.022222222222222223,1.0
laura,0.022222222222222223,1.0
eccles,0.022222222222222223,1.0
rosengren,0.022222222222222223,1.0
watching,0.022222222222222223,1.0
seed,0.022222222222222223,1.0
kuala,0.022222222222222223,1.0
fox,0.022222222222222223,1.0
completion,0.022222222222222223,1.0
settlements,0.022222222222222223,1.0
initiation,0.022222222222222223,1.0
geoffrey,0.022222222222222223,1.0
erosion,0.022222222222222223,1.0
pew,0.022222222222222223,1.0
1979âbefore,0.022222222222222223,1.0
ante,0.022222222222222223,1.0
budgetary,0.022222222222222223,1.0
unfamiliar,0.022222222222222223,1.0
julie,0.022222222222222223,1.0
tiger,0.022222222222222223,1.0
responsiveness,0.022222222222222223,1.0
webel,0.022222222222222223,1.0
hallmark,0.022222222222222223,1.0
demonstrated,0.022222222222222223,1.0
rosa,0.022222222222222223,1.0
nekarda,0.022222222222222223,1.0
mathematical,0.022222222222222223,1.0
runaway,0.022222222222222223,1.0
malaysia,0.022222222222222223,1.0
upend,0.022222222222222223,1.0
advancement,0.022222222222222223,1.0
teyanna,0.022222222222222223,1.0
destroy,0.022222222222222223,1.0
enormous,0.022222222222222223,1.0
courage,0.022222222222222223,1.0
hogue,0.022222222222222223,1.0
potent,0.022222222222222223,1.0
informed,0.022222222222222223,1.0
lunsford,0.022222222222222223,1.0
insufficiently,0.022222222222222223,1.0
ga.,0.022222222222222223,1.0
timeâour,0.022222222222222223,1.0
tandem,0.022222222222222223,1.0
maldonado,0.022222222222222223,1.0
dictate,0.022222222222222223,1.0
hover,0.022222222222222223,1.0
jeff,0.022222222222222223,1.0
systems,0.022222222222222223,1.0
legislature,0.022222222222222223,1.0
nils,0.022222222222222223,1.0
instrumental,0.022222222222222223,1.0
carly,0.022222222222222223,1.0
understatement,0.022222222222222223,1.0
poll,0.022222222222222223,1.0
posen,0.022222222222222223,1.0
updating,0.022222222222222223,1.0
riksbank,0.022222222222222223,1.0
justify,0.022222222222222223,1.0
m.b.,0.022222222222222223,1.0
participantsâworkforce,0.022222222222222223,1.0
founding,0.022222222222222223,1.0
undertaking,0.022222222222222223,1.0
freedom,0.022222222222222223,1.0
flaw,0.022222222222222223,1.0
reenen,0.022222222222222223,1.0
negara,0.022222222222222223,1.0
frameworkâmust,0.022222222222222223,1.0
svensson,0.022222222222222223,1.0
hispanic,0.022222222222222223,1.0
equilibrium,0.022222222222222223,1.0
legislative,0.022222222222222223,1.0
min,0.022222222222222223,1.0
booth,0.022222222222222223,1.0
skeptical,0.022222222222222223,1.0
schippits,0.022222222222222223,1.0
olivei,0.022222222222222223,1.0
lumpur,0.022222222222222223,1.0
interference,0.022222222222222223,1.0
west,0.022222222222222223,1.0
understandably,0.022222222222222223,1.0
printing,0.022222222222222223,1.0
competition,0.022222222222222223,1.0
rulebook,0.022222222222222223,1.0
granite,0.022222222222222223,1.0
insider,0.022222222222222223,1.0
kline,0.022222222222222223,1.0
mahogany,0.022222222222222223,1.0
roosevelt,0.022222222222222223,1.0
representâunion,0.022222222222222223,1.0
ricardo,0.022222222222222223,1.0
magnificent,0.022222222222222223,1.0
sargent,0.022222222222222223,1.0
chandelier,0.022222222222222223,1.0
maximilian,0.022222222222222223,1.0
objectives,0.022222222222222223,1.0
flipside,0.022222222222222223,1.0
formalityâdare,0.022222222222222223,1.0
metaphor,0.022222222222222223,1.0
brass,0.022222222222222223,1.0
yearâmost,0.022222222222222223,1.0
agoâto,0.022222222222222223,1.0
fireplace,0.022222222222222223,1.0
bowman,0.022222222222222223,1.0
contemporary,0.022222222222222223,1.0
communicationsâthe,0.022222222222222223,1.0
british,0.022222222222222223,1.0
-foot,0.022222222222222223,1.0
franklin,0.022222222222222223,1.0
universal,0.022222222222222223,1.0
monumental,0.022222222222222223,1.0
stuffinessâto,0.022222222222222223,1.0
imposingâroom,0.022222222222222223,1.0
-pound,0.022222222222222223,1.0
retrospect,0.022222222222222223,1.0
commence,0.022222222222222223,1.0
bluebook,0.022222222222222223,1.0
fading,0.022222222222222223,1.0
recipe,0.022222222222222223,1.0
marble,0.022222222222222223,1.0
kick,0.022222222222222223,1.0
4â,0.022222222222222223,1.0
truckload,0.022222222222222223,1.0
tito,0.022222222222222223,1.0
grusky,0.022222222222222223,1.0
automobile,0.022222222222222223,1.0
corrado,0.022222222222222223,1.0
https://www.eia.gov/outlooks/steo,0.022222222222222223,1.0
converge,0.022222222222222223,1.0
frontier,0.022222222222222223,1.0
friend,0.022222222222222223,1.0
liabilitiesânotably,0.022222222222222223,1.0
accounting,0.022222222222222223,1.0
struyven,0.022222222222222223,1.0
smartphone,0.022222222222222223,1.0
precondition,0.022222222222222223,1.0
mun,0.022222222222222223,1.0
innovations,0.022222222222222223,1.0
unanchored,0.022222222222222223,1.0
salient,0.022222222222222223,1.0
formalâperhap,0.022222222222222223,1.0
walsh,0.022222222222222223,1.0
sidestep,0.022222222222222223,1.0
polished,0.022222222222222223,1.0
collis,0.022222222222222223,1.0
unravel,0.022222222222222223,1.0
goldman,0.022222222222222223,1.0
meyer,0.022222222222222223,1.0
services,0.022222222222222223,1.0
imprecise,0.022222222222222223,1.0
kevin,0.022222222222222223,1.0
marketsâexhibite,0.022222222222222223,1.0
dedicatedâand,0.022222222222222223,1.0
reis,0.022222222222222223,1.0
indefinitely,0.022222222222222223,1.0
intuition,0.022222222222222223,1.0
feldstein,0.022222222222222223,1.0
escape,0.022222222222222223,1.0
glean,0.022222222222222223,1.0
changer,0.022222222222222223,1.0
plans,0.022222222222222223,1.0
30âseptember,0.022222222222222223,1.0
luck,0.022222222222222223,1.0
founders,0.022222222222222223,1.0
questionâwhether,0.022222222222222223,1.0
shifting,0.022222222222222223,1.0
engineer,0.022222222222222223,1.0
parameters,0.022222222222222223,1.0
belgrade,0.022222222222222223,1.0
unpredictably,0.022222222222222223,1.0
act-,0.022222222222222223,1.0
hunch,0.022222222222222223,1.0
conservatively,0.022222222222222223,1.0
shockingly,0.022222222222222223,1.0
hudson,0.022222222222222223,1.0
terrorist,0.022222222222222223,1.0
q3,0.022222222222222223,1.0
temporaryââperhap,0.022222222222222223,1.0
navigating,0.022222222222222223,1.0
classify,0.022222222222222223,1.0
underappreciated,0.022222222222222223,1.0
quick,0.022222222222222223,1.0
bree,0.022222222222222223,1.0
1951â,0.022222222222222223,1.0
prescott,0.022222222222222223,1.0
discernible,0.022222222222222223,1.0
pub,0.022222222222222223,1.0
economists,0.022222222222222223,1.0
unexplained,0.022222222222222223,1.0
hell,0.022222222222222223,1.0
purely,0.022222222222222223,1.0
quiet,0.022222222222222223,1.0
longâterm,0.022222222222222223,1.0
finn,0.022222222222222223,1.0
reputation,0.022222222222222223,1.0
explanations,0.022222222222222223,1.0
scandinavian,0.022222222222222223,1.0
docs,0.022222222222222223,1.0
kydland,0.022222222222222223,1.0
shaghil,0.022222222222222223,1.0
"stop""ânot",0.022222222222222223,1.0
ch,0.022222222222222223,1.0
fabulous,0.022222222222222223,1.0
simulation,0.022222222222222223,1.0
guidepost,0.022222222222222223,1.0
mid-1960,0.022222222222222223,1.0
italian,0.022222222222222223,1.0
https://www.federalreservehistory.org/essays/humphrey_hawkins_act,0.022222222222222223,1.0
modulate,0.022222222222222223,1.0
con,0.022222222222222223,1.0
iii,0.022222222222222223,1.0
barro,0.022222222222222223,1.0
inconsistency,0.022222222222222223,1.0
overwhelmingly,0.022222222222222223,1.0
annandale,0.022222222222222223,1.0
acquire,0.022222222222222223,1.0
coalesce,0.022222222222222223,1.0
premise,0.022222222222222223,1.0
eventful,0.022222222222222223,1.0
seminar,0.022222222222222223,1.0
excessesâis,0.022222222222222223,1.0
vastly,0.022222222222222223,1.0
dissolution,0.022222222222222223,1.0
handful,0.022222222222222223,1.0
1950â,0.022222222222222223,1.0
doorstep,0.022222222222222223,1.0
urge,0.022222222222222223,1.0
greats,0.022222222222222223,1.0
salience,0.022222222222222223,1.0
quell,0.022222222222222223,1.0
navigational,0.022222222222222223,1.0
stat,0.022222222222222223,1.0
choke,0.022222222222222223,1.0
byrne,0.022222222222222223,1.0
mode,0.022222222222222223,1.0
private-,0.022222222222222223,1.0
grasp,0.022222222222222223,1.0
hamins,0.022222222222222223,1.0
hydraulic,0.022222222222222223,1.0
mericle,0.022222222222222223,1.0
largest,0.022222222222222223,1.0
subtlety,0.022222222222222223,1.0
1959â,0.022222222222222223,1.0
humankind,0.022222222222222223,1.0
golden,0.022222222222222223,1.0
nimbly,0.022222222222222223,1.0
cluster,0.022222222222222223,1.0
elad,0.022222222222222223,1.0
shale,0.022222222222222223,1.0
ho,0.022222222222222223,1.0
nonlinearities,0.022222222222222223,1.0
construct,0.022222222222222223,1.0
birthâdeath,0.022222222222222223,1.0
eternity,0.022222222222222223,1.0
terabyte,0.022222222222222223,1.0
puertolas,0.022222222222222223,1.0
monthâa,0.022222222222222223,1.0
avinash,0.022222222222222223,1.0
underway,0.022222222222222223,1.0
conundrum,0.022222222222222223,1.0
quip,0.022222222222222223,1.0
pashtan,0.022222222222222223,1.0
jan,0.022222222222222223,1.0
online,0.022222222222222223,1.0
orangesâand,0.022222222222222223,1.0
dependence,0.022222222222222223,1.0
promptly,0.022222222222222223,1.0
processing,0.022222222222222223,1.0
solow,0.022222222222222223,1.0
flaaen,0.022222222222222223,1.0
avisha,0.022222222222222223,1.0
https://www.federalreserve.gov/newsevents/pressreleases/monetary20190320c.htm,0.022222222222222223,1.0
persian,0.022222222222222223,1.0
epa,0.022222222222222223,1.0
bleaker,0.022222222222222223,1.0
rigorously,0.022222222222222223,1.0
crude,0.022222222222222223,1.0
5â,0.022222222222222223,1.0
moreânormal,0.022222222222222223,1.0
nonresponsiveness,0.022222222222222223,1.0
eggers,0.022222222222222223,1.0
match,0.022222222222222223,1.0
sayâin,0.022222222222222223,1.0
visualization,0.022222222222222223,1.0
dfas,0.022222222222222223,1.0
yearsâage,0.022222222222222223,1.0
crystal,0.022222222222222223,1.0
sparse,0.022222222222222223,1.0
batty,0.022222222222222223,1.0
night,0.022222222222222223,1.0
overconfidence,0.022222222222222223,1.0
refrain,0.022222222222222223,1.0
zach,0.022222222222222223,1.0
facebook,0.022222222222222223,1.0
guess,0.022222222222222223,1.0
babb,0.022222222222222223,1.0
hugh,0.022222222222222223,1.0
commonwealth,0.022222222222222223,1.0
messy,0.022222222222222223,1.0
dawn,0.022222222222222223,1.0
rockoff,0.022222222222222223,1.0
sintra,0.022222222222222223,1.0
alec,0.022222222222222223,1.0
drinking,0.022222222222222223,1.0
ambiguous,0.022222222222222223,1.0
technologies,0.022222222222222223,1.0
circulationâgrow,0.022222222222222223,1.0
apple,0.022222222222222223,1.0
speedy,0.022222222222222223,1.0
wind,0.022222222222222223,1.0
digital,0.022222222222222223,1.0
statistician,0.022222222222222223,1.0
pi,0.022222222222222223,1.0
mismeasure,0.022222222222222223,1.0
barrel,0.022222222222222223,1.0
chetty,0.022222222222222223,1.0
https://dx.doi.org/,0.022222222222222223,1.0
transmit,0.022222222222222223,1.0
intangibles,0.022222222222222223,1.0
hendren,0.022222222222222223,1.0
seskin,0.022222222222222223,1.0
vividly,0.022222222222222223,1.0
cellphone,0.022222222222222223,1.0
provocatively,0.022222222222222223,1.0
tribute,0.022222222222222223,1.0
abreast,0.022222222222222223,1.0
inference,0.022222222222222223,1.0
reichgott,0.022222222222222223,1.0
http://cfpub.epa.gov/ncea/hfstudy/recordisplay.cfm?deid=,0.022222222222222223,1.0
contemplate,0.022222222222222223,1.0
matters,0.022222222222222223,1.0
insofar,0.022222222222222223,1.0
shorthand,0.022222222222222223,1.0
carol,0.022222222222222223,1.0
jorgenson,0.022222222222222223,1.0
scenesâwork,0.022222222222222223,1.0
daan,0.022222222222222223,1.0
alleviated,0.022222222222222223,1.0
water,0.022222222222222223,1.0
name,0.022222222222222223,1.0
shoal,0.022222222222222223,1.0
resources,0.022222222222222223,1.0
asia,0.022222222222222223,1.0
exports,0.022222222222222223,1.0
hatzius,0.022222222222222223,1.0
confuse,0.022222222222222223,1.0
method,0.022222222222222223,1.0
tracking,0.022222222222222223,1.0
sachs,0.022222222222222223,1.0
https://www.federalreserve.gov/releases/g17/100_years_of_ip_data.htm,0.022222222222222223,1.0
stiroh,0.022222222222222223,1.0
overemphasize,0.022222222222222223,1.0
absolute,0.022222222222222223,1.0
consequences,0.022222222222222223,1.0
accuracy,0.022222222222222223,1.0
improvements,0.022222222222222223,1.0
narang,0.022222222222222223,1.0
sciences,0.022222222222222223,1.0
thakkar,0.022222222222222223,1.0
businessesâand,0.022222222222222223,1.0
nobel,0.022222222222222223,1.0
principles,0.022222222222222223,1.0
yearsâan,0.022222222222222223,1.0
prizeâwinne,0.022222222222222223,1.0
pandl,0.022222222222222223,1.0
dale,0.022222222222222223,1.0
ubiquitous,0.022222222222222223,1.0
unsure,0.022222222222222223,1.0
kurz,0.022222222222222223,1.0
peace,0.022222222222222223,1.0
tranquility,0.022222222222222223,1.0
fracturing,0.022222222222222223,1.0
authorizes,0.022222222222222223,1.0
processâwholesale,0.022222222222222223,1.0
reinvent,0.022222222222222223,1.0
absorber,0.022222222222222223,1.0
nathaniel,0.022222222222222223,1.0
user,0.022222222222222223,1.0
antiquated,0.022222222222222223,1.0
steo,0.022222222222222223,1.0
better,0.022222222222222223,1.0
request,0.022222222222222223,1.0
gulf,0.022222222222222223,1.0
experiments,0.022222222222222223,1.0
banksâtotale,0.022222222222222223,1.0
