lemma,doc_freq,multiplier
economy,1.0,0.0
economic,1.0,0.0
market,1.0,0.0
condition,0.9859154929577465,0.0
time,0.9859154929577465,0.0
year,0.9859154929577465,0.0
large,0.9859154929577465,0.0
provide,0.9859154929577465,0.0
help,0.9859154929577465,0.0
system,0.9859154929577465,0.0
federal,0.9859154929577465,0.0
financial,0.9859154929577465,0.0
lead,0.971830985915493,0.0
term,0.971830985915493,0.0
new,0.971830985915493,0.0
need,0.971830985915493,0.0
policy,0.971830985915493,0.0
recent,0.971830985915493,0.0
example,0.971830985915493,0.0
include,0.971830985915493,0.0
long,0.9577464788732394,0.0
important,0.9577464788732394,0.0
work,0.9577464788732394,0.0
continue,0.9577464788732394,0.0
take,0.9436619718309859,0.0
reserve,0.9436619718309859,0.0
support,0.9436619718309859,0.0
rate,0.9436619718309859,0.0
high,0.9295774647887324,0.0
way,0.9295774647887324,0.0
bank,0.9295774647887324,0.0
crisis,0.9295774647887324,0.0
reduce,0.9154929577464789,0.0
credit,0.9154929577464789,0.0
increase,0.9154929577464789,0.0
stability,0.9154929577464789,0.0
great,0.9154929577464789,0.0
remain,0.9154929577464789,0.0
current,0.9014084507042254,0.0
effect,0.9014084507042254,0.0
past,0.9014084507042254,0.0
action,0.9014084507042254,0.0
result,0.9014084507042254,0.0
low,0.9014084507042254,0.0
risk,0.9014084507042254,0.0
capital,0.9014084507042254,0.0
problem,0.8873239436619719,0.3
significant,0.8873239436619719,0.3
strong,0.8873239436619719,0.3
address,0.8873239436619719,0.3
u.s.,0.8873239436619719,0.3
government,0.8873239436619719,0.3
today,0.8873239436619719,0.3
number,0.8732394366197183,0.3
security,0.8732394366197183,0.3
development,0.8732394366197183,0.3
particular,0.8732394366197183,0.3
short,0.8732394366197183,0.3
interest,0.8732394366197183,0.3
fund,0.8732394366197183,0.3
give,0.8591549295774648,0.3
level,0.8591549295774648,0.3
range,0.8591549295774648,0.3
growth,0.8591549295774648,0.3
role,0.8591549295774648,0.3
price,0.8450704225352113,0.3
hold,0.8450704225352113,0.3
monetary,0.8450704225352113,0.3
central,0.8450704225352113,0.3
challenge,0.8450704225352113,0.3
standard,0.8450704225352113,0.3
early,0.8450704225352113,0.3
cost,0.8450704225352113,0.3
key,0.8450704225352113,0.3
investor,0.8450704225352113,0.3
activity,0.8450704225352113,0.3
response,0.8450704225352113,0.3
good,0.8450704225352113,0.3
country,0.8450704225352113,0.3
issue,0.8450704225352113,0.3
pressure,0.8450704225352113,0.3
public,0.8450704225352113,0.3
require,0.8450704225352113,0.3
turn,0.8450704225352113,0.3
improve,0.8450704225352113,0.3
face,0.8450704225352113,0.3
case,0.8309859154929577,0.3
future,0.8309859154929577,0.3
banking,0.8309859154929577,0.3
note,0.8309859154929577,0.3
sector,0.8309859154929577,0.3
states,0.8309859154929577,0.3
broad,0.8309859154929577,0.3
balance,0.8309859154929577,0.3
begin,0.8169014084507042,0.3
change,0.8169014084507042,0.3
course,0.8169014084507042,0.3
finance,0.8169014084507042,0.3
united,0.8169014084507042,0.3
business,0.8169014084507042,0.3
private,0.8169014084507042,0.3
come,0.8169014084507042,0.3
asset,0.8169014084507042,0.3
expect,0.8169014084507042,0.3
firm,0.8028169014084507,0.3
measure,0.8028169014084507,0.3
create,0.8028169014084507,0.3
run,0.8028169014084507,0.3
effort,0.8028169014084507,0.3
concern,0.8028169014084507,0.3
discuss,0.8028169014084507,0.3
tool,0.8028169014084507,0.3
period,0.8028169014084507,0.3
set,0.8028169014084507,0.3
critical,0.8028169014084507,0.3
likely,0.8028169014084507,0.3
know,0.8028169014084507,0.3
institution,0.7887323943661971,0.3
reflect,0.7887323943661971,0.3
use,0.7887323943661971,0.3
loss,0.7887323943661971,0.3
strengthen,0.7887323943661971,0.3
decline,0.7887323943661971,0.3
policymaker,0.7746478873239436,0.3
loan,0.7746478873239436,0.3
see,0.7746478873239436,0.3
focus,0.7746478873239436,0.3
confidence,0.7746478873239436,0.3
demand,0.7746478873239436,0.3
value,0.7746478873239436,0.3
return,0.7746478873239436,0.3
investment,0.7746478873239436,0.3
additional,0.7746478873239436,0.3
experience,0.7746478873239436,0.3
potential,0.7746478873239436,0.3
meet,0.7746478873239436,0.3
lending,0.7605633802816901,0.3
especially,0.7605633802816901,0.3
significantly,0.7605633802816901,0.3
raise,0.7605633802816901,0.3
recovery,0.7605633802816901,0.3
source,0.7605633802816901,0.3
global,0.7605633802816901,0.3
close,0.7605633802816901,0.3
well,0.7605633802816901,0.3
allow,0.7605633802816901,0.3
develop,0.7605633802816901,0.3
purchase,0.7605633802816901,0.3
effective,0.7605633802816901,0.3
mortgage,0.7464788732394366,0.3
agency,0.7464788732394366,0.3
step,0.7464788732394366,0.3
paper,0.7464788732394366,0.3
program,0.7464788732394366,0.3
clear,0.7464788732394366,0.3
national,0.7464788732394366,0.3
ensure,0.7464788732394366,0.3
promote,0.7464788732394366,0.3
percent,0.7464788732394366,0.3
fall,0.7464788732394366,0.3
like,0.7323943661971831,0.3
point,0.7323943661971831,0.3
substantial,0.7323943661971831,0.3
world,0.7323943661971831,0.3
international,0.7323943661971831,0.3
respond,0.7323943661971831,0.3
approach,0.7183098591549296,0.3
recently,0.7183098591549296,0.3
follow,0.7183098591549296,0.3
ability,0.7183098591549296,0.3
rise,0.7183098591549296,0.3
liquidity,0.7183098591549296,0.3
treasury,0.7183098591549296,0.3
benefit,0.7183098591549296,0.3
review,0.7183098591549296,0.3
particularly,0.7183098591549296,0.3
type,0.7183098591549296,0.3
generally,0.7183098591549296,0.3
account,0.704225352112676,0.3
possible,0.704225352112676,0.3
end,0.704225352112676,0.3
sharp,0.704225352112676,0.3
difficult,0.704225352112676,0.3
find,0.704225352112676,0.3
reason,0.704225352112676,0.3
stress,0.704225352112676,0.3
household,0.704225352112676,0.3
appropriate,0.704225352112676,0.3
act,0.704225352112676,0.3
expand,0.704225352112676,0.3
necessary,0.704225352112676,0.3
importantly,0.704225352112676,0.3
maintain,0.6901408450704225,0.3
serve,0.6901408450704225,0.3
small,0.6901408450704225,0.3
weak,0.6901408450704225,0.3
open,0.6901408450704225,0.3
board,0.6901408450704225,0.3
factor,0.6901408450704225,0.3
associate,0.6901408450704225,0.3
ultimately,0.6901408450704225,0.3
real,0.6901408450704225,0.3
remark,0.676056338028169,0.3
notably,0.676056338028169,0.3
view,0.676056338028169,0.3
debt,0.676056338028169,0.3
addition,0.676056338028169,0.3
month,0.676056338028169,0.3
make,0.676056338028169,0.3
base,0.676056338028169,0.3
place,0.676056338028169,0.3
prove,0.676056338028169,0.3
call,0.6619718309859155,0.3
major,0.6619718309859155,0.3
housing,0.6619718309859155,0.3
affect,0.6619718309859155,0.3
consistent,0.6619718309859155,0.3
achieve,0.6619718309859155,0.3
suggest,0.6619718309859155,0.3
committee,0.6619718309859155,0.3
consumer,0.6619718309859155,0.3
able,0.647887323943662,0.3
ease,0.647887323943662,0.3
near,0.647887323943662,0.3
participant,0.647887323943662,0.3
weakness,0.647887323943662,0.3
available,0.647887323943662,0.3
funding,0.647887323943662,0.3
appear,0.647887323943662,0.3
limit,0.647887323943662,0.3
force,0.647887323943662,0.3
normal,0.6338028169014085,0.3
far,0.6338028169014085,0.3
commercial,0.6338028169014085,0.3
situation,0.6338028169014085,0.3
highly,0.6338028169014085,0.3
understand,0.6338028169014085,0.3
overall,0.6338028169014085,0.3
insurance,0.6338028169014085,0.3
sheet,0.6338028169014085,0.3
contribute,0.6338028169014085,0.3
back,0.6338028169014085,0.3
relatively,0.6338028169014085,0.3
inflation,0.6338028169014085,0.3
money,0.6338028169014085,0.3
information,0.6197183098591549,0.3
pay,0.6197183098591549,0.3
borrower,0.6197183098591549,0.3
extend,0.6197183098591549,0.3
individual,0.6197183098591549,0.3
objective,0.6197183098591549,0.3
severe,0.6197183098591549,0.3
recession,0.6197183098591549,0.3
similar,0.6197183098591549,0.3
grow,0.6197183098591549,0.3
depend,0.6056338028169014,0.3
process,0.6056338028169014,0.3
target,0.6056338028169014,0.3
avoid,0.6056338028169014,0.3
flow,0.6056338028169014,0.3
play,0.6056338028169014,0.3
regulator,0.6056338028169014,0.3
plan,0.6056338028169014,0.3
stabilize,0.6056338028169014,0.3
currency,0.6056338028169014,0.3
establish,0.5915492957746479,0.3
bring,0.5915492957746479,0.3
group,0.5915492957746479,0.3
september,0.5915492957746479,0.3
washington,0.5915492957746479,0.3
payment,0.5915492957746479,0.3
conference,0.5915492957746479,0.3
product,0.5915492957746479,0.3
share,0.5915492957746479,0.3
pose,0.5915492957746479,0.3
statement,0.5915492957746479,0.3
function,0.5915492957746479,0.3
foreign,0.5915492957746479,0.3
report,0.5915492957746479,0.3
size,0.5774647887323944,0.3
sharply,0.5774647887323944,0.3
provision,0.5774647887323944,0.3
cause,0.5774647887323944,0.3
sponsor,0.5774647887323944,0.3
exist,0.5774647887323944,0.3
practice,0.5774647887323944,0.3
lend,0.5774647887323944,0.3
expectation,0.5774647887323944,0.3
consider,0.5774647887323944,0.3
congress,0.5774647887323944,0.3
manage,0.5774647887323944,0.3
nation,0.5774647887323944,0.3
substantially,0.5774647887323944,0.3
implication,0.5774647887323944,0.3
monitor,0.5774647887323944,0.3
restore,0.5774647887323944,0.3
look,0.5774647887323944,0.3
involve,0.5774647887323944,0.3
stable,0.5774647887323944,0.3
forward,0.5633802816901409,0.3
lender,0.5633802816901409,0.3
fully,0.5633802816901409,0.3
fact,0.5633802816901409,0.3
regulatory,0.5633802816901409,0.3
area,0.5633802816901409,0.3
goal,0.5633802816901409,0.3
control,0.5633802816901409,0.3
management,0.5633802816901409,0.3
outlook,0.5633802816901409,0.3
wide,0.5633802816901409,0.3
decision,0.5633802816901409,0.3
improvement,0.5633802816901409,0.3
decade,0.5633802816901409,0.3
rule,0.5633802816901409,0.3
half,0.5633802816901409,0.3
framework,0.5633802816901409,0.3
closely,0.5633802816901409,0.3
ongoing,0.5633802816901409,0.3
authority,0.5633802816901409,0.3
quality,0.5492957746478874,0.3
emerge,0.5492957746478874,0.3
bear,0.5492957746478874,0.3
relate,0.5492957746478874,0.3
analysis,0.5492957746478874,0.3
strategy,0.5492957746478874,0.3
york,0.5492957746478874,0.3
employment,0.5492957746478874,0.3
specific,0.5492957746478874,0.3
late,0.5492957746478874,0.3
slow,0.5492957746478874,0.3
state,0.5492957746478874,0.3
quarter,0.5492957746478874,0.3
failure,0.5352112676056338,0.3
trade,0.5352112676056338,0.3
determine,0.5352112676056338,0.3
cut,0.5352112676056338,0.3
deliver,0.5352112676056338,0.3
show,0.5352112676056338,0.3
fed,0.5352112676056338,0.3
rapid,0.5352112676056338,0.3
unemployment,0.5352112676056338,0.3
performance,0.5352112676056338,0.3
currently,0.5352112676056338,0.3
extent,0.5352112676056338,0.3
think,0.5352112676056338,0.3
consequence,0.5352112676056338,0.3
traditional,0.5352112676056338,0.3
access,0.5352112676056338,0.3
discussion,0.5352112676056338,0.3
mean,0.5352112676056338,0.3
income,0.5352112676056338,0.3
reform,0.5352112676056338,0.3
occur,0.5352112676056338,0.3
despite,0.5211267605633803,0.3
uncertainty,0.5211267605633803,0.3
event,0.5211267605633803,0.3
largely,0.5211267605633803,0.3
conclusion,0.5211267605633803,0.3
sell,0.5211267605633803,0.3
deal,0.5211267605633803,0.3
rely,0.5211267605633803,0.3
deposit,0.5211267605633803,0.3
little,0.5211267605633803,0.3
guarantee,0.5211267605633803,0.3
speech,0.5211267605633803,0.3
enhance,0.5211267605633803,0.3
supervision,0.5211267605633803,0.3
gain,0.5211267605633803,0.3
have,0.5211267605633803,0.3
line,0.5211267605633803,0.3
position,0.5211267605633803,0.3
believe,0.5211267605633803,0.3
implement,0.5211267605633803,0.3
functioning,0.5211267605633803,0.3
governors,0.5211267605633803,0.3
alternative,0.5211267605633803,0.3
datum,0.5211267605633803,0.3
conduct,0.5211267605633803,0.3
sustainable,0.5211267605633803,0.3
basis,0.5211267605633803,0.3
prevent,0.5211267605633803,0.3
principal,0.5070422535211268,0.3
receive,0.5070422535211268,0.3
series,0.5070422535211268,0.3
question,0.5070422535211268,0.3
sufficient,0.5070422535211268,0.3
somewhat,0.5070422535211268,0.3
prospect,0.5070422535211268,0.3
expansion,0.5070422535211268,0.3
equity,0.5070422535211268,0.3
offer,0.5070422535211268,0.3
sale,0.5070422535211268,0.3
certainly,0.5070422535211268,0.3
fiscal,0.5070422535211268,0.3
press,0.5070422535211268,0.3
pace,0.5070422535211268,0.3
regulation,0.5070422535211268,0.3
tend,0.5070422535211268,0.3
s.,0.5070422535211268,0.3
general,0.5070422535211268,0.3
impose,0.5070422535211268,0.3
progress,0.5070422535211268,0.3
august,0.5070422535211268,0.3
supervisory,0.5070422535211268,0.3
october,0.49295774647887325,1.0
march,0.49295774647887325,1.0
outside,0.49295774647887325,1.0
contrast,0.49295774647887325,1.0
domestic,0.49295774647887325,1.0
perspective,0.49295774647887325,1.0
operation,0.49295774647887325,1.0
environment,0.49295774647887325,1.0
subject,0.49295774647887325,1.0
announce,0.49295774647887325,1.0
say,0.49295774647887325,1.0
obtain,0.49295774647887325,1.0
home,0.49295774647887325,1.0
commitment,0.49295774647887325,1.0
effectively,0.49295774647887325,1.0
comprehensive,0.49295774647887325,1.0
capacity,0.49295774647887325,1.0
macroeconomic,0.49295774647887325,1.0
foster,0.49295774647887325,1.0
supply,0.49295774647887325,1.0
stock,0.49295774647887325,1.0
spending,0.49295774647887325,1.0
job,0.49295774647887325,1.0
mandate,0.4788732394366197,1.0
light,0.4788732394366197,1.0
primary,0.4788732394366197,1.0
considerable,0.4788732394366197,1.0
house,0.4788732394366197,1.0
present,0.4788732394366197,1.0
quickly,0.4788732394366197,1.0
american,0.4788732394366197,1.0
different,0.4788732394366197,1.0
bernanke,0.4788732394366197,1.0
exchange,0.4788732394366197,1.0
research,0.4788732394366197,1.0
strain,0.4788732394366197,1.0
release,0.4788732394366197,1.0
design,0.4788732394366197,1.0
encourage,0.4788732394366197,1.0
temporary,0.4788732394366197,1.0
context,0.4788732394366197,1.0
essential,0.4788732394366197,1.0
difficulty,0.4788732394366197,1.0
clearly,0.4788732394366197,1.0
difference,0.4788732394366197,1.0
facility,0.4788732394366197,1.0
structure,0.4788732394366197,1.0
importance,0.4788732394366197,1.0
net,0.4788732394366197,1.0
creation,0.4788732394366197,1.0
leave,0.4647887323943662,1.0
office,0.4647887323943662,1.0
scale,0.4647887323943662,1.0
detail,0.4647887323943662,1.0
assessment,0.4647887323943662,1.0
form,0.4647887323943662,1.0
dollar,0.4647887323943662,1.0
shock,0.4647887323943662,1.0
typically,0.4647887323943662,1.0
adverse,0.4647887323943662,1.0
relative,0.4647887323943662,1.0
seek,0.4647887323943662,1.0
bad,0.4647887323943662,1.0
adequate,0.4647887323943662,1.0
complex,0.4647887323943662,1.0
agreement,0.4647887323943662,1.0
directly,0.4647887323943662,1.0
spread,0.4507042253521127,1.0
reduction,0.4507042253521127,1.0
principle,0.4507042253521127,1.0
average,0.4507042253521127,1.0
day,0.4507042253521127,1.0
circumstance,0.4507042253521127,1.0
protect,0.4507042253521127,1.0
increasingly,0.4507042253521127,1.0
degree,0.4507042253521127,1.0
mention,0.4507042253521127,1.0
company,0.4507042253521127,1.0
arise,0.4507042253521127,1.0
fail,0.4507042253521127,1.0
oversight,0.4507042253521127,1.0
draw,0.4507042253521127,1.0
willingness,0.4507042253521127,1.0
evidence,0.4507042253521127,1.0
historical,0.4507042253521127,1.0
resource,0.4507042253521127,1.0
broadly,0.4507042253521127,1.0
undertake,0.4507042253521127,1.0
meeting,0.4507042253521127,1.0
industry,0.4507042253521127,1.0
history,0.4507042253521127,1.0
accord,0.43661971830985913,1.0
assess,0.43661971830985913,1.0
availability,0.43661971830985913,1.0
lower,0.43661971830985913,1.0
possibility,0.43661971830985913,1.0
default,0.43661971830985913,1.0
ago,0.43661971830985913,1.0
aggregate,0.43661971830985913,1.0
nature,0.43661971830985913,1.0
working,0.43661971830985913,1.0
financing,0.43661971830985913,1.0
recognize,0.43661971830985913,1.0
holding,0.43661971830985913,1.0
service,0.43661971830985913,1.0
annual,0.43661971830985913,1.0
guidance,0.43661971830985913,1.0
lose,0.43661971830985913,1.0
attention,0.4225352112676056,1.0
swap,0.4225352112676056,1.0
systemic,0.4225352112676056,1.0
trigger,0.4225352112676056,1.0
estimate,0.4225352112676056,1.0
judge,0.4225352112676056,1.0
facilitate,0.4225352112676056,1.0
maximum,0.4225352112676056,1.0
aim,0.4225352112676056,1.0
deep,0.4225352112676056,1.0
add,0.4225352112676056,1.0
underlie,0.4225352112676056,1.0
influence,0.4225352112676056,1.0
enterprise,0.4225352112676056,1.0
episode,0.4225352112676056,1.0
responsibility,0.4225352112676056,1.0
people,0.4225352112676056,1.0
nearly,0.4225352112676056,1.0
indicate,0.4225352112676056,1.0
corporation,0.4225352112676056,1.0
instrument,0.4225352112676056,1.0
systemically,0.4225352112676056,1.0
pdf,0.4225352112676056,1.0
combination,0.4084507042253521,1.0
impact,0.4084507042253521,1.0
tight,0.4084507042253521,1.0
suffer,0.4084507042253521,1.0
identify,0.4084507042253521,1.0
strength,0.4084507042253521,1.0
instead,0.4084507042253521,1.0
boom,0.4084507042253521,1.0
rapidly,0.4084507042253521,1.0
warrant,0.4084507042253521,1.0
primarily,0.4084507042253521,1.0
sure,0.4084507042253521,1.0
collateral,0.4084507042253521,1.0
summer,0.4084507042253521,1.0
moderate,0.4084507042253521,1.0
health,0.4084507042253521,1.0
build,0.4084507042253521,1.0
administration,0.4084507042253521,1.0
certain,0.4084507042253521,1.0
outcome,0.4084507042253521,1.0
evolve,0.4084507042253521,1.0
drive,0.4084507042253521,1.0
contract,0.4084507042253521,1.0
mitigate,0.4084507042253521,1.0
employ,0.4084507042253521,1.0
peak,0.39436619718309857,1.0
tighten,0.39436619718309857,1.0
abroad,0.39436619718309857,1.0
reach,0.39436619718309857,1.0
december,0.39436619718309857,1.0
output,0.39436619718309857,1.0
demonstrate,0.39436619718309857,1.0
supervisor,0.39436619718309857,1.0
test,0.39436619718309857,1.0
stand,0.39436619718309857,1.0
link,0.39436619718309857,1.0
finally,0.39436619718309857,1.0
sound,0.39436619718309857,1.0
try,0.39436619718309857,1.0
cooperation,0.39436619718309857,1.0
scope,0.39436619718309857,1.0
gap,0.39436619718309857,1.0
ben,0.39436619718309857,1.0
labor,0.38028169014084506,1.0
variety,0.38028169014084506,1.0
nonbank,0.38028169014084506,1.0
anticipate,0.38028169014084506,1.0
trend,0.38028169014084506,1.0
amount,0.38028169014084506,1.0
put,0.38028169014084506,1.0
week,0.38028169014084506,1.0
incentive,0.38028169014084506,1.0
commodity,0.38028169014084506,1.0
lesson,0.38028169014084506,1.0
construction,0.38028169014084506,1.0
constraint,0.38028169014084506,1.0
collapse,0.38028169014084506,1.0
learn,0.38028169014084506,1.0
excessive,0.38028169014084506,1.0
unfortunately,0.38028169014084506,1.0
november,0.38028169014084506,1.0
fundamental,0.38028169014084506,1.0
model,0.36619718309859156,1.0
apply,0.36619718309859156,1.0
yield,0.36619718309859156,1.0
power,0.36619718309859156,1.0
describe,0.36619718309859156,1.0
relationship,0.36619718309859156,1.0
structural,0.36619718309859156,1.0
likewise,0.36619718309859156,1.0
fix,0.36619718309859156,1.0
lack,0.36619718309859156,1.0
joint,0.36619718309859156,1.0
extensive,0.36619718309859156,1.0
june,0.36619718309859156,1.0
resolution,0.36619718309859156,1.0
compare,0.36619718309859156,1.0
member,0.36619718309859156,1.0
april,0.36619718309859156,1.0
imply,0.36619718309859156,1.0
bond,0.36619718309859156,1.0
banker,0.36619718309859156,1.0
explain,0.36619718309859156,1.0
evaluate,0.36619718309859156,1.0
extraordinary,0.36619718309859156,1.0
speak,0.352112676056338,1.0
option,0.352112676056338,1.0
hard,0.352112676056338,1.0
carefully,0.352112676056338,1.0
disruption,0.352112676056338,1.0
briefly,0.352112676056338,1.0
right,0.352112676056338,1.0
choice,0.352112676056338,1.0
commit,0.352112676056338,1.0
indicator,0.352112676056338,1.0
european,0.352112676056338,1.0
robust,0.352112676056338,1.0
colleague,0.352112676056338,1.0
economist,0.352112676056338,1.0
move,0.352112676056338,1.0
damage,0.352112676056338,1.0
easing,0.352112676056338,1.0
community,0.352112676056338,1.0
roughly,0.352112676056338,1.0
quantity,0.352112676056338,1.0
sign,0.352112676056338,1.0
discipline,0.352112676056338,1.0
purpose,0.352112676056338,1.0
feature,0.352112676056338,1.0
local,0.352112676056338,1.0
fomc,0.352112676056338,1.0
securitization,0.352112676056338,1.0
instance,0.352112676056338,1.0
accordingly,0.352112676056338,1.0
flexibility,0.352112676056338,1.0
projection,0.352112676056338,1.0
recover,0.352112676056338,1.0
law,0.352112676056338,1.0
consequently,0.352112676056338,1.0
choose,0.352112676056338,1.0
willing,0.3380281690140845,1.0
safety,0.3380281690140845,1.0
let,0.3380281690140845,1.0
vol,0.3380281690140845,1.0
easy,0.3380281690140845,1.0
equal,0.3380281690140845,1.0
vehicle,0.3380281690140845,1.0
survey,0.3380281690140845,1.0
project,0.3380281690140845,1.0
tie,0.3380281690140845,1.0
healthy,0.3380281690140845,1.0
requirement,0.3380281690140845,1.0
direct,0.3380281690140845,1.0
greatly,0.3380281690140845,1.0
creditor,0.3380281690140845,1.0
downward,0.3380281690140845,1.0
transaction,0.3380281690140845,1.0
february,0.3380281690140845,1.0
operate,0.3380281690140845,1.0
useful,0.3380281690140845,1.0
hope,0.3380281690140845,1.0
agree,0.3380281690140845,1.0
city,0.3380281690140845,1.0
revenue,0.3380281690140845,1.0
prior,0.3380281690140845,1.0
stage,0.3380281690140845,1.0
path,0.3380281690140845,1.0
japan,0.3380281690140845,1.0
production,0.3380281690140845,1.0
economics,0.3380281690140845,1.0
aspect,0.3380281690140845,1.0
spring,0.3380281690140845,1.0
turmoil,0.3380281690140845,1.0
downturn,0.3380281690140845,1.0
transparency,0.3380281690140845,1.0
mutual,0.323943661971831,1.0
careful,0.323943661971831,1.0
conventional,0.323943661971831,1.0
potentially,0.323943661971831,1.0
counterpartie,0.323943661971831,1.0
positive,0.323943661971831,1.0
council,0.323943661971831,1.0
emphasize,0.323943661971831,1.0
family,0.323943661971831,1.0
study,0.323943661971831,1.0
notwithstanding,0.323943661971831,1.0
probably,0.323943661971831,1.0
discount,0.323943661971831,1.0
exposure,0.323943661971831,1.0
boost,0.323943661971831,1.0
special,0.323943661971831,1.0
saving,0.323943661971831,1.0
president,0.323943661971831,1.0
markets,0.323943661971831,1.0
instability,0.323943661971831,1.0
basic,0.323943661971831,1.0
prominent,0.323943661971831,1.0
portfolio,0.323943661971831,1.0
tightening,0.323943661971831,1.0
percentage,0.323943661971831,1.0
cycle,0.323943661971831,1.0
depression,0.323943661971831,1.0
upward,0.323943661971831,1.0
mechanism,0.323943661971831,1.0
journal,0.323943661971831,1.0
extension,0.323943661971831,1.0
underwriting,0.30985915492957744,1.0
sustain,0.30985915492957744,1.0
later,0.30985915492957744,1.0
participate,0.30985915492957744,1.0
keep,0.30985915492957744,1.0
tax,0.30985915492957744,1.0
deficit,0.30985915492957744,1.0
stimulus,0.30985915492957744,1.0
timely,0.30985915492957744,1.0
effectiveness,0.30985915492957744,1.0
engage,0.30985915492957744,1.0
adjustment,0.30985915492957744,1.0
start,0.30985915492957744,1.0
window,0.30985915492957744,1.0
task,0.30985915492957744,1.0
borrowing,0.30985915492957744,1.0
respect,0.30985915492957744,1.0
subprime,0.30985915492957744,1.0
industrial,0.30985915492957744,1.0
common,0.30985915492957744,1.0
cash,0.30985915492957744,1.0
date,0.30985915492957744,1.0
adjust,0.30985915492957744,1.0
securities,0.30985915492957744,1.0
push,0.30985915492957744,1.0
opportunity,0.30985915492957744,1.0
obligation,0.30985915492957744,1.0
university,0.30985915492957744,1.0
ratio,0.30985915492957744,1.0
medium,0.30985915492957744,1.0
pursue,0.30985915492957744,1.0
ii,0.30985915492957744,1.0
secure,0.30985915492957744,1.0
panic,0.30985915492957744,1.0
introduce,0.30985915492957744,1.0
reasonable,0.30985915492957744,1.0
maturity,0.30985915492957744,1.0
taking,0.30985915492957744,1.0
repurchase,0.30985915492957744,1.0
center,0.30985915492957744,1.0
emergency,0.30985915492957744,1.0
portion,0.30985915492957744,1.0
carry,0.29577464788732394,1.0
historically,0.29577464788732394,1.0
backstop,0.29577464788732394,1.0
mae,0.29577464788732394,1.0
minimize,0.29577464788732394,1.0
total,0.29577464788732394,1.0
accommodation,0.29577464788732394,1.0
resort,0.29577464788732394,1.0
banks,0.29577464788732394,1.0
channel,0.29577464788732394,1.0
advanced,0.29577464788732394,1.0
evident,0.29577464788732394,1.0
advantage,0.29577464788732394,1.0
deteriorate,0.29577464788732394,1.0
organization,0.29577464788732394,1.0
go,0.29577464788732394,1.0
relevant,0.29577464788732394,1.0
coordinate,0.29577464788732394,1.0
arrangement,0.29577464788732394,1.0
property,0.29577464788732394,1.0
mac,0.29577464788732394,1.0
phase,0.29577464788732394,1.0
volatility,0.29577464788732394,1.0
liability,0.29577464788732394,1.0
hand,0.29577464788732394,1.0
heavily,0.29577464788732394,1.0
part,0.29577464788732394,1.0
deterioration,0.29577464788732394,1.0
vary,0.29577464788732394,1.0
subsequent,0.29577464788732394,1.0
communication,0.29577464788732394,1.0
liquid,0.29577464788732394,1.0
define,0.29577464788732394,1.0
trading,0.29577464788732394,1.0
fannie,0.29577464788732394,1.0
innovation,0.29577464788732394,1.0
macroprudential,0.29577464788732394,1.0
narrow,0.29577464788732394,1.0
index,0.29577464788732394,1.0
component,0.29577464788732394,1.0
eliminate,0.29577464788732394,1.0
dealer,0.29577464788732394,1.0
freddie,0.29577464788732394,1.0
accommodative,0.29577464788732394,1.0
independent,0.28169014084507044,1.0
intend,0.28169014084507044,1.0
drop,0.28169014084507044,1.0
leader,0.28169014084507044,1.0
exceed,0.28169014084507044,1.0
department,0.28169014084507044,1.0
intensify,0.28169014084507044,1.0
solution,0.28169014084507044,1.0
protection,0.28169014084507044,1.0
regularly,0.28169014084507044,1.0
quantitative,0.28169014084507044,1.0
sense,0.28169014084507044,1.0
depository,0.28169014084507044,1.0
induce,0.28169014084507044,1.0
attempt,0.28169014084507044,1.0
scenario,0.28169014084507044,1.0
represent,0.28169014084507044,1.0
john,0.28169014084507044,1.0
single,0.28169014084507044,1.0
corporate,0.28169014084507044,1.0
bit,0.28169014084507044,1.0
symposium,0.28169014084507044,1.0
gross,0.28169014084507044,1.0
record,0.28169014084507044,1.0
shift,0.28169014084507044,1.0
quarterly,0.28169014084507044,1.0
skill,0.28169014084507044,1.0
originate,0.28169014084507044,1.0
offset,0.28169014084507044,1.0
weaken,0.28169014084507044,1.0
considerably,0.28169014084507044,1.0
extremely,0.28169014084507044,1.0
dynamic,0.28169014084507044,1.0
complete,0.28169014084507044,1.0
combine,0.28169014084507044,1.0
unprecedented,0.28169014084507044,1.0
regime,0.28169014084507044,1.0
contraction,0.28169014084507044,1.0
threaten,0.2676056338028169,1.0
estate,0.2676056338028169,1.0
productive,0.2676056338028169,1.0
usually,0.2676056338028169,1.0
appropriately,0.2676056338028169,1.0
method,0.2676056338028169,1.0
resolve,0.2676056338028169,1.0
provider,0.2676056338028169,1.0
foreclosure,0.2676056338028169,1.0
volatile,0.2676056338028169,1.0
publish,0.2676056338028169,1.0
care,0.2676056338028169,1.0
residential,0.2676056338028169,1.0
kansas,0.2676056338028169,1.0
accompany,0.2676056338028169,1.0
comment,0.2676056338028169,1.0
sustained,0.2676056338028169,1.0
creditworthy,0.2676056338028169,1.0
double,0.2676056338028169,1.0
overnight,0.2676056338028169,1.0
success,0.2676056338028169,1.0
evolution,0.2676056338028169,1.0
consideration,0.2676056338028169,1.0
specifically,0.2676056338028169,1.0
stabilization,0.2676056338028169,1.0
institutional,0.2676056338028169,1.0
beginning,0.2676056338028169,1.0
permit,0.2676056338028169,1.0
adopt,0.2676056338028169,1.0
comparison,0.2676056338028169,1.0
crucial,0.2676056338028169,1.0
globally,0.2676056338028169,1.0
intense,0.2676056338028169,1.0
infrastructure,0.2676056338028169,1.0
underscore,0.2676056338028169,1.0
sufficiently,0.2676056338028169,1.0
insufficient,0.2676056338028169,1.0
perceive,0.2676056338028169,1.0
constrain,0.2676056338028169,1.0
leverage,0.2676056338028169,1.0
budget,0.2676056338028169,1.0
produce,0.2676056338028169,1.0
premium,0.2676056338028169,1.0
worsen,0.2676056338028169,1.0
pattern,0.2676056338028169,1.0
procedure,0.2676056338028169,1.0
assumption,0.2676056338028169,1.0
excess,0.2535211267605634,1.0
ahead,0.2535211267605634,1.0
conclude,0.2535211267605634,1.0
student,0.2535211267605634,1.0
card,0.2535211267605634,1.0
worker,0.2535211267605634,1.0
ask,0.2535211267605634,1.0
forecast,0.2535211267605634,1.0
responsible,0.2535211267605634,1.0
governor,0.2535211267605634,1.0
gdp,0.2535211267605634,1.0
europe,0.2535211267605634,1.0
remainder,0.2535211267605634,1.0
initiative,0.2535211267605634,1.0
oil,0.2535211267605634,1.0
pleased,0.2535211267605634,1.0
powerful,0.2535211267605634,1.0
auction,0.2535211267605634,1.0
refinance,0.2535211267605634,1.0
doubt,0.2535211267605634,1.0
exceptionally,0.2535211267605634,1.0
chairman,0.2535211267605634,1.0
confront,0.2535211267605634,1.0
pre,0.2535211267605634,1.0
jurisdiction,0.2535211267605634,1.0
diverse,0.2535211267605634,1.0
differ,0.2535211267605634,1.0
free,0.2535211267605634,1.0
staff,0.2535211267605634,1.0
pick,0.2535211267605634,1.0
consumption,0.2535211267605634,1.0
basel,0.2535211267605634,1.0
foundation,0.2535211267605634,1.0
actively,0.2535211267605634,1.0
derivative,0.2535211267605634,1.0
highlight,0.2535211267605634,1.0
previous,0.2535211267605634,1.0
exercise,0.2535211267605634,1.0
negative,0.2535211267605634,1.0
topic,0.2535211267605634,1.0
limited,0.2535211267605634,1.0
spend,0.2535211267605634,1.0
payroll,0.2535211267605634,1.0
severity,0.23943661971830985,1.0
enter,0.23943661971830985,1.0
illiquid,0.23943661971830985,1.0
figure,0.23943661971830985,1.0
normally,0.23943661971830985,1.0
congressional,0.23943661971830985,1.0
widespread,0.23943661971830985,1.0
exacerbate,0.23943661971830985,1.0
outstanding,0.23943661971830985,1.0
bureau,0.23943661971830985,1.0
orderly,0.23943661971830985,1.0
big,0.23943661971830985,1.0
sustainability,0.23943661971830985,1.0
appreciation,0.23943661971830985,1.0
delinquency,0.23943661971830985,1.0
weigh,0.23943661971830985,1.0
successful,0.23943661971830985,1.0
disclosure,0.23943661971830985,1.0
mature,0.23943661971830985,1.0
analogous,0.23943661971830985,1.0
threat,0.23943661971830985,1.0
want,0.23943661971830985,1.0
inventory,0.23943661971830985,1.0
cover,0.23943661971830985,1.0
war,0.23943661971830985,1.0
resilience,0.23943661971830985,1.0
express,0.23943661971830985,1.0
fast,0.23943661971830985,1.0
majority,0.23943661971830985,1.0
helpful,0.23943661971830985,1.0
linkage,0.23943661971830985,1.0
interbank,0.23943661971830985,1.0
productivity,0.23943661971830985,1.0
finding,0.23943661971830985,1.0
soon,0.23943661971830985,1.0
senior,0.23943661971830985,1.0
january,0.23943661971830985,1.0
manner,0.23943661971830985,1.0
accept,0.23943661971830985,1.0
inflow,0.23943661971830985,1.0
appreciate,0.23943661971830985,1.0
imbalance,0.23943661971830985,1.0
virtually,0.23943661971830985,1.0
commission,0.23943661971830985,1.0
safe,0.23943661971830985,1.0
troubled,0.23943661971830985,1.0
understanding,0.23943661971830985,1.0
restrain,0.23943661971830985,1.0
borrow,0.23943661971830985,1.0
element,0.23943661971830985,1.0
complexity,0.23943661971830985,1.0
essentially,0.23943661971830985,1.0
mid-,0.23943661971830985,1.0
compensation,0.23943661971830985,1.0
export,0.23943661971830985,1.0
prevail,0.22535211267605634,1.0
slack,0.22535211267605634,1.0
regard,0.22535211267605634,1.0
kb,0.22535211267605634,1.0
mark,0.22535211267605634,1.0
coordination,0.22535211267605634,1.0
thank,0.22535211267605634,1.0
partner,0.22535211267605634,1.0
absence,0.22535211267605634,1.0
bind,0.22535211267605634,1.0
propose,0.22535211267605634,1.0
illustrate,0.22535211267605634,1.0
july,0.22535211267605634,1.0
h.,0.22535211267605634,1.0
dual,0.22535211267605634,1.0
inform,0.22535211267605634,1.0
assume,0.22535211267605634,1.0
extended,0.22535211267605634,1.0
happen,0.22535211267605634,1.0
regulate,0.22535211267605634,1.0
talk,0.22535211267605634,1.0
customer,0.22535211267605634,1.0
apparent,0.22535211267605634,1.0
nonetheless,0.22535211267605634,1.0
vulnerability,0.22535211267605634,1.0
brief,0.22535211267605634,1.0
structured,0.22535211267605634,1.0
broker,0.22535211267605634,1.0
fdic,0.22535211267605634,1.0
jackson,0.22535211267605634,1.0
withdrawal,0.22535211267605634,1.0
self,0.22535211267605634,1.0
inadequate,0.22535211267605634,1.0
political,0.22535211267605634,1.0
summary,0.22535211267605634,1.0
mix,0.22535211267605634,1.0
personal,0.22535211267605634,1.0
-year,0.22535211267605634,1.0
credibility,0.22535211267605634,1.0
buffer,0.22535211267605634,1.0
reverse,0.22535211267605634,1.0
implementation,0.22535211267605634,1.0
legislation,0.22535211267605634,1.0
preserve,0.22535211267605634,1.0
rating,0.22535211267605634,1.0
buy,0.22535211267605634,1.0
extraordinarily,0.22535211267605634,1.0
heavy,0.22535211267605634,1.0
flexible,0.22535211267605634,1.0
old,0.22535211267605634,1.0
soundness,0.22535211267605634,1.0
website,0.22535211267605634,1.0
england,0.22535211267605634,1.0
uncertain,0.22535211267605634,1.0
behavior,0.22535211267605634,1.0
ultimate,0.22535211267605634,1.0
continued,0.2112676056338028,1.0
explicit,0.2112676056338028,1.0
predict,0.2112676056338028,1.0
gradually,0.2112676056338028,1.0
unconventional,0.2112676056338028,1.0
auto,0.2112676056338028,1.0
monitoring,0.2112676056338028,1.0
order,0.2112676056338028,1.0
improved,0.2112676056338028,1.0
active,0.2112676056338028,1.0
eligible,0.2112676056338028,1.0
earning,0.2112676056338028,1.0
transparent,0.2112676056338028,1.0
credible,0.2112676056338028,1.0
proceed,0.2112676056338028,1.0
save,0.2112676056338028,1.0
issuance,0.2112676056338028,1.0
moment,0.2112676056338028,1.0
nominal,0.2112676056338028,1.0
stance,0.2112676056338028,1.0
modest,0.2112676056338028,1.0
clarify,0.2112676056338028,1.0
prompt,0.2112676056338028,1.0
stem,0.2112676056338028,1.0
unexpected,0.2112676056338028,1.0
interaction,0.2112676056338028,1.0
comptroller,0.2112676056338028,1.0
class,0.2112676056338028,1.0
headwind,0.2112676056338028,1.0
atlanta,0.2112676056338028,1.0
theory,0.2112676056338028,1.0
related,0.2112676056338028,1.0
gse,0.2112676056338028,1.0
modification,0.2112676056338028,1.0
bill,0.2112676056338028,1.0
expenditure,0.2112676056338028,1.0
solid,0.2112676056338028,1.0
david,0.2112676056338028,1.0
initiate,0.2112676056338028,1.0
gses,0.2112676056338028,1.0
reluctant,0.2112676056338028,1.0
canada,0.2112676056338028,1.0
withdraw,0.2112676056338028,1.0
expose,0.2112676056338028,1.0
argue,0.2112676056338028,1.0
reasonably,0.2112676056338028,1.0
grant,0.2112676056338028,1.0
classic,0.2112676056338028,1.0
perform,0.2112676056338028,1.0
erode,0.2112676056338028,1.0
collaboration,0.2112676056338028,1.0
volume,0.2112676056338028,1.0
aggressive,0.2112676056338028,1.0
package,0.2112676056338028,1.0
pass,0.2112676056338028,1.0
seriously,0.2112676056338028,1.0
charge,0.2112676056338028,1.0
forum,0.2112676056338028,1.0
examination,0.2112676056338028,1.0
reveal,0.2112676056338028,1.0
solve,0.2112676056338028,1.0
developments,0.19718309859154928,1.0
derive,0.19718309859154928,1.0
rat,0.19718309859154928,1.0
tell,0.19718309859154928,1.0
statutory,0.19718309859154928,1.0
impair,0.19718309859154928,1.0
hole,0.19718309859154928,1.0
elevated,0.19718309859154928,1.0
dramatically,0.19718309859154928,1.0
unusual,0.19718309859154928,1.0
subsequently,0.19718309859154928,1.0
revise,0.19718309859154928,1.0
indication,0.19718309859154928,1.0
occasion,0.19718309859154928,1.0
possibly,0.19718309859154928,1.0
justify,0.19718309859154928,1.0
poor,0.19718309859154928,1.0
recommendation,0.19718309859154928,1.0
depth,0.19718309859154928,1.0
guide,0.19718309859154928,1.0
planning,0.19718309859154928,1.0
acquire,0.19718309859154928,1.0
retail,0.19718309859154928,1.0
sum,0.19718309859154928,1.0
word,0.19718309859154928,1.0
determinant,0.19718309859154928,1.0
stimulate,0.19718309859154928,1.0
legal,0.19718309859154928,1.0
cross,0.19718309859154928,1.0
clarity,0.19718309859154928,1.0
contribution,0.19718309859154928,1.0
supervise,0.19718309859154928,1.0
prepare,0.19718309859154928,1.0
analyze,0.19718309859154928,1.0
category,0.19718309859154928,1.0
r.,0.19718309859154928,1.0
application,0.19718309859154928,1.0
claim,0.19718309859154928,1.0
normalize,0.19718309859154928,1.0
living,0.19718309859154928,1.0
prosperity,0.19718309859154928,1.0
post,0.19718309859154928,1.0
enormous,0.19718309859154928,1.0
retain,0.19718309859154928,1.0
deflation,0.19718309859154928,1.0
effects,0.19718309859154928,1.0
fear,0.19718309859154928,1.0
costly,0.19718309859154928,1.0
incoming,0.19718309859154928,1.0
valuable,0.19718309859154928,1.0
direction,0.19718309859154928,1.0
regular,0.19718309859154928,1.0
complement,0.19718309859154928,1.0
simply,0.19718309859154928,1.0
century,0.19718309859154928,1.0
generate,0.19718309859154928,1.0
thought,0.19718309859154928,1.0
holder,0.19718309859154928,1.0
intensification,0.19718309859154928,1.0
worth,0.19718309859154928,1.0
cyclical,0.19718309859154928,1.0
p.,0.19718309859154928,1.0
taxpayer,0.19718309859154928,1.0
pp,0.19718309859154928,1.0
thrift,0.19718309859154928,1.0
decide,0.19718309859154928,1.0
actual,0.19718309859154928,1.0
assistance,0.19718309859154928,1.0
replace,0.19718309859154928,1.0
michael,0.19718309859154928,1.0
burden,0.19718309859154928,1.0
b.,0.19718309859154928,1.0
stearns,0.19718309859154928,1.0
americans,0.18309859154929578,1.0
kingdom,0.18309859154929578,1.0
confident,0.18309859154929578,1.0
equipment,0.18309859154929578,1.0
strongly,0.18309859154929578,1.0
restrictive,0.18309859154929578,1.0
lay,0.18309859154929578,1.0
unable,0.18309859154929578,1.0
technical,0.18309859154929578,1.0
reinforce,0.18309859154929578,1.0
accounting,0.18309859154929578,1.0
absorb,0.18309859154929578,1.0
natural,0.18309859154929578,1.0
wholesale,0.18309859154929578,1.0
frequently,0.18309859154929578,1.0
repair,0.18309859154929578,1.0
stop,0.18309859154929578,1.0
detailed,0.18309859154929578,1.0
forthcoming,0.18309859154929578,1.0
beneficial,0.18309859154929578,1.0
forcefully,0.18309859154929578,1.0
age,0.18309859154929578,1.0
reliance,0.18309859154929578,1.0
balanced,0.18309859154929578,1.0
head,0.18309859154929578,1.0
empirical,0.18309859154929578,1.0
disorderly,0.18309859154929578,1.0
j.,0.18309859154929578,1.0
c.,0.18309859154929578,1.0
remove,0.18309859154929578,1.0
consensus,0.18309859154929578,1.0
entity,0.18309859154929578,1.0
advance,0.18309859154929578,1.0
matter,0.18309859154929578,1.0
chicago,0.18309859154929578,1.0
unemployed,0.18309859154929578,1.0
get,0.18309859154929578,1.0
street,0.18309859154929578,1.0
final,0.18309859154929578,1.0
coordinated,0.18309859154929578,1.0
idea,0.18309859154929578,1.0
clearing,0.18309859154929578,1.0
downside,0.18309859154929578,1.0
d.,0.18309859154929578,1.0
judgment,0.18309859154929578,1.0
struggle,0.18309859154929578,1.0
assurance,0.18309859154929578,1.0
aggressively,0.18309859154929578,1.0
invest,0.18309859154929578,1.0
distressed,0.18309859154929578,1.0
participation,0.18309859154929578,1.0
social,0.18309859154929578,1.0
expertise,0.18309859154929578,1.0
incorporate,0.18309859154929578,1.0
institutions,0.18309859154929578,1.0
exclude,0.18309859154929578,1.0
wage,0.18309859154929578,1.0
motivate,0.18309859154929578,1.0
m.,0.18309859154929578,1.0
signal,0.18309859154929578,1.0
anchor,0.18309859154929578,1.0
slowly,0.18309859154929578,1.0
counter,0.18309859154929578,1.0
severely,0.18309859154929578,1.0
approve,0.18309859154929578,1.0
supplement,0.18309859154929578,1.0
examine,0.18309859154929578,1.0
explanation,0.18309859154929578,1.0
intervention,0.18309859154929578,1.0
recommend,0.18309859154929578,1.0
margin,0.18309859154929578,1.0
break,0.18309859154929578,1.0
disrupt,0.18309859154929578,1.0
prudential,0.18309859154929578,1.0
observe,0.18309859154929578,1.0
examiner,0.18309859154929578,1.0
refer,0.18309859154929578,1.0
homeowner,0.18309859154929578,1.0
association,0.18309859154929578,1.0
internal,0.18309859154929578,1.0
debate,0.18309859154929578,1.0
euro,0.16901408450704225,1.0
club,0.16901408450704225,1.0
movement,0.16901408450704225,1.0
shortly,0.16901408450704225,1.0
emphasis,0.16901408450704225,1.0
wealth,0.16901408450704225,1.0
knowledge,0.16901408450704225,1.0
insight,0.16901408450704225,1.0
acquisition,0.16901408450704225,1.0
building,0.16901408450704225,1.0
book,0.16901408450704225,1.0
precisely,0.16901408450704225,1.0
expert,0.16901408450704225,1.0
correspond,0.16901408450704225,1.0
contain,0.16901408450704225,1.0
drag,0.16901408450704225,1.0
software,0.16901408450704225,1.0
adapt,0.16901408450704225,1.0
overhang,0.16901408450704225,1.0
cushion,0.16901408450704225,1.0
unwinding,0.16901408450704225,1.0
slowing,0.16901408450704225,1.0
internationally,0.16901408450704225,1.0
widely,0.16901408450704225,1.0
observation,0.16901408450704225,1.0
exit,0.16901408450704225,1.0
counterparty,0.16901408450704225,1.0
interagency,0.16901408450704225,1.0
exception,0.16901408450704225,1.0
formation,0.16901408450704225,1.0
consolidated,0.16901408450704225,1.0
formal,0.16901408450704225,1.0
associated,0.16901408450704225,1.0
collectively,0.16901408450704225,1.0
modern,0.16901408450704225,1.0
update,0.16901408450704225,1.0
repo,0.16901408450704225,1.0
persistent,0.16901408450704225,1.0
daniel,0.16901408450704225,1.0
onset,0.16901408450704225,1.0
communicate,0.16901408450704225,1.0
pull,0.16901408450704225,1.0
consultation,0.16901408450704225,1.0
challenging,0.16901408450704225,1.0
settlement,0.16901408450704225,1.0
wyo,0.16901408450704225,1.0
interconnect,0.16901408450704225,1.0
desire,0.16901408450704225,1.0
simple,0.16901408450704225,1.0
population,0.16901408450704225,1.0
society,0.16901408450704225,1.0
academic,0.16901408450704225,1.0
thing,0.16901408450704225,1.0
trajectory,0.16901408450704225,1.0
urge,0.16901408450704225,1.0
spillover,0.16901408450704225,1.0
adequately,0.16901408450704225,1.0
collective,0.16901408450704225,1.0
repay,0.16901408450704225,1.0
monthly,0.16901408450704225,1.0
easily,0.16901408450704225,1.0
operational,0.16901408450704225,1.0
aware,0.16901408450704225,1.0
write,0.16901408450704225,1.0
prime,0.16901408450704225,1.0
restrict,0.16901408450704225,1.0
feel,0.16901408450704225,1.0
withstand,0.16901408450704225,1.0
poorly,0.16901408450704225,1.0
non,0.16901408450704225,1.0
treatment,0.16901408450704225,1.0
fortunately,0.16901408450704225,1.0
evaluation,0.16901408450704225,1.0
priority,0.16901408450704225,1.0
material,0.16901408450704225,1.0
proposal,0.16901408450704225,1.0
criterion,0.16901408450704225,1.0
concerned,0.16901408450704225,1.0
america,0.16901408450704225,1.0
hire,0.16901408450704225,1.0
secretary,0.16901408450704225,1.0
news,0.16901408450704225,1.0
diminish,0.16901408450704225,1.0
fragile,0.16901408450704225,1.0
insure,0.16901408450704225,1.0
statistical,0.15492957746478872,1.0
tradeoff,0.15492957746478872,1.0
observer,0.15492957746478872,1.0
lehman,0.15492957746478872,1.0
taxis,0.15492957746478872,1.0
prudent,0.15492957746478872,1.0
excessively,0.15492957746478872,1.0
status,0.15492957746478872,1.0
avert,0.15492957746478872,1.0
mbs,0.15492957746478872,1.0
bound,0.15492957746478872,1.0
nonfinancial,0.15492957746478872,1.0
impede,0.15492957746478872,1.0
unlikely,0.15492957746478872,1.0
drain,0.15492957746478872,1.0
fee,0.15492957746478872,1.0
reading,0.15492957746478872,1.0
outline,0.15492957746478872,1.0
aig,0.15492957746478872,1.0
practical,0.15492957746478872,1.0
practices,0.15492957746478872,1.0
initially,0.15492957746478872,1.0
concerted,0.15492957746478872,1.0
brian,0.15492957746478872,1.0
additionally,0.15492957746478872,1.0
heighten,0.15492957746478872,1.0
similarly,0.15492957746478872,1.0
vacant,0.15492957746478872,1.0
surge,0.15492957746478872,1.0
answer,0.15492957746478872,1.0
region,0.15492957746478872,1.0
nber,0.15492957746478872,1.0
critically,0.15492957746478872,1.0
era,0.15492957746478872,1.0
aid,0.15492957746478872,1.0
bolster,0.15492957746478872,1.0
collateralized,0.15492957746478872,1.0
list,0.15492957746478872,1.0
depositor,0.15492957746478872,1.0
extreme,0.15492957746478872,1.0
freely,0.15492957746478872,1.0
ensue,0.15492957746478872,1.0
policies,0.15492957746478872,1.0
tendency,0.15492957746478872,1.0
likelihood,0.15492957746478872,1.0
lie,0.15492957746478872,1.0
body,0.15492957746478872,1.0
dependent,0.15492957746478872,1.0
roll,0.15492957746478872,1.0
tough,0.15492957746478872,1.0
actually,0.15492957746478872,1.0
accountability,0.15492957746478872,1.0
w.,0.15492957746478872,1.0
boston,0.15492957746478872,1.0
energy,0.15492957746478872,1.0
education,0.15492957746478872,1.0
fluctuation,0.15492957746478872,1.0
mass.,0.15492957746478872,1.0
andrew,0.15492957746478872,1.0
data,0.15492957746478872,1.0
setting,0.15492957746478872,1.0
buildup,0.15492957746478872,1.0
section,0.15492957746478872,1.0
innovative,0.15492957746478872,1.0
entirely,0.15492957746478872,1.0
revision,0.15492957746478872,1.0
enable,0.15492957746478872,1.0
welcome,0.15492957746478872,1.0
papers,0.15492957746478872,1.0
initial,0.15492957746478872,1.0
away,0.15492957746478872,1.0
brookings,0.15492957746478872,1.0
familiar,0.15492957746478872,1.0
accumulate,0.15492957746478872,1.0
true,0.15492957746478872,1.0
timing,0.14084507042253522,1.0
opinion,0.14084507042253522,1.0
mind,0.14084507042253522,1.0
fundamentally,0.14084507042253522,1.0
horizon,0.14084507042253522,1.0
toolkit,0.14084507042253522,1.0
liquidation,0.14084507042253522,1.0
swing,0.14084507042253522,1.0
japanese,0.14084507042253522,1.0
numerous,0.14084507042253522,1.0
distribute,0.14084507042253522,1.0
tranche,0.14084507042253522,1.0
expansionary,0.14084507042253522,1.0
conduit,0.14084507042253522,1.0
hit,0.14084507042253522,1.0
london,0.14084507042253522,1.0
joseph,0.14084507042253522,1.0
existence,0.14084507042253522,1.0
inhibit,0.14084507042253522,1.0
middle,0.14084507042253522,1.0
hazard,0.14084507042253522,1.0
text,0.14084507042253522,1.0
accommodate,0.14084507042253522,1.0
spirit,0.14084507042253522,1.0
shut,0.14084507042253522,1.0
morning,0.14084507042253522,1.0
shadow,0.14084507042253522,1.0
distress,0.14084507042253522,1.0
unwind,0.14084507042253522,1.0
robert,0.14084507042253522,1.0
sudden,0.14084507042253522,1.0
charles,0.14084507042253522,1.0
core,0.14084507042253522,1.0
lag,0.14084507042253522,1.0
securitize,0.14084507042253522,1.0
resilient,0.14084507042253522,1.0
swiss,0.14084507042253522,1.0
forceful,0.14084507042253522,1.0
proactive,0.14084507042253522,1.0
slightly,0.14084507042253522,1.0
1930,0.14084507042253522,1.0
entire,0.14084507042253522,1.0
1990,0.14084507042253522,1.0
cautious,0.14084507042253522,1.0
assist,0.14084507042253522,1.0
bust,0.14084507042253522,1.0
utilization,0.14084507042253522,1.0
homebuyer,0.14084507042253522,1.0
reaction,0.14084507042253522,1.0
conjunction,0.14084507042253522,1.0
decrease,0.14084507042253522,1.0
weight,0.14084507042253522,1.0
rationale,0.14084507042253522,1.0
encouraging,0.14084507042253522,1.0
sovereign,0.14084507042253522,1.0
promise,0.14084507042253522,1.0
dysfunction,0.14084507042253522,1.0
food,0.14084507042253522,1.0
inflationary,0.14084507042253522,1.0
magnitude,0.14084507042253522,1.0
persist,0.14084507042253522,1.0
segment,0.14084507042253522,1.0
comparable,0.14084507042253522,1.0
label,0.14084507042253522,1.0
crises,0.14084507042253522,1.0
track,0.14084507042253522,1.0
james,0.14084507042253522,1.0
division,0.14084507042253522,1.0
one,0.14084507042253522,1.0
notable,0.14084507042253522,1.0
moral,0.14084507042253522,1.0
depress,0.14084507042253522,1.0
vulnerable,0.14084507042253522,1.0
concentration,0.14084507042253522,1.0
jpmorgan,0.14084507042253522,1.0
fulfil,0.14084507042253522,1.0
officer,0.14084507042253522,1.0
chase,0.14084507042253522,1.0
minister,0.14084507042253522,1.0
straightforward,0.14084507042253522,1.0
owner,0.14084507042253522,1.0
dependence,0.14084507042253522,1.0
obviously,0.14084507042253522,1.0
subdue,0.14084507042253522,1.0
globe,0.14084507042253522,1.0
solvency,0.14084507042253522,1.0
attain,0.14084507042253522,1.0
fire,0.14084507042253522,1.0
ed,0.14084507042253522,1.0
sizable,0.14084507042253522,1.0
workforce,0.14084507042253522,1.0
rates,0.14084507042253522,1.0
commensurate,0.14084507042253522,1.0
opaque,0.14084507042253522,1.0
description,0.14084507042253522,1.0
consist,0.14084507042253522,1.0
brothers,0.14084507042253522,1.0
meaningful,0.14084507042253522,1.0
immediately,0.1267605633802817,1.0
immediate,0.1267605633802817,1.0
switzerland,0.1267605633802817,1.0
e.,0.1267605633802817,1.0
attractive,0.1267605633802817,1.0
intervene,0.1267605633802817,1.0
literature,0.1267605633802817,1.0
border,0.1267605633802817,1.0
eventually,0.1267605633802817,1.0
adequacy,0.1267605633802817,1.0
steven,0.1267605633802817,1.0
sort,0.1267605633802817,1.0
persistently,0.1267605633802817,1.0
buyer,0.1267605633802817,1.0
countercyclical,0.1267605633802817,1.0
resume,0.1267605633802817,1.0
touch,0.1267605633802817,1.0
efficient,0.1267605633802817,1.0
publication,0.1267605633802817,1.0
ready,0.1267605633802817,1.0
defense,0.1267605633802817,1.0
meltdown,0.1267605633802817,1.0
impaired,0.1267605633802817,1.0
intention,0.1267605633802817,1.0
shortfall,0.1267605633802817,1.0
attribute,0.1267605633802817,1.0
favorable,0.1267605633802817,1.0
necessarily,0.1267605633802817,1.0
multiple,0.1267605633802817,1.0
profit,0.1267605633802817,1.0
vigorous,0.1267605633802817,1.0
presumably,0.1267605633802817,1.0
explore,0.1267605633802817,1.0
collateralize,0.1267605633802817,1.0
bankruptcy,0.1267605633802817,1.0
employee,0.1267605633802817,1.0
characteristic,0.1267605633802817,1.0
independently,0.1267605633802817,1.0
realize,0.1267605633802817,1.0
incomplete,0.1267605633802817,1.0
devote,0.1267605633802817,1.0
dry,0.1267605633802817,1.0
import,0.1267605633802817,1.0
disappointing,0.1267605633802817,1.0
leveraged,0.1267605633802817,1.0
issuer,0.1267605633802817,1.0
transition,0.1267605633802817,1.0
remarkably,0.1267605633802817,1.0
hardship,0.1267605633802817,1.0
perfect,0.1267605633802817,1.0
unnecessary,0.1267605633802817,1.0
mission,0.1267605633802817,1.0
previously,0.1267605633802817,1.0
surplus,0.1267605633802817,1.0
efficiency,0.1267605633802817,1.0
guard,0.1267605633802817,1.0
mismatch,0.1267605633802817,1.0
bagehot,0.1267605633802817,1.0
phenomenon,0.1267605633802817,1.0
bubble,0.1267605633802817,1.0
shareholder,0.1267605633802817,1.0
aversion,0.1267605633802817,1.0
specify,0.1267605633802817,1.0
triparty,0.1267605633802817,1.0
blow,0.1267605633802817,1.0
subdued,0.1267605633802817,1.0
leadership,0.1267605633802817,1.0
island,0.1267605633802817,1.0
repayment,0.1267605633802817,1.0
gradual,0.1267605633802817,1.0
counterproductive,0.1267605633802817,1.0
reaffirm,0.1267605633802817,1.0
equivalent,0.1267605633802817,1.0
bulk,0.1267605633802817,1.0
aftermath,0.1267605633802817,1.0
conflict,0.1267605633802817,1.0
prepared,0.1267605633802817,1.0
road,0.1267605633802817,1.0
feedback,0.1267605633802817,1.0
outflow,0.1267605633802817,1.0
mid,0.1267605633802817,1.0
foreclose,0.1267605633802817,1.0
t.,0.1267605633802817,1.0
rebound,0.1267605633802817,1.0
stressed,0.1267605633802817,1.0
chain,0.1267605633802817,1.0
remind,0.1267605633802817,1.0
adjustable,0.1267605633802817,1.0
definition,0.1267605633802817,1.0
materially,0.1267605633802817,1.0
announcement,0.1267605633802817,1.0
securitized,0.1267605633802817,1.0
impetus,0.1267605633802817,1.0
allocate,0.1267605633802817,1.0
mutually,0.1267605633802817,1.0
richmond,0.1267605633802817,1.0
pursuit,0.1267605633802817,1.0
surround,0.1267605633802817,1.0
school,0.1267605633802817,1.0
researcher,0.1267605633802817,1.0
union,0.1267605633802817,1.0
conditional,0.1267605633802817,1.0
prospective,0.1267605633802817,1.0
ample,0.1267605633802817,1.0
assure,0.1267605633802817,1.0
distinction,0.1267605633802817,1.0
partly,0.1267605633802817,1.0
markedly,0.1267605633802817,1.0
maintenance,0.1267605633802817,1.0
unlike,0.1267605633802817,1.0
san,0.1267605633802817,1.0
urgently,0.1267605633802817,1.0
substitute,0.1267605633802817,1.0
wind,0.1267605633802817,1.0
flight,0.1267605633802817,1.0
renew,0.1267605633802817,1.0
feasible,0.1267605633802817,1.0
challenges,0.1267605633802817,1.0
advice,0.1267605633802817,1.0
transmission,0.1267605633802817,1.0
fight,0.1267605633802817,1.0
francisco,0.11267605633802817,1.0
germany,0.11267605633802817,1.0
cite,0.11267605633802817,1.0
strike,0.11267605633802817,1.0
lombard,0.11267605633802817,1.0
aaa,0.11267605633802817,1.0
hop,0.11267605633802817,1.0
modify,0.11267605633802817,1.0
frequent,0.11267605633802817,1.0
compromise,0.11267605633802817,1.0
dislocation,0.11267605633802817,1.0
trust,0.11267605633802817,1.0
restriction,0.11267605633802817,1.0
capitalize,0.11267605633802817,1.0
enhanced,0.11267605633802817,1.0
emergence,0.11267605633802817,1.0
north,0.11267605633802817,1.0
steady,0.11267605633802817,1.0
risky,0.11267605633802817,1.0
employer,0.11267605633802817,1.0
prices,0.11267605633802817,1.0
sentiment,0.11267605633802817,1.0
integrate,0.11267605633802817,1.0
strive,0.11267605633802817,1.0
usual,0.11267605633802817,1.0
british,0.11267605633802817,1.0
gary,0.11267605633802817,1.0
hiring,0.11267605633802817,1.0
china,0.11267605633802817,1.0
policymake,0.11267605633802817,1.0
references,0.11267605633802817,1.0
widen,0.11267605633802817,1.0
enact,0.11267605633802817,1.0
entail,0.11267605633802817,1.0
regional,0.11267605633802817,1.0
contingent,0.11267605633802817,1.0
ga.,0.11267605633802817,1.0
background,0.11267605633802817,1.0
newly,0.11267605633802817,1.0
purely,0.11267605633802817,1.0
studies,0.11267605633802817,1.0
principally,0.11267605633802817,1.0
tap,0.11267605633802817,1.0
obvious,0.11267605633802817,1.0
gather,0.11267605633802817,1.0
own,0.11267605633802817,1.0
cumulative,0.11267605633802817,1.0
settle,0.11267605633802817,1.0
jointly,0.11267605633802817,1.0
precipitate,0.11267605633802817,1.0
pricing,0.11267605633802817,1.0
preference,0.11267605633802817,1.0
retirement,0.11267605633802817,1.0
reluctance,0.11267605633802817,1.0
duration,0.11267605633802817,1.0
conservatorship,0.11267605633802817,1.0
collaborate,0.11267605633802817,1.0
join,0.11267605633802817,1.0
circle,0.11267605633802817,1.0
send,0.11267605633802817,1.0
inappropriate,0.11267605633802817,1.0
william,0.11267605633802817,1.0
fragility,0.11267605633802817,1.0
accomplish,0.11267605633802817,1.0
complementary,0.11267605633802817,1.0
training,0.11267605633802817,1.0
hurt,0.11267605633802817,1.0
formulate,0.11267605633802817,1.0
simultaneous,0.11267605633802817,1.0
inconsistent,0.11267605633802817,1.0
frank,0.11267605633802817,1.0
unusually,0.11267605633802817,1.0
field,0.11267605633802817,1.0
remarkable,0.11267605633802817,1.0
strained,0.11267605633802817,1.0
walter,0.11267605633802817,1.0
worldwide,0.11267605633802817,1.0
arm,0.11267605633802817,1.0
overcome,0.11267605633802817,1.0
homeownership,0.11267605633802817,1.0
twice,0.11267605633802817,1.0
broaden,0.11267605633802817,1.0
rescue,0.11267605633802817,1.0
affordable,0.11267605633802817,1.0
reference,0.11267605633802817,1.0
picture,0.11267605633802817,1.0
manager,0.11267605633802817,1.0
main,0.11267605633802817,1.0
chart,0.11267605633802817,1.0
advocate,0.11267605633802817,1.0
wish,0.11267605633802817,1.0
introduction,0.11267605633802817,1.0
explicitly,0.11267605633802817,1.0
secured,0.11267605633802817,1.0
precede,0.11267605633802817,1.0
inject,0.11267605633802817,1.0
minute,0.11267605633802817,1.0
align,0.11267605633802817,1.0
million,0.11267605633802817,1.0
regardless,0.11267605633802817,1.0
jeffrey,0.11267605633802817,1.0
encompass,0.11267605633802817,1.0
authorize,0.11267605633802817,1.0
earn,0.11267605633802817,1.0
manufacturing,0.11267605633802817,1.0
distribution,0.11267605633802817,1.0
deficiency,0.11267605633802817,1.0
turbulence,0.11267605633802817,1.0
pickup,0.11267605633802817,1.0
testimony,0.11267605633802817,1.0
professional,0.11267605633802817,1.0
college,0.11267605633802817,1.0
backed,0.11267605633802817,1.0
bilateral,0.11267605633802817,1.0
secondary,0.11267605633802817,1.0
calm,0.11267605633802817,1.0
drawback,0.11267605633802817,1.0
governance,0.11267605633802817,1.0
collect,0.11267605633802817,1.0
letter,0.11267605633802817,1.0
accessible,0.11267605633802817,1.0
smooth,0.11267605633802817,1.0
paul,0.11267605633802817,1.0
variation,0.11267605633802817,1.0
traditionally,0.11267605633802817,1.0
young,0.11267605633802817,1.0
aging,0.11267605633802817,1.0
issues,0.11267605633802817,1.0
weather,0.11267605633802817,1.0
prominently,0.11267605633802817,1.0
technology,0.11267605633802817,1.0
statistic,0.11267605633802817,1.0
thinking,0.11267605633802817,1.0
unsustainable,0.11267605633802817,1.0
overview,0.11267605633802817,1.0
interpret,0.11267605633802817,1.0
simultaneously,0.11267605633802817,1.0
injection,0.11267605633802817,1.0
repos,0.11267605633802817,1.0
treat,0.11267605633802817,1.0
talf,0.11267605633802817,1.0
valuation,0.11267605633802817,1.0
permanent,0.11267605633802817,1.0
couple,0.11267605633802817,1.0
achievement,0.11267605633802817,1.0
probability,0.11267605633802817,1.0
measurement,0.11267605633802817,1.0
match,0.11267605633802817,1.0
conform,0.11267605633802817,1.0
vitality,0.11267605633802817,1.0
devastating,0.09859154929577464,1.0
message,0.09859154929577464,1.0
exhibit,0.09859154929577464,1.0
decisive,0.09859154929577464,1.0
implicit,0.09859154929577464,1.0
wake,0.09859154929577464,1.0
systematic,0.09859154929577464,1.0
supervisors,0.09859154929577464,1.0
backup,0.09859154929577464,1.0
reality,0.09859154929577464,1.0
sphere,0.09859154929577464,1.0
downgrade,0.09859154929577464,1.0
narrowly,0.09859154929577464,1.0
nontraditional,0.09859154929577464,1.0
determination,0.09859154929577464,1.0
conservative,0.09859154929577464,1.0
interpretation,0.09859154929577464,1.0
institute,0.09859154929577464,1.0
check,0.09859154929577464,1.0
technological,0.09859154929577464,1.0
technique,0.09859154929577464,1.0
painful,0.09859154929577464,1.0
curve,0.09859154929577464,1.0
aside,0.09859154929577464,1.0
compensate,0.09859154929577464,1.0
prudently,0.09859154929577464,1.0
programs,0.09859154929577464,1.0
govern,0.09859154929577464,1.0
williams,0.09859154929577464,1.0
understandably,0.09859154929577464,1.0
kind,0.09859154929577464,1.0
minimal,0.09859154929577464,1.0
elaborate,0.09859154929577464,1.0
limitation,0.09859154929577464,1.0
testing,0.09859154929577464,1.0
stimulative,0.09859154929577464,1.0
ceiling,0.09859154929577464,1.0
hedge,0.09859154929577464,1.0
underlying,0.09859154929577464,1.0
vacancy,0.09859154929577464,1.0
underwater,0.09859154929577464,1.0
retrospect,0.09859154929577464,1.0
reflection,0.09859154929577464,1.0
transitory,0.09859154929577464,1.0
weakening,0.09859154929577464,1.0
financially,0.09859154929577464,1.0
wall,0.09859154929577464,1.0
reports,0.09859154929577464,1.0
intermediation,0.09859154929577464,1.0
metric,0.09859154929577464,1.0
shrink,0.09859154929577464,1.0
contagion,0.09859154929577464,1.0
unit,0.09859154929577464,1.0
afford,0.09859154929577464,1.0
higher,0.09859154929577464,1.0
agent,0.09859154929577464,1.0
independence,0.09859154929577464,1.0
regulated,0.09859154929577464,1.0
stay,0.09859154929577464,1.0
quote,0.09859154929577464,1.0
subsidiary,0.09859154929577464,1.0
handle,0.09859154929577464,1.0
utility,0.09859154929577464,1.0
norm,0.09859154929577464,1.0
score,0.09859154929577464,1.0
making,0.09859154929577464,1.0
cooperate,0.09859154929577464,1.0
party,0.09859154929577464,1.0
recall,0.09859154929577464,1.0
raskin,0.09859154929577464,1.0
accountable,0.09859154929577464,1.0
revisit,0.09859154929577464,1.0
designate,0.09859154929577464,1.0
origination,0.09859154929577464,1.0
arbitrage,0.09859154929577464,1.0
supportive,0.09859154929577464,1.0
cambridge,0.09859154929577464,1.0
benchmark,0.09859154929577464,1.0
analyst,0.09859154929577464,1.0
infer,0.09859154929577464,1.0
edge,0.09859154929577464,1.0
undesirable,0.09859154929577464,1.0
schedule,0.09859154929577464,1.0
fairly,0.09859154929577464,1.0
original,0.09859154929577464,1.0
vital,0.09859154929577464,1.0
historic,0.09859154929577464,1.0
sack,0.09859154929577464,1.0
assign,0.09859154929577464,1.0
vigilant,0.09859154929577464,1.0
doubtless,0.09859154929577464,1.0
optimal,0.09859154929577464,1.0
successfully,0.09859154929577464,1.0
variable,0.09859154929577464,1.0
urban,0.09859154929577464,1.0
inflict,0.09859154929577464,1.0
comprise,0.09859154929577464,1.0
neighborhood,0.09859154929577464,1.0
proceeding,0.09859154929577464,1.0
transmit,0.09859154929577464,1.0
speed,0.09859154929577464,1.0
economically,0.09859154929577464,1.0
shake,0.09859154929577464,1.0
horizontal,0.09859154929577464,1.0
inevitably,0.09859154929577464,1.0
fair,0.09859154929577464,1.0
1980,0.09859154929577464,1.0
inevitable,0.09859154929577464,1.0
establishment,0.09859154929577464,1.0
presence,0.09859154929577464,1.0
settlements,0.09859154929577464,1.0
co,0.09859154929577464,1.0
depressed,0.09859154929577464,1.0
dodd,0.09859154929577464,1.0
deviation,0.09859154929577464,1.0
surely,0.09859154929577464,1.0
version,0.09859154929577464,1.0
intermediary,0.09859154929577464,1.0
reportedly,0.09859154929577464,1.0
outlay,0.09859154929577464,1.0
ecb,0.09859154929577464,1.0
elevate,0.09859154929577464,1.0
endanger,0.09859154929577464,1.0
marked,0.09859154929577464,1.0
perspectives,0.09859154929577464,1.0
refine,0.09859154929577464,1.0
few,0.09859154929577464,1.0
author,0.09859154929577464,1.0
affairs,0.09859154929577464,1.0
agenda,0.09859154929577464,1.0
title,0.09859154929577464,1.0
augment,0.09859154929577464,1.0
foreclosed,0.09859154929577464,1.0
mount,0.09859154929577464,1.0
durable,0.09859154929577464,1.0
f.,0.09859154929577464,1.0
optimistic,0.09859154929577464,1.0
plausible,0.09859154929577464,1.0
borrowers,0.09859154929577464,1.0
generation,0.09859154929577464,1.0
relief,0.09859154929577464,1.0
confirm,0.09859154929577464,1.0
composition,0.09859154929577464,1.0
fulfill,0.09859154929577464,1.0
illiquidity,0.09859154929577464,1.0
involvement,0.09859154929577464,1.0
budgetary,0.09859154929577464,1.0
cope,0.09859154929577464,1.0
restraint,0.09859154929577464,1.0
trough,0.09859154929577464,1.0
naturally,0.09859154929577464,1.0
forecaster,0.09859154929577464,1.0
equally,0.09859154929577464,1.0
dramatic,0.09859154929577464,1.0
language,0.09859154929577464,1.0
consistently,0.09859154929577464,1.0
react,0.09859154929577464,1.0
satisfy,0.09859154929577464,1.0
deleverage,0.09859154929577464,1.0
decisionmake,0.09859154929577464,1.0
summarize,0.09859154929577464,1.0
statistics,0.09859154929577464,1.0
periodic,0.09859154929577464,1.0
king,0.09859154929577464,1.0
diversity,0.09859154929577464,1.0
life,0.09859154929577464,1.0
pool,0.09859154929577464,1.0
depreciation,0.09859154929577464,1.0
legislative,0.09859154929577464,1.0
prescription,0.09859154929577464,1.0
richard,0.09859154929577464,1.0
cluster,0.09859154929577464,1.0
dictum,0.09859154929577464,1.0
barrier,0.09859154929577464,1.0
steep,0.09859154929577464,1.0
comparative,0.09859154929577464,1.0
jean,0.08450704225352113,1.0
indirectly,0.08450704225352113,1.0
attitude,0.08450704225352113,1.0
combat,0.08450704225352113,1.0
unacceptable,0.08450704225352113,1.0
curtail,0.08450704225352113,1.0
person,0.08450704225352113,1.0
succeed,0.08450704225352113,1.0
routinely,0.08450704225352113,1.0
gold,0.08450704225352113,1.0
shed,0.08450704225352113,1.0
spill,0.08450704225352113,1.0
u.k.,0.08450704225352113,1.0
proximate,0.08450704225352113,1.0
reifschneider,0.08450704225352113,1.0
constructive,0.08450704225352113,1.0
official,0.08450704225352113,1.0
prediction,0.08450704225352113,1.0
cleveland,0.08450704225352113,1.0
calibrate,0.08450704225352113,1.0
deem,0.08450704225352113,1.0
va.,0.08450704225352113,1.0
miss,0.08450704225352113,1.0
gagnon,0.08450704225352113,1.0
recede,0.08450704225352113,1.0
thomas,0.08450704225352113,1.0
shortage,0.08450704225352113,1.0
kiley,0.08450704225352113,1.0
nellie,0.08450704225352113,1.0
collection,0.08450704225352113,1.0
breakdown,0.08450704225352113,1.0
merger,0.08450704225352113,1.0
blue,0.08450704225352113,1.0
car,0.08450704225352113,1.0
magnify,0.08450704225352113,1.0
divide,0.08450704225352113,1.0
display,0.08450704225352113,1.0
feed,0.08450704225352113,1.0
raw,0.08450704225352113,1.0
median,0.08450704225352113,1.0
worry,0.08450704225352113,1.0
discretion,0.08450704225352113,1.0
characterize,0.08450704225352113,1.0
toll,0.08450704225352113,1.0
last,0.08450704225352113,1.0
execute,0.08450704225352113,1.0
delay,0.08450704225352113,1.0
rest,0.08450704225352113,1.0
daunting,0.08450704225352113,1.0
absent,0.08450704225352113,1.0
damp,0.08450704225352113,1.0
panacea,0.08450704225352113,1.0
averse,0.08450704225352113,1.0
correction,0.08450704225352113,1.0
redemption,0.08450704225352113,1.0
driver,0.08450704225352113,1.0
owe,0.08450704225352113,1.0
pdcf,0.08450704225352113,1.0
a.,0.08450704225352113,1.0
digit,0.08450704225352113,1.0
originator,0.08450704225352113,1.0
historian,0.08450704225352113,1.0
calculation,0.08450704225352113,1.0
erosion,0.08450704225352113,1.0
temporarily,0.08450704225352113,1.0
madigan,0.08450704225352113,1.0
supplementary,0.08450704225352113,1.0
alan,0.08450704225352113,1.0
publicly,0.08450704225352113,1.0
specialist,0.08450704225352113,1.0
typical,0.08450704225352113,1.0
purchases,0.08450704225352113,1.0
puzzle,0.08450704225352113,1.0
respective,0.08450704225352113,1.0
fuhrer,0.08450704225352113,1.0
isolation,0.08450704225352113,1.0
policymaking,0.08450704225352113,1.0
contrary,0.08450704225352113,1.0
spike,0.08450704225352113,1.0
orientation,0.08450704225352113,1.0
smoothly,0.08450704225352113,1.0
hour,0.08450704225352113,1.0
lately,0.08450704225352113,1.0
interesting,0.08450704225352113,1.0
committed,0.08450704225352113,1.0
mainly,0.08450704225352113,1.0
l.,0.08450704225352113,1.0
proper,0.08450704225352113,1.0
catch,0.08450704225352113,1.0
root,0.08450704225352113,1.0
intensive,0.08450704225352113,1.0
calculate,0.08450704225352113,1.0
hypothetical,0.08450704225352113,1.0
profile,0.08450704225352113,1.0
diagnosis,0.08450704225352113,1.0
martin,0.08450704225352113,1.0
susceptible,0.08450704225352113,1.0
sophisticated,0.08450704225352113,1.0
albeit,0.08450704225352113,1.0
theme,0.08450704225352113,1.0
concentrate,0.08450704225352113,1.0
motor,0.08450704225352113,1.0
qualify,0.08450704225352113,1.0
slump,0.08450704225352113,1.0
undermine,0.08450704225352113,1.0
unwelcome,0.08450704225352113,1.0
attentive,0.08450704225352113,1.0
oversee,0.08450704225352113,1.0
france,0.08450704225352113,1.0
ill,0.08450704225352113,1.0
cooperative,0.08450704225352113,1.0
bar,0.08450704225352113,1.0
analytical,0.08450704225352113,1.0
partial,0.08450704225352113,1.0
destabilize,0.08450704225352113,1.0
translate,0.08450704225352113,1.0
graduate,0.08450704225352113,1.0
dangerous,0.08450704225352113,1.0
kim,0.08450704225352113,1.0
eye,0.08450704225352113,1.0
shape,0.08450704225352113,1.0
adoption,0.08450704225352113,1.0
threshold,0.08450704225352113,1.0
embed,0.08450704225352113,1.0
origin,0.08450704225352113,1.0
projections,0.08450704225352113,1.0
founding,0.08450704225352113,1.0
liang,0.08450704225352113,1.0
consolidation,0.08450704225352113,1.0
surprisingly,0.08450704225352113,1.0
truly,0.08450704225352113,1.0
"buck""--that",0.08450704225352113,1.0
individually,0.08450704225352113,1.0
deeply,0.08450704225352113,1.0
volcker,0.08450704225352113,1.0
presumption,0.08450704225352113,1.0
stringent,0.08450704225352113,1.0
adversely,0.08450704225352113,1.0
deploy,0.08450704225352113,1.0
trace,0.08450704225352113,1.0
systemwide,0.08450704225352113,1.0
black,0.08450704225352113,1.0
exotic,0.08450704225352113,1.0
firmwide,0.08450704225352113,1.0
guideline,0.08450704225352113,1.0
stigma,0.08450704225352113,1.0
organize,0.08450704225352113,1.0
expense,0.08450704225352113,1.0
pronounced,0.08450704225352113,1.0
incur,0.08450704225352113,1.0
exactly,0.08450704225352113,1.0
launch,0.08450704225352113,1.0
reversal,0.08450704225352113,1.0
hinder,0.08450704225352113,1.0
destabilizing,0.08450704225352113,1.0
sec,0.08450704225352113,1.0
microprudential,0.08450704225352113,1.0
negotiation,0.08450704225352113,1.0
intellectual,0.08450704225352113,1.0
douglas,0.08450704225352113,1.0
imminent,0.08450704225352113,1.0
resist,0.08450704225352113,1.0
reporting,0.08450704225352113,1.0
human,0.08450704225352113,1.0
competitiveness,0.08450704225352113,1.0
floor,0.08450704225352113,1.0
select,0.08450704225352113,1.0
optimism,0.08450704225352113,1.0
constant,0.08450704225352113,1.0
properly,0.08450704225352113,1.0
baby,0.08450704225352113,1.0
k.,0.08450704225352113,1.0
interact,0.08450704225352113,1.0
minimum,0.08450704225352113,1.0
sight,0.08450704225352113,1.0
reduced,0.08450704225352113,1.0
partially,0.08450704225352113,1.0
correct,0.08450704225352113,1.0
vicious,0.08450704225352113,1.0
anniversary,0.08450704225352113,1.0
reorient,0.08450704225352113,1.0
governmental,0.08450704225352113,1.0
attack,0.08450704225352113,1.0
impressive,0.08450704225352113,1.0
disaster,0.08450704225352113,1.0
user,0.08450704225352113,1.0
coverage,0.08450704225352113,1.0
documentation,0.08450704225352113,1.0
unwilling,0.08450704225352113,1.0
automatically,0.08450704225352113,1.0
raising,0.08450704225352113,1.0
story,0.08450704225352113,1.0
municipal,0.08450704225352113,1.0
bout,0.08450704225352113,1.0
worried,0.08450704225352113,1.0
execution,0.08450704225352113,1.0
uneven,0.08450704225352113,1.0
desk,0.08450704225352113,1.0
plus,0.08450704225352113,1.0
novel,0.08450704225352113,1.0
imf,0.08450704225352113,1.0
implications,0.08450704225352113,1.0
hear,0.08450704225352113,1.0
slowdown,0.08450704225352113,1.0
tentative,0.08450704225352113,1.0
capable,0.08450704225352113,1.0
surface,0.07042253521126761,1.0
julie,0.07042253521126761,1.0
network,0.07042253521126761,1.0
outreach,0.07042253521126761,1.0
ginnie,0.07042253521126761,1.0
fashion,0.07042253521126761,1.0
co.,0.07042253521126761,1.0
confine,0.07042253521126761,1.0
applicable,0.07042253521126761,1.0
side,0.07042253521126761,1.0
insolvency,0.07042253521126761,1.0
brink,0.07042253521126761,1.0
warn,0.07042253521126761,1.0
down,0.07042253521126761,1.0
competition,0.07042253521126761,1.0
centennial,0.07042253521126761,1.0
billion,0.07042253521126761,1.0
reinveste,0.07042253521126761,1.0
sweden,0.07042253521126761,1.0
mexico,0.07042253521126761,1.0
scrutiny,0.07042253521126761,1.0
giovanni,0.07042253521126761,1.0
integration,0.07042253521126761,1.0
promising,0.07042253521126761,1.0
disposal,0.07042253521126761,1.0
stefania,0.07042253521126761,1.0
automobile,0.07042253521126761,1.0
systems,0.07042253521126761,1.0
appoint,0.07042253521126761,1.0
diana,0.07042253521126761,1.0
compete,0.07042253521126761,1.0
footing,0.07042253521126761,1.0
hancock,0.07042253521126761,1.0
disadvantage,0.07042253521126761,1.0
wilson,0.07042253521126761,1.0
nonprofit,0.07042253521126761,1.0
protract,0.07042253521126761,1.0
director,0.07042253521126761,1.0
profitable,0.07042253521126761,1.0
reassure,0.07042253521126761,1.0
wrong,0.07042253521126761,1.0
kenneth,0.07042253521126761,1.0
operating,0.07042253521126761,1.0
illustration,0.07042253521126761,1.0
tools,0.07042253521126761,1.0
abruptly,0.07042253521126761,1.0
friedman,0.07042253521126761,1.0
certificate,0.07042253521126761,1.0
firmly,0.07042253521126761,1.0
hundred,0.07042253521126761,1.0
safeguard,0.07042253521126761,1.0
matthew,0.07042253521126761,1.0
recourse,0.07042253521126761,1.0
inquiry,0.07042253521126761,1.0
exigent,0.07042253521126761,1.0
cooperatively,0.07042253521126761,1.0
insolvent,0.07042253521126761,1.0
affiliate,0.07042253521126761,1.0
unduly,0.07042253521126761,1.0
alleviate,0.07042253521126761,1.0
submit,0.07042253521126761,1.0
science,0.07042253521126761,1.0
absolute,0.07042253521126761,1.0
loom,0.07042253521126761,1.0
vigorously,0.07042253521126761,1.0
desirable,0.07042253521126761,1.0
disclose,0.07042253521126761,1.0
spark,0.07042253521126761,1.0
jump,0.07042253521126761,1.0
intensively,0.07042253521126761,1.0
surveillance,0.07042253521126761,1.0
underestimate,0.07042253521126761,1.0
patient,0.07042253521126761,1.0
ambitious,0.07042253521126761,1.0
haircut,0.07042253521126761,1.0
formally,0.07042253521126761,1.0
request,0.07042253521126761,1.0
d'amico,0.07042253521126761,1.0
underwrite,0.07042253521126761,1.0
envision,0.07042253521126761,1.0
invite,0.07042253521126761,1.0
proactively,0.07042253521126761,1.0
host,0.07042253521126761,1.0
zealand,0.07042253521126761,1.0
appetite,0.07042253521126761,1.0
schwartz,0.07042253521126761,1.0
grade,0.07042253521126761,1.0
anchoring,0.07042253521126761,1.0
expected,0.07042253521126761,1.0
solely,0.07042253521126761,1.0
latitude,0.07042253521126761,1.0
hoard,0.07042253521126761,1.0
amplify,0.07042253521126761,1.0
continuation,0.07042253521126761,1.0
audience,0.07042253521126761,1.0
numerical,0.07042253521126761,1.0
efficacy,0.07042253521126761,1.0
converge,0.07042253521126761,1.0
hamilton,0.07042253521126761,1.0
de,0.07042253521126761,1.0
restoration,0.07042253521126761,1.0
politically,0.07042253521126761,1.0
halt,0.07042253521126761,1.0
compliance,0.07042253521126761,1.0
deliberation,0.07042253521126761,1.0
advise,0.07042253521126761,1.0
dissipate,0.07042253521126761,1.0
rogoff,0.07042253521126761,1.0
child,0.07042253521126761,1.0
safely,0.07042253521126761,1.0
immune,0.07042253521126761,1.0
dimension,0.07042253521126761,1.0
refinancing,0.07042253521126761,1.0
taf,0.07042253521126761,1.0
external,0.07042253521126761,1.0
construct,0.07042253521126761,1.0
trends,0.07042253521126761,1.0
dot,0.07042253521126761,1.0
repeat,0.07042253521126761,1.0
headline,0.07042253521126761,1.0
creditworthiness,0.07042253521126761,1.0
caution,0.07042253521126761,1.0
focused,0.07042253521126761,1.0
overheat,0.07042253521126761,1.0
transfer,0.07042253521126761,1.0
watch,0.07042253521126761,1.0
asian,0.07042253521126761,1.0
resiliency,0.07042253521126761,1.0
grip,0.07042253521126761,1.0
team,0.07042253521126761,1.0
standards,0.07042253521126761,1.0
1970,0.07042253521126761,1.0
moderately,0.07042253521126761,1.0
opening,0.07042253521126761,1.0
escape,0.07042253521126761,1.0
painfully,0.07042253521126761,1.0
spiral,0.07042253521126761,1.0
competitive,0.07042253521126761,1.0
unpublished,0.07042253521126761,1.0
gorton,0.07042253521126761,1.0
princeton,0.07042253521126761,1.0
brunnermeier,0.07042253521126761,1.0
fha,0.07042253521126761,1.0
surprise,0.07042253521126761,1.0
file,0.07042253521126761,1.0
lengthen,0.07042253521126761,1.0
favor,0.07042253521126761,1.0
enforce,0.07042253521126761,1.0
servicer,0.07042253521126761,1.0
correlation,0.07042253521126761,1.0
sons,0.07042253521126761,1.0
markus,0.07042253521126761,1.0
scribner,0.07042253521126761,1.0
unfamiliar,0.07042253521126761,1.0
commentator,0.07042253521126761,1.0
chance,0.07042253521126761,1.0
efficiently,0.07042253521126761,1.0
apparently,0.07042253521126761,1.0
medicare,0.07042253521126761,1.0
endure,0.07042253521126761,1.0
unsecured,0.07042253521126761,1.0
unstable,0.07042253521126761,1.0
servicing,0.07042253521126761,1.0
contingency,0.07042253521126761,1.0
glenn,0.07042253521126761,1.0
watershed,0.07042253521126761,1.0
testify,0.07042253521126761,1.0
occupy,0.07042253521126761,1.0
g.,0.07042253521126761,1.0
writedown,0.07042253521126761,1.0
principles,0.07042253521126761,1.0
analogy,0.07042253521126761,1.0
representative,0.07042253521126761,1.0
massive,0.07042253521126761,1.0
overhaul,0.07042253521126761,1.0
behalf,0.07042253521126761,1.0
prepayment,0.07042253521126761,1.0
coming,0.07042253521126761,1.0
qualified,0.07042253521126761,1.0
daily,0.07042253521126761,1.0
california,0.07042253521126761,1.0
motivation,0.07042253521126761,1.0
survive,0.07042253521126761,1.0
covitz,0.07042253521126761,1.0
administrative,0.07042253521126761,1.0
methodology,0.07042253521126761,1.0
alike,0.07042253521126761,1.0
convert,0.07042253521126761,1.0
search,0.07042253521126761,1.0
gauge,0.07042253521126761,1.0
oppose,0.07042253521126761,1.0
rebuild,0.07042253521126761,1.0
meaningfully,0.07042253521126761,1.0
disappear,0.07042253521126761,1.0
experiment,0.07042253521126761,1.0
disruptive,0.07042253521126761,1.0
attributable,0.07042253521126761,1.0
room,0.07042253521126761,1.0
pilot,0.07042253521126761,1.0
attend,0.07042253521126761,1.0
location,0.07042253521126761,1.0
peter,0.07042253521126761,1.0
ignore,0.07042253521126761,1.0
engineering,0.07042253521126761,1.0
abate,0.07042253521126761,1.0
convey,0.07042253521126761,1.0
minneapolis,0.07042253521126761,1.0
hamper,0.07042253521126761,1.0
live,0.07042253521126761,1.0
extra,0.07042253521126761,1.0
round,0.07042253521126761,1.0
pleasure,0.07042253521126761,1.0
affordability,0.07042253521126761,1.0
chair,0.07042253521126761,1.0
unique,0.07042253521126761,1.0
remache,0.07042253521126761,1.0
homebuilding,0.07042253521126761,1.0
contemporary,0.07042253521126761,1.0
badly,0.07042253521126761,1.0
third,0.07042253521126761,1.0
preliminary,0.07042253521126761,1.0
delinquent,0.07042253521126761,1.0
procyclicality,0.07042253521126761,1.0
taylor,0.07042253521126761,1.0
industrialize,0.07042253521126761,1.0
unsold,0.07042253521126761,1.0
membership,0.07042253521126761,1.0
pension,0.07042253521126761,1.0
confer,0.07042253521126761,1.0
rochelle,0.07042253521126761,1.0
document,0.07042253521126761,1.0
suppose,0.07042253521126761,1.0
expectations,0.07042253521126761,1.0
navigate,0.07042253521126761,1.0
anticipation,0.07042253521126761,1.0
regain,0.07042253521126761,1.0
precise,0.07042253521126761,1.0
rational,0.07042253521126761,1.0
fluctuate,0.07042253521126761,1.0
democratic,0.07042253521126761,1.0
acute,0.07042253521126761,1.0
insulate,0.07042253521126761,1.0
code,0.07042253521126761,1.0
realistic,0.07042253521126761,1.0
equilibrium,0.07042253521126761,1.0
concept,0.07042253521126761,1.0
woodford,0.07042253521126761,1.0
extensively,0.07042253521126761,1.0
nonresidential,0.07042253521126761,1.0
midst,0.07042253521126761,1.0
parallel,0.07042253521126761,1.0
penalty,0.07042253521126761,1.0
legislator,0.07042253521126761,1.0
south,0.07042253521126761,1.0
span,0.07042253521126761,1.0
multidisciplinary,0.07042253521126761,1.0
soar,0.07042253521126761,1.0
beth,0.056338028169014086,1.0
deter,0.056338028169014086,1.0
iii,0.056338028169014086,1.0
herbert,0.056338028169014086,1.0
dominant,0.056338028169014086,1.0
demographic,0.056338028169014086,1.0
restart,0.056338028169014086,1.0
dark,0.056338028169014086,1.0
count,0.056338028169014086,1.0
milton,0.056338028169014086,1.0
passmore,0.056338028169014086,1.0
diamond,0.056338028169014086,1.0
viable,0.056338028169014086,1.0
unsafe,0.056338028169014086,1.0
abandon,0.056338028169014086,1.0
rent,0.056338028169014086,1.0
wayne,0.056338028169014086,1.0
com,0.056338028169014086,1.0
differential,0.056338028169014086,1.0
officially,0.056338028169014086,1.0
dominate,0.056338028169014086,1.0
vigor,0.056338028169014086,1.0
producer,0.056338028169014086,1.0
tightness,0.056338028169014086,1.0
overstate,0.056338028169014086,1.0
laforte,0.056338028169014086,1.0
promotion,0.056338028169014086,1.0
admittedly,0.056338028169014086,1.0
redeem,0.056338028169014086,1.0
warning,0.056338028169014086,1.0
toughen,0.056338028169014086,1.0
win,0.056338028169014086,1.0
overdraft,0.056338028169014086,1.0
ameliorate,0.056338028169014086,1.0
unavailable,0.056338028169014086,1.0
relation,0.056338028169014086,1.0
dire,0.056338028169014086,1.0
buck,0.056338028169014086,1.0
factors,0.056338028169014086,1.0
frustratingly,0.056338028169014086,1.0
eggertsson,0.056338028169014086,1.0
appreciably,0.056338028169014086,1.0
allude,0.056338028169014086,1.0
plunge,0.056338028169014086,1.0
white,0.056338028169014086,1.0
occ,0.056338028169014086,1.0
cpi,0.056338028169014086,1.0
slide,0.056338028169014086,1.0
simulation,0.056338028169014086,1.0
philippe,0.056338028169014086,1.0
hearing,0.056338028169014086,1.0
inherent,0.056338028169014086,1.0
chapter,0.056338028169014086,1.0
reputational,0.056338028169014086,1.0
purchasing,0.056338028169014086,1.0
lessons,0.056338028169014086,1.0
gauti,0.056338028169014086,1.0
bailout,0.056338028169014086,1.0
preferred,0.056338028169014086,1.0
encouragement,0.056338028169014086,1.0
ccar,0.056338028169014086,1.0
estimated,0.056338028169014086,1.0
hypothesis,0.056338028169014086,1.0
deflationary,0.056338028169014086,1.0
guess,0.056338028169014086,1.0
pce,0.056338028169014086,1.0
differently,0.056338028169014086,1.0
arrest,0.056338028169014086,1.0
philip,0.056338028169014086,1.0
uninsured,0.056338028169014086,1.0
session,0.056338028169014086,1.0
locate,0.056338028169014086,1.0
plummet,0.056338028169014086,1.0
articulate,0.056338028169014086,1.0
means,0.056338028169014086,1.0
overly,0.056338028169014086,1.0
fit,0.056338028169014086,1.0
interconnectedness,0.056338028169014086,1.0
nationally,0.056338028169014086,1.0
unavoidable,0.056338028169014086,1.0
pew,0.056338028169014086,1.0
viability,0.056338028169014086,1.0
predictable,0.056338028169014086,1.0
educational,0.056338028169014086,1.0
1960,0.056338028169014086,1.0
foresee,0.056338028169014086,1.0
cbo,0.056338028169014086,1.0
donald,0.056338028169014086,1.0
impediment,0.056338028169014086,1.0
bottom,0.056338028169014086,1.0
nondepository,0.056338028169014086,1.0
amid,0.056338028169014086,1.0
exceptional,0.056338028169014086,1.0
supplier,0.056338028169014086,1.0
companies,0.056338028169014086,1.0
premature,0.056338028169014086,1.0
sit,0.056338028169014086,1.0
d.c.,0.056338028169014086,1.0
edward,0.056338028169014086,1.0
striking,0.056338028169014086,1.0
overcollateralize,0.056338028169014086,1.0
impossible,0.056338028169014086,1.0
restructure,0.056338028169014086,1.0
perception,0.056338028169014086,1.0
unjustified,0.056338028169014086,1.0
educate,0.056338028169014086,1.0
automatic,0.056338028169014086,1.0
insurer,0.056338028169014086,1.0
receipt,0.056338028169014086,1.0
dysfunctional,0.056338028169014086,1.0
approval,0.056338028169014086,1.0
normalization,0.056338028169014086,1.0
christopher,0.056338028169014086,1.0
sharing,0.056338028169014086,1.0
versus,0.056338028169014086,1.0
train,0.056338028169014086,1.0
grave,0.056338028169014086,1.0
reiterate,0.056338028169014086,1.0
crime,0.056338028169014086,1.0
outweigh,0.056338028169014086,1.0
rank,0.056338028169014086,1.0
solvent,0.056338028169014086,1.0
perfectly,0.056338028169014086,1.0
us,0.056338028169014086,1.0
short-,0.056338028169014086,1.0
disinflation,0.056338028169014086,1.0
constitute,0.056338028169014086,1.0
vice,0.056338028169014086,1.0
eric,0.056338028169014086,1.0
crowd,0.056338028169014086,1.0
deplete,0.056338028169014086,1.0
friend,0.056338028169014086,1.0
decisively,0.056338028169014086,1.0
inherently,0.056338028169014086,1.0
closing,0.056338028169014086,1.0
prohibit,0.056338028169014086,1.0
abrupt,0.056338028169014086,1.0
microeconomic,0.056338028169014086,1.0
worsening,0.056338028169014086,1.0
kohn,0.056338028169014086,1.0
migrate,0.056338028169014086,1.0
levin,0.056338028169014086,1.0
frame,0.056338028169014086,1.0
congratulate,0.056338028169014086,1.0
cap,0.056338028169014086,1.0
celebrate,0.056338028169014086,1.0
found,0.056338028169014086,1.0
undoubtedly,0.056338028169014086,1.0
squeeze,0.056338028169014086,1.0
virginia,0.056338028169014086,1.0
trouble,0.056338028169014086,1.0
jeopardize,0.056338028169014086,1.0
mb,0.056338028169014086,1.0
dividend,0.056338028169014086,1.0
citizen,0.056338028169014086,1.0
reinhart,0.056338028169014086,1.0
hubbard,0.056338028169014086,1.0
maynard,0.056338028169014086,1.0
west,0.056338028169014086,1.0
honor,0.056338028169014086,1.0
1920s,0.056338028169014086,1.0
recurrence,0.056338028169014086,1.0
contact,0.056338028169014086,1.0
entitlement,0.056338028169014086,1.0
stein,0.056338028169014086,1.0
rumor,0.056338028169014086,1.0
korea,0.056338028169014086,1.0
lawrence,0.056338028169014086,1.0
attachment,0.056338028169014086,1.0
netherlands,0.056338028169014086,1.0
realization,0.056338028169014086,1.0
quotation,0.056338028169014086,1.0
g-,0.056338028169014086,1.0
unattractive,0.056338028169014086,1.0
worthwhile,0.056338028169014086,1.0
persistence,0.056338028169014086,1.0
creatively,0.056338028169014086,1.0
array,0.056338028169014086,1.0
popular,0.056338028169014086,1.0
prone,0.056338028169014086,1.0
elect,0.056338028169014086,1.0
luncheon,0.056338028169014086,1.0
mandated,0.056338028169014086,1.0
respectively,0.056338028169014086,1.0
responsive,0.056338028169014086,1.0
jing,0.056338028169014086,1.0
mindful,0.056338028169014086,1.0
resumption,0.056338028169014086,1.0
diego,0.056338028169014086,1.0
vote,0.056338028169014086,1.0
enjoy,0.056338028169014086,1.0
olivei,0.056338028169014086,1.0
spell,0.056338028169014086,1.0
texas,0.056338028169014086,1.0
fallout,0.056338028169014086,1.0
accelerate,0.056338028169014086,1.0
scarce,0.056338028169014086,1.0
attract,0.056338028169014086,1.0
prolong,0.056338028169014086,1.0
allocation,0.056338028169014086,1.0
greenspan,0.056338028169014086,1.0
katherine,0.056338028169014086,1.0
instructive,0.056338028169014086,1.0
cycles,0.056338028169014086,1.0
fuel,0.056338028169014086,1.0
wu,0.056338028169014086,1.0
asia,0.056338028169014086,1.0
retire,0.056338028169014086,1.0
medicaid,0.056338028169014086,1.0
jobless,0.056338028169014086,1.0
cpff,0.056338028169014086,1.0
wait,0.056338028169014086,1.0
distinguish,0.056338028169014086,1.0
preventable,0.056338028169014086,1.0
culture,0.056338028169014086,1.0
accurate,0.056338028169014086,1.0
retrace,0.056338028169014086,1.0
sr,0.056338028169014086,1.0
setback,0.056338028169014086,1.0
modestly,0.056338028169014086,1.0
negotiate,0.056338028169014086,1.0
invoke,0.056338028169014086,1.0
prefer,0.056338028169014086,1.0
contractual,0.056338028169014086,1.0
interested,0.056338028169014086,1.0
proliferate,0.056338028169014086,1.0
physical,0.056338028169014086,1.0
sensible,0.056338028169014086,1.0
subside,0.056338028169014086,1.0
logic,0.056338028169014086,1.0
libor,0.056338028169014086,1.0
circulation,0.056338028169014086,1.0
promptly,0.056338028169014086,1.0
overwhelm,0.056338028169014086,1.0
maximize,0.056338028169014086,1.0
technically,0.056338028169014086,1.0
storm,0.056338028169014086,1.0
merit,0.056338028169014086,1.0
qualitative,0.056338028169014086,1.0
discovery,0.056338028169014086,1.0
reliability,0.056338028169014086,1.0
reciprocal,0.056338028169014086,1.0
ground,0.056338028169014086,1.0
premise,0.056338028169014086,1.0
orphanides,0.056338028169014086,1.0
scheme,0.056338028169014086,1.0
abcp,0.056338028169014086,1.0
profitability,0.056338028169014086,1.0
usefulness,0.056338028169014086,1.0
deficient,0.056338028169014086,1.0
susceptibility,0.056338028169014086,1.0
daunt,0.056338028169014086,1.0
unrelated,0.056338028169014086,1.0
invaluable,0.056338028169014086,1.0
relevance,0.056338028169014086,1.0
globalize,0.056338028169014086,1.0
crash,0.056338028169014086,1.0
fare,0.056338028169014086,1.0
predetermine,0.056338028169014086,1.0
speculative,0.056338028169014086,1.0
mistake,0.056338028169014086,1.0
voluntary,0.056338028169014086,1.0
unconditional,0.056338028169014086,1.0
indirect,0.056338028169014086,1.0
mandatory,0.056338028169014086,1.0
otc,0.056338028169014086,1.0
operations,0.056338028169014086,1.0
affected,0.056338028169014086,1.0
recoup,0.056338028169014086,1.0
concert,0.056338028169014086,1.0
insufficiently,0.056338028169014086,1.0
fsf,0.056338028169014086,1.0
ownership,0.056338028169014086,1.0
separate,0.056338028169014086,1.0
accuracy,0.056338028169014086,1.0
dynamism,0.056338028169014086,1.0
architecture,0.056338028169014086,1.0
forget,0.056338028169014086,1.0
literally,0.056338028169014086,1.0
enforcement,0.056338028169014086,1.0
stake,0.056338028169014086,1.0
recur,0.056338028169014086,1.0
unanticipated,0.056338028169014086,1.0
sized,0.056338028169014086,1.0
quick,0.056338028169014086,1.0
frequency,0.056338028169014086,1.0
obstacle,0.056338028169014086,1.0
hallmark,0.056338028169014086,1.0
bankers,0.056338028169014086,1.0
positioned,0.056338028169014086,1.0
keenly,0.056338028169014086,1.0
rollover,0.056338028169014086,1.0
liquidate,0.056338028169014086,1.0
fraction,0.056338028169014086,1.0
satellite,0.056338028169014086,1.0
intraday,0.056338028169014086,1.0
gathering,0.056338028169014086,1.0
forth,0.056338028169014086,1.0
sensitive,0.056338028169014086,1.0
engagement,0.056338028169014086,1.0
hardly,0.056338028169014086,1.0
unfold,0.056338028169014086,1.0
complicate,0.056338028169014086,1.0
tslf,0.056338028169014086,1.0
loop,0.056338028169014086,1.0
tailor,0.056338028169014086,1.0
incidence,0.056338028169014086,1.0
tarp,0.056338028169014086,1.0
rare,0.056338028169014086,1.0
respondent,0.056338028169014086,1.0
st.,0.056338028169014086,1.0
deceptive,0.056338028169014086,1.0
experimentation,0.056338028169014086,1.0
procyclical,0.056338028169014086,1.0
soften,0.056338028169014086,1.0
shortcoming,0.056338028169014086,1.0
evening,0.056338028169014086,1.0
combined,0.056338028169014086,1.0
authorization,0.056338028169014086,1.0
trim,0.056338028169014086,1.0
eds,0.056338028169014086,1.0
flawed,0.056338028169014086,1.0
outstrip,0.056338028169014086,1.0
legislature,0.056338028169014086,1.0
dynamics,0.056338028169014086,1.0
upside,0.056338028169014086,1.0
athanasios,0.056338028169014086,1.0
recognition,0.056338028169014086,1.0
unfair,0.056338028169014086,1.0
baseline,0.056338028169014086,1.0
louis,0.056338028169014086,1.0
idiosyncratic,0.056338028169014086,1.0
rules,0.056338028169014086,1.0
recipient,0.056338028169014086,1.0
lax,0.056338028169014086,1.0
sea,0.056338028169014086,1.0
lecture,0.056338028169014086,1.0
commonly,0.056338028169014086,1.0
moderation,0.056338028169014086,1.0
theoretical,0.056338028169014086,1.0
imperfect,0.056338028169014086,1.0
recapitalize,0.056338028169014086,1.0
econometric,0.056338028169014086,1.0
inference,0.056338028169014086,1.0
sophistication,0.056338028169014086,1.0
problematic,0.056338028169014086,1.0
jumbo,0.056338028169014086,1.0
adviser,0.056338028169014086,1.0
enhancement,0.056338028169014086,1.0
capture,0.056338028169014086,1.0
alert,0.056338028169014086,1.0
actions,0.056338028169014086,1.0
discounting,0.04225352112676056,1.0
economies,0.04225352112676056,1.0
ordinary,0.04225352112676056,1.0
exact,0.04225352112676056,1.0
vertical,0.04225352112676056,1.0
extrapolate,0.04225352112676056,1.0
imperative,0.04225352112676056,1.0
exert,0.04225352112676056,1.0
axis,0.04225352112676056,1.0
ticket,0.04225352112676056,1.0
experiences,0.04225352112676056,1.0
finite,0.04225352112676056,1.0
detect,0.04225352112676056,1.0
flat,0.04225352112676056,1.0
assert,0.04225352112676056,1.0
preparation,0.04225352112676056,1.0
anne,0.04225352112676056,1.0
jekyll,0.04225352112676056,1.0
incidentally,0.04225352112676056,1.0
craft,0.04225352112676056,1.0
notion,0.04225352112676056,1.0
interconnected,0.04225352112676056,1.0
discourage,0.04225352112676056,1.0
configuration,0.04225352112676056,1.0
obligations,0.04225352112676056,1.0
pwg,0.04225352112676056,1.0
globalization,0.04225352112676056,1.0
predictability,0.04225352112676056,1.0
exporter,0.04225352112676056,1.0
engender,0.04225352112676056,1.0
receivership,0.04225352112676056,1.0
pronounce,0.04225352112676056,1.0
predominant,0.04225352112676056,1.0
compel,0.04225352112676056,1.0
belief,0.04225352112676056,1.0
weekend,0.04225352112676056,1.0
clearinghouse,0.04225352112676056,1.0
services,0.04225352112676056,1.0
eastern,0.04225352112676056,1.0
harm,0.04225352112676056,1.0
revive,0.04225352112676056,1.0
preexist,0.04225352112676056,1.0
creativity,0.04225352112676056,1.0
representatives,0.04225352112676056,1.0
parameter,0.04225352112676056,1.0
democracy,0.04225352112676056,1.0
tier,0.04225352112676056,1.0
site,0.04225352112676056,1.0
town,0.04225352112676056,1.0
suspend,0.04225352112676056,1.0
auditor,0.04225352112676056,1.0
quasi,0.04225352112676056,1.0
cumulate,0.04225352112676056,1.0
midyear,0.04225352112676056,1.0
height,0.04225352112676056,1.0
fortune,0.04225352112676056,1.0
mixed,0.04225352112676056,1.0
cascade,0.04225352112676056,1.0
inadvertently,0.04225352112676056,1.0
red,0.04225352112676056,1.0
speculate,0.04225352112676056,1.0
dash,0.04225352112676056,1.0
justice,0.04225352112676056,1.0
complicated,0.04225352112676056,1.0
continuous,0.04225352112676056,1.0
surcharge,0.04225352112676056,1.0
maker,0.04225352112676056,1.0
scholar,0.04225352112676056,1.0
latin,0.04225352112676056,1.0
rationalize,0.04225352112676056,1.0
inspector,0.04225352112676056,1.0
sterling,0.04225352112676056,1.0
usefully,0.04225352112676056,1.0
distinguished,0.04225352112676056,1.0
filing,0.04225352112676056,1.0
english,0.04225352112676056,1.0
originally,0.04225352112676056,1.0
wave,0.04225352112676056,1.0
contend,0.04225352112676056,1.0
coin,0.04225352112676056,1.0
comprehensively,0.04225352112676056,1.0
space,0.04225352112676056,1.0
rigorous,0.04225352112676056,1.0
continually,0.04225352112676056,1.0
repeatedly,0.04225352112676056,1.0
terrorist,0.04225352112676056,1.0
frustration,0.04225352112676056,1.0
equitable,0.04225352112676056,1.0
reflections,0.04225352112676056,1.0
readily,0.04225352112676056,1.0
prolonged,0.04225352112676056,1.0
formulation,0.04225352112676056,1.0
sage,0.04225352112676056,1.0
distort,0.04225352112676056,1.0
risks,0.04225352112676056,1.0
brokerage,0.04225352112676056,1.0
russell,0.04225352112676056,1.0
command,0.04225352112676056,1.0
1930s,0.04225352112676056,1.0
disagree,0.04225352112676056,1.0
convenient,0.04225352112676056,1.0
teeter,0.04225352112676056,1.0
counterpart,0.04225352112676056,1.0
correctly,0.04225352112676056,1.0
saver,0.04225352112676056,1.0
excellent,0.04225352112676056,1.0
bonus,0.04225352112676056,1.0
lengthy,0.04225352112676056,1.0
firms,0.04225352112676056,1.0
game,0.04225352112676056,1.0
sifi,0.04225352112676056,1.0
abide,0.04225352112676056,1.0
full,0.04225352112676056,1.0
conceivably,0.04225352112676056,1.0
creative,0.04225352112676056,1.0
wane,0.04225352112676056,1.0
refrain,0.04225352112676056,1.0
unexpectedly,0.04225352112676056,1.0
conserve,0.04225352112676056,1.0
n.j.,0.04225352112676056,1.0
dybvig,0.04225352112676056,1.0
stanley,0.04225352112676056,1.0
accumulation,0.04225352112676056,1.0
runs,0.04225352112676056,1.0
mmiff,0.04225352112676056,1.0
overlap,0.04225352112676056,1.0
comply,0.04225352112676056,1.0
consume,0.04225352112676056,1.0
1990s,0.04225352112676056,1.0
idle,0.04225352112676056,1.0
precipitously,0.04225352112676056,1.0
noninterest,0.04225352112676056,1.0
deserve,0.04225352112676056,1.0
freezing,0.04225352112676056,1.0
dissuade,0.04225352112676056,1.0
empower,0.04225352112676056,1.0
obsolete,0.04225352112676056,1.0
collateralization,0.04225352112676056,1.0
domestically,0.04225352112676056,1.0
player,0.04225352112676056,1.0
franklin,0.04225352112676056,1.0
up,0.04225352112676056,1.0
circulate,0.04225352112676056,1.0
glut,0.04225352112676056,1.0
origins,0.04225352112676056,1.0
privately,0.04225352112676056,1.0
adrian,0.04225352112676056,1.0
suitable,0.04225352112676056,1.0
hall,0.04225352112676056,1.0
soft,0.04225352112676056,1.0
reputation,0.04225352112676056,1.0
interdependency,0.04225352112676056,1.0
award,0.04225352112676056,1.0
scap,0.04225352112676056,1.0
favorably,0.04225352112676056,1.0
certainty,0.04225352112676056,1.0
sachs,0.04225352112676056,1.0
ricardo,0.04225352112676056,1.0
wei,0.04225352112676056,1.0
tobias,0.04225352112676056,1.0
questionable,0.04225352112676056,1.0
amlf,0.04225352112676056,1.0
goals,0.04225352112676056,1.0
popularly,0.04225352112676056,1.0
executive,0.04225352112676056,1.0
timeliness,0.04225352112676056,1.0
southern,0.04225352112676056,1.0
read,0.04225352112676056,1.0
garner,0.04225352112676056,1.0
lieu,0.04225352112676056,1.0
lift,0.04225352112676056,1.0
consequential,0.04225352112676056,1.0
resemblance,0.04225352112676056,1.0
proud,0.04225352112676056,1.0
undertaking,0.04225352112676056,1.0
ottawa,0.04225352112676056,1.0
propagate,0.04225352112676056,1.0
duty,0.04225352112676056,1.0
rethink,0.04225352112676056,1.0
neil,0.04225352112676056,1.0
nonprime,0.04225352112676056,1.0
medium-,0.04225352112676056,1.0
personnel,0.04225352112676056,1.0
underpin,0.04225352112676056,1.0
defuse,0.04225352112676056,1.0
separation,0.04225352112676056,1.0
ontario,0.04225352112676056,1.0
surprising,0.04225352112676056,1.0
macroeconomist,0.04225352112676056,1.0
actor,0.04225352112676056,1.0
outsized,0.04225352112676056,1.0
sluggish,0.04225352112676056,1.0
prudence,0.04225352112676056,1.0
pierre,0.04225352112676056,1.0
entrepreneurial,0.04225352112676056,1.0
consequent,0.04225352112676056,1.0
integrity,0.04225352112676056,1.0
disincentive,0.04225352112676056,1.0
disinflationary,0.04225352112676056,1.0
liberalization,0.04225352112676056,1.0
centre,0.04225352112676056,1.0
upper,0.04225352112676056,1.0
nonmonetary,0.04225352112676056,1.0
affair,0.04225352112676056,1.0
freeze,0.04225352112676056,1.0
autonomy,0.04225352112676056,1.0
intent,0.04225352112676056,1.0
exempt,0.04225352112676056,1.0
recapitalization,0.04225352112676056,1.0
unfortunate,0.04225352112676056,1.0
tackle,0.04225352112676056,1.0
footnote,0.04225352112676056,1.0
census,0.04225352112676056,1.0
annually,0.04225352112676056,1.0
wallace,0.04225352112676056,1.0
campbell,0.04225352112676056,1.0
disproportionately,0.04225352112676056,1.0
wherewithal,0.04225352112676056,1.0
precipitous,0.04225352112676056,1.0
conditions,0.04225352112676056,1.0
reset,0.04225352112676056,1.0
pessimistic,0.04225352112676056,1.0
controversy,0.04225352112676056,1.0
elimination,0.04225352112676056,1.0
noticeably,0.04225352112676056,1.0
cynthia,0.04225352112676056,1.0
pen,0.04225352112676056,1.0
forecasters,0.04225352112676056,1.0
crop,0.04225352112676056,1.0
disappointingly,0.04225352112676056,1.0
organizer,0.04225352112676056,1.0
periodically,0.04225352112676056,1.0
joyce,0.04225352112676056,1.0
diligent,0.04225352112676056,1.0
proportion,0.04225352112676056,1.0
â,0.04225352112676056,1.0
sterilize,0.04225352112676056,1.0
eichengreen,0.04225352112676056,1.0
immobilize,0.04225352112676056,1.0
overheating,0.04225352112676056,1.0
rebalance,0.04225352112676056,1.0
rebalancing,0.04225352112676056,1.0
writing,0.04225352112676056,1.0
gasoline,0.04225352112676056,1.0
stubbornly,0.04225352112676056,1.0
krishnamurthy,0.04225352112676056,1.0
expensive,0.04225352112676056,1.0
famous,0.04225352112676056,1.0
marketwide,0.04225352112676056,1.0
landscape,0.04225352112676056,1.0
sep,0.04225352112676056,1.0
unchanged,0.04225352112676056,1.0
arrange,0.04225352112676056,1.0
beveridge,0.04225352112676056,1.0
fill,0.04225352112676056,1.0
passage,0.04225352112676056,1.0
classical,0.04225352112676056,1.0
pervasive,0.04225352112676056,1.0
healing,0.04225352112676056,1.0
taxation,0.04225352112676056,1.0
discretionary,0.04225352112676056,1.0
seed,0.04225352112676056,1.0
sow,0.04225352112676056,1.0
reassert,0.04225352112676056,1.0
deliberative,0.04225352112676056,1.0
sacrifice,0.04225352112676056,1.0
buyout,0.04225352112676056,1.0
multi,0.04225352112676056,1.0
military,0.04225352112676056,1.0
stated,0.04225352112676056,1.0
tsunami,0.04225352112676056,1.0
scramble,0.04225352112676056,1.0
frbsf,0.04225352112676056,1.0
approximately,0.04225352112676056,1.0
argument,0.04225352112676056,1.0
dictate,0.04225352112676056,1.0
momentum,0.04225352112676056,1.0
decomposition,0.04225352112676056,1.0
substantive,0.04225352112676056,1.0
steadily,0.04225352112676056,1.0
countries,0.04225352112676056,1.0
futures,0.04225352112676056,1.0
interestingly,0.04225352112676056,1.0
jae,0.04225352112676056,1.0
vision,0.04225352112676056,1.0
anna,0.04225352112676056,1.0
marketable,0.04225352112676056,1.0
removal,0.04225352112676056,1.0
targeting,0.04225352112676056,1.0
imbalances,0.04225352112676056,1.0
lsap,0.04225352112676056,1.0
alignment,0.04225352112676056,1.0
yellen,0.04225352112676056,1.0
frb,0.04225352112676056,1.0
panel,0.04225352112676056,1.0
channels,0.04225352112676056,1.0
contemporaneous,0.04225352112676056,1.0
shop,0.04225352112676056,1.0
bid,0.04225352112676056,1.0
nelson,0.04225352112676056,1.0
postmeete,0.04225352112676056,1.0
jane,0.04225352112676056,1.0
alt,0.04225352112676056,1.0
cliff,0.04225352112676056,1.0
hess,0.04225352112676056,1.0
corresponding,0.04225352112676056,1.0
left,0.04225352112676056,1.0
stakeholder,0.04225352112676056,1.0
rochester,0.04225352112676056,1.0
chung,0.04225352112676056,1.0
truth,0.04225352112676056,1.0
table,0.04225352112676056,1.0
retreat,0.04225352112676056,1.0
undue,0.04225352112676056,1.0
african,0.04225352112676056,1.0
workweek,0.04225352112676056,1.0
adult,0.04225352112676056,1.0
blueprint,0.04225352112676056,1.0
instrumental,0.04225352112676056,1.0
criticize,0.04225352112676056,1.0
nuanced,0.04225352112676056,1.0
cutback,0.04225352112676056,1.0
seize,0.04225352112676056,1.0
input,0.04225352112676056,1.0
entrant,0.04225352112676056,1.0
stagnation,0.04225352112676056,1.0
haven,0.04225352112676056,1.0
terms,0.04225352112676056,1.0
discrepancy,0.04225352112676056,1.0
pullback,0.04225352112676056,1.0
devise,0.04225352112676056,1.0
manufacturer,0.04225352112676056,1.0
homebuilder,0.04225352112676056,1.0
agricultural,0.04225352112676056,1.0
meantime,0.04225352112676056,1.0
--a,0.04225352112676056,1.0
nationwide,0.04225352112676056,1.0
mitigation,0.04225352112676056,1.0
carnegie,0.04225352112676056,1.0
davis,0.04225352112676056,1.0
similarity,0.04225352112676056,1.0
career,0.04225352112676056,1.0
loanperformance,0.04225352112676056,1.0
britain,0.04225352112676056,1.0
acknowledge,0.04225352112676056,1.0
doctrine,0.04225352112676056,1.0
destroy,0.04225352112676056,1.0
transformation,0.04225352112676056,1.0
suspect,0.04225352112676056,1.0
designation,0.04225352112676056,1.0
aged,0.04225352112676056,1.0
boomer,0.04225352112676056,1.0
water,0.04225352112676056,1.0
1â,0.04225352112676056,1.0
fischer,0.04225352112676056,1.0
mary,0.04225352112676056,1.0
sequence,0.04225352112676056,1.0
bush,0.04225352112676056,1.0
amend,0.04225352112676056,1.0
payoff,0.04225352112676056,1.0
nonpartisan,0.04225352112676056,1.0
benjamin,0.04225352112676056,1.0
swanson,0.04225352112676056,1.0
profound,0.04225352112676056,1.0
plans,0.04225352112676056,1.0
qualitatively,0.04225352112676056,1.0
efforts,0.04225352112676056,1.0
neighborworks,0.04225352112676056,1.0
orient,0.04225352112676056,1.0
loosely,0.04225352112676056,1.0
lien,0.04225352112676056,1.0
macmillan,0.04225352112676056,1.0
businesses,0.04225352112676056,1.0
keynes,0.04225352112676056,1.0
unfairly,0.04225352112676056,1.0
forever,0.04225352112676056,1.0
tradition,0.04225352112676056,1.0
www.slate.com/id/,0.04225352112676056,1.0
lessen,0.04225352112676056,1.0
grapple,0.04225352112676056,1.0
slate,0.04225352112676056,1.0
herb,0.04225352112676056,1.0
regulators,0.04225352112676056,1.0
amortization,0.04225352112676056,1.0
counselor,0.04225352112676056,1.0
surpass,0.04225352112676056,1.0
carmen,0.04225352112676056,1.0
workout,0.04225352112676056,1.0
founder,0.04225352112676056,1.0
alexander,0.04225352112676056,1.0
fellow,0.04225352112676056,1.0
oxford,0.04225352112676056,1.0
variant,0.04225352112676056,1.0
subordinate,0.04225352112676056,1.0
foreclosures,0.04225352112676056,1.0
forecasting,0.04225352112676056,1.0
piece,0.04225352112676056,1.0
impairment,0.04225352112676056,1.0
citigroup,0.04225352112676056,1.0
danger,0.04225352112676056,1.0
von,0.04225352112676056,1.0
shipment,0.04225352112676056,1.0
underpricing,0.04225352112676056,1.0
flaw,0.04225352112676056,1.0
proceedings,0.04225352112676056,1.0
corrective,0.04225352112676056,1.0
assiduously,0.04225352112676056,1.0
stoke,0.04225352112676056,1.0
faith,0.04225352112676056,1.0
australia,0.04225352112676056,1.0
reliable,0.04225352112676056,1.0
cds,0.04225352112676056,1.0
brazil,0.04225352112676056,1.0
functional,0.04225352112676056,1.0
crude,0.04225352112676056,1.0
denominate,0.04225352112676056,1.0
hill,0.04225352112676056,1.0
damaging,0.04225352112676056,1.0
charter,0.04225352112676056,1.0
meal,0.04225352112676056,1.0
controversial,0.04225352112676056,1.0
shane,0.04225352112676056,1.0
frankfurt,0.04225352112676056,1.0
unacceptably,0.04225352112676056,1.0
migration,0.04225352112676056,1.0
manufacture,0.04225352112676056,1.0
standardize,0.04225352112676056,1.0
incremental,0.04225352112676056,1.0
cease,0.04225352112676056,1.0
character,0.04225352112676056,1.0
protocol,0.04225352112676056,1.0
underway,0.04225352112676056,1.0
groundwork,0.04225352112676056,1.0
patrick,0.04225352112676056,1.0
indymac,0.04225352112676056,1.0
patchwork,0.04225352112676056,1.0
macroeconomics,0.04225352112676056,1.0
distinct,0.04225352112676056,1.0
receiver,0.04225352112676056,1.0
convention,0.04225352112676056,1.0
reestablish,0.04225352112676056,1.0
paulson,0.04225352112676056,1.0
client,0.04225352112676056,1.0
spur,0.04225352112676056,1.0
par,0.04225352112676056,1.0
funds,0.04225352112676056,1.0
ron,0.04225352112676056,1.0
perverse,0.04225352112676056,1.0
recuperative,0.04225352112676056,1.0
constrained,0.04225352112676056,1.0
predecessor,0.04225352112676056,1.0
receivables,0.04225352112676056,1.0
workable,0.04225352112676056,1.0
usage,0.04225352112676056,1.0
deed,0.04225352112676056,1.0
relieve,0.04225352112676056,1.0
umbrella,0.04225352112676056,1.0
decelerate,0.04225352112676056,1.0
attainment,0.04225352112676056,1.0
resident,0.04225352112676056,1.0
cast,0.04225352112676056,1.0
bordo,0.04225352112676056,1.0
noticeable,0.04225352112676056,1.0
embody,0.04225352112676056,1.0
micro,0.04225352112676056,1.0
stern,0.04225352112676056,1.0
weekly,0.04225352112676056,1.0
customize,0.04225352112676056,1.0
intertwine,0.04225352112676056,1.0
bis,0.04225352112676056,1.0
geopolitical,0.04225352112676056,1.0
tightly,0.04225352112676056,1.0
preservation,0.04225352112676056,1.0
leveling,0.04225352112676056,1.0
karen,0.04225352112676056,1.0
fruitful,0.04225352112676056,1.0
sherlund,0.04225352112676056,1.0
dispose,0.04225352112676056,1.0
m2,0.04225352112676056,1.0
collaborative,0.04225352112676056,1.0
wachovia,0.04225352112676056,1.0
macro,0.04225352112676056,1.0
ramification,0.04225352112676056,1.0
organizational,0.04225352112676056,1.0
hurdle,0.04225352112676056,1.0
token,0.04225352112676056,1.0
selection,0.04225352112676056,1.0
lasting,0.04225352112676056,1.0
shiller,0.04225352112676056,1.0
formalize,0.04225352112676056,1.0
nonfarm,0.04225352112676056,1.0
attest,0.04225352112676056,1.0
yesterday,0.04225352112676056,1.0
playing,0.04225352112676056,1.0
personally,0.04225352112676056,1.0
overwhelming,0.04225352112676056,1.0
suasion,0.04225352112676056,1.0
alternatively,0.04225352112676056,1.0
wise,0.04225352112676056,1.0
tension,0.04225352112676056,1.0
complication,0.04225352112676056,1.0
morgan,0.04225352112676056,1.0
privilege,0.04225352112676056,1.0
riksbank,0.04225352112676056,1.0
imagine,0.04225352112676056,1.0
intrinsic,0.04225352112676056,1.0
vandalism,0.04225352112676056,1.0
exclusive,0.04225352112676056,1.0
isolate,0.04225352112676056,1.0
fhfa,0.04225352112676056,1.0
exclusively,0.04225352112676056,1.0
teach,0.04225352112676056,1.0
sink,0.028169014084507043,1.0
impression,0.028169014084507043,1.0
illustrative,0.028169014084507043,1.0
eurodollar,0.028169014084507043,1.0
attuned,0.028169014084507043,1.0
blunt,0.028169014084507043,1.0
baumeister,0.028169014084507043,1.0
anecdotal,0.028169014084507043,1.0
mortgages,0.028169014084507043,1.0
green,0.028169014084507043,1.0
mr.,0.028169014084507043,1.0
campaign,0.028169014084507043,1.0
scott,0.028169014084507043,1.0
marco,0.028169014084507043,1.0
christiane,0.028169014084507043,1.0
tobin,0.028169014084507043,1.0
sandridge,0.028169014084507043,1.0
servicers,0.028169014084507043,1.0
alliance,0.028169014084507043,1.0
compression,0.028169014084507043,1.0
fairness,0.028169014084507043,1.0
private-,0.028169014084507043,1.0
manageable,0.028169014084507043,1.0
simulate,0.028169014084507043,1.0
canlin,0.028169014084507043,1.0
heuvel,0.028169014084507043,1.0
rudebusch,0.028169014084507043,1.0
luca,0.028169014084507043,1.0
economica,0.028169014084507043,1.0
simplify,0.028169014084507043,1.0
mild,0.028169014084507043,1.0
skander,0.028169014084507043,1.0
skeptic,0.028169014084507043,1.0
penalize,0.028169014084507043,1.0
terminate,0.028169014084507043,1.0
wieland,0.028169014084507043,1.0
equivalently,0.028169014084507043,1.0
benati,0.028169014084507043,1.0
prescribed,0.028169014084507043,1.0
sim,0.028169014084507043,1.0
fluctuations,0.028169014084507043,1.0
print,0.028169014084507043,1.0
min,0.028169014084507043,1.0
accounts,0.028169014084507043,1.0
mechanic,0.028169014084507043,1.0
al,0.028169014084507043,1.0
illness,0.028169014084507043,1.0
unregulated,0.028169014084507043,1.0
pedersen,0.028169014084507043,1.0
harold,0.028169014084507043,1.0
attendant,0.028169014084507043,1.0
modernization,0.028169014084507043,1.0
embark,0.028169014084507043,1.0
endeavor,0.028169014084507043,1.0
centuries,0.028169014084507043,1.0
node,0.028169014084507043,1.0
creator,0.028169014084507043,1.0
folly,0.028169014084507043,1.0
--the,0.028169014084507043,1.0
singapore,0.028169014084507043,1.0
sandra,0.028169014084507043,1.0
connect,0.028169014084507043,1.0
critic,0.028169014084507043,1.0
insofar,0.028169014084507043,1.0
implicitly,0.028169014084507043,1.0
communiqué,0.028169014084507043,1.0
transportation,0.028169014084507043,1.0
arithmetic,0.028169014084507043,1.0
www.federalreserve.gov/releases/z1,0.028169014084507043,1.0
fhasecure,0.028169014084507043,1.0
dilemma,0.028169014084507043,1.0
enactment,0.028169014084507043,1.0
auspex,0.028169014084507043,1.0
liquidationist,0.028169014084507043,1.0
twain,0.028169014084507043,1.0
thankfully,0.028169014084507043,1.0
selling,0.028169014084507043,1.0
dozen,0.028169014084507043,1.0
enduring,0.028169014084507043,1.0
crucially,0.028169014084507043,1.0
bowl,0.028169014084507043,1.0
overseas,0.028169014084507043,1.0
nontransparent,0.028169014084507043,1.0
declare,0.028169014084507043,1.0
2012a,0.028169014084507043,1.0
zakrajå¡ek,0.028169014084507043,1.0
interrelate,0.028169014084507043,1.0
crest,0.028169014084507043,1.0
meltzer,0.028169014084507043,1.0
famously,0.028169014084507043,1.0
bulletin,0.028169014084507043,1.0
dictionary,0.028169014084507043,1.0
sichel,0.028169014084507043,1.0
tail,0.028169014084507043,1.0
primer,0.028169014084507043,1.0
strategies,0.028169014084507043,1.0
briefs,0.028169014084507043,1.0
familiarity,0.028169014084507043,1.0
1980s,0.028169014084507043,1.0
designing,0.028169014084507043,1.0
irresponsible,0.028169014084507043,1.0
grand,0.028169014084507043,1.0
modigliani,0.028169014084507043,1.0
disperse,0.028169014084507043,1.0
putback,0.028169014084507043,1.0
preponderance,0.028169014084507043,1.0
netting,0.028169014084507043,1.0
presidency,0.028169014084507043,1.0
suddenly,0.028169014084507043,1.0
byproduct,0.028169014084507043,1.0
lasse,0.028169014084507043,1.0
contexts,0.028169014084507043,1.0
name,0.028169014084507043,1.0
undergo,0.028169014084507043,1.0
visible,0.028169014084507043,1.0
covar,0.028169014084507043,1.0
layoff,0.028169014084507043,1.0
abusive,0.028169014084507043,1.0
standing,0.028169014084507043,1.0
satisfied,0.028169014084507043,1.0
delinquencie,0.028169014084507043,1.0
wood,0.028169014084507043,1.0
entrepreneurship,0.028169014084507043,1.0
thumb,0.028169014084507043,1.0
better,0.028169014084507043,1.0
ineffective,0.028169014084507043,1.0
anchored,0.028169014084507043,1.0
metropolitan,0.028169014084507043,1.0
crosscurrent,0.028169014084507043,1.0
man,0.028169014084507043,1.0
eager,0.028169014084507043,1.0
luxury,0.028169014084507043,1.0
workouts,0.028169014084507043,1.0
fixed,0.028169014084507043,1.0
deferral,0.028169014084507043,1.0
profoundly,0.028169014084507043,1.0
goodhart,0.028169014084507043,1.0
gao,0.028169014084507043,1.0
spreading,0.028169014084507043,1.0
politicization,0.028169014084507043,1.0
properties,0.028169014084507043,1.0
shin,0.028169014084507043,1.0
jun,0.028169014084507043,1.0
hazards,0.028169014084507043,1.0
tarullo,0.028169014084507043,1.0
convince,0.028169014084507043,1.0
underlay,0.028169014084507043,1.0
bailouts,0.028169014084507043,1.0
audit,0.028169014084507043,1.0
austin,0.028169014084507043,1.0
youth,0.028169014084507043,1.0
riskiness,0.028169014084507043,1.0
avoidable,0.028169014084507043,1.0
traffic,0.028169014084507043,1.0
furthermore,0.028169014084507043,1.0
federally,0.028169014084507043,1.0
investigative,0.028169014084507043,1.0
hurricane,0.028169014084507043,1.0
verge,0.028169014084507043,1.0
advertisement,0.028169014084507043,1.0
reminiscent,0.028169014084507043,1.0
securitizer,0.028169014084507043,1.0
cre,0.028169014084507043,1.0
savage,0.028169014084507043,1.0
strictly,0.028169014084507043,1.0
wp/,0.028169014084507043,1.0
transact,0.028169014084507043,1.0
postwar,0.028169014084507043,1.0
thousand,0.028169014084507043,1.0
atish,0.028169014084507043,1.0
completion,0.028169014084507043,1.0
freefall,0.028169014084507043,1.0
india,0.028169014084507043,1.0
cutting,0.028169014084507043,1.0
surges,0.028169014084507043,1.0
welfare,0.028169014084507043,1.0
mute,0.028169014084507043,1.0
nascent,0.028169014084507043,1.0
mayer,0.028169014084507043,1.0
deflator,0.028169014084507043,1.0
circuit,0.028169014084507043,1.0
deny,0.028169014084507043,1.0
square,0.028169014084507043,1.0
causal,0.028169014084507043,1.0
peterson,0.028169014084507043,1.0
dynan,0.028169014084507043,1.0
hybrid,0.028169014084507043,1.0
pioneer,0.028169014084507043,1.0
ghosh,0.028169014084507043,1.0
juan,0.028169014084507043,1.0
unrealistic,0.028169014084507043,1.0
significance,0.028169014084507043,1.0
counteract,0.028169014084507043,1.0
themes,0.028169014084507043,1.0
bridge,0.028169014084507043,1.0
gift,0.028169014084507043,1.0
unresolved,0.028169014084507043,1.0
managing,0.028169014084507043,1.0
indefinitely,0.028169014084507043,1.0
mahvash,0.028169014084507043,1.0
standardization,0.028169014084507043,1.0
flesh,0.028169014084507043,1.0
rulemaking,0.028169014084507043,1.0
remedy,0.028169014084507043,1.0
zalduendo,0.028169014084507043,1.0
qureshi,0.028169014084507043,1.0
literacy,0.028169014084507043,1.0
processing,0.028169014084507043,1.0
salido,0.028169014084507043,1.0
minutes,0.028169014084507043,1.0
diversified,0.028169014084507043,1.0
odd,0.028169014084507043,1.0
rarely,0.028169014084507043,1.0
meaning,0.028169014084507043,1.0
vissing,0.028169014084507043,1.0
tepid,0.028169014084507043,1.0
bundesbank,0.028169014084507043,1.0
dallas,0.028169014084507043,1.0
consult,0.028169014084507043,1.0
smart,0.028169014084507043,1.0
prescribe,0.028169014084507043,1.0
den,0.028169014084507043,1.0
zhu,0.028169014084507043,1.0
li,0.028169014084507043,1.0
eesa,0.028169014084507043,1.0
haltmaier,0.028169014084507043,1.0
faulty,0.028169014084507043,1.0
chip,0.028169014084507043,1.0
van,0.028169014084507043,1.0
suffering,0.028169014084507043,1.0
finalize,0.028169014084507043,1.0
wreak,0.028169014084507043,1.0
volker,0.028169014084507043,1.0
investigate,0.028169014084507043,1.0
berlin,0.028169014084507043,1.0
kamin,0.028169014084507043,1.0
impending,0.028169014084507043,1.0
programmes,0.028169014084507043,1.0
allan,0.028169014084507043,1.0
bloom,0.028169014084507043,1.0
nonstandard,0.028169014084507043,1.0
modelling,0.028169014084507043,1.0
fresh,0.028169014084507043,1.0
arrow,0.028169014084507043,1.0
covenant,0.028169014084507043,1.0
ascribe,0.028169014084507043,1.0
femia,0.028169014084507043,1.0
persuade,0.028169014084507043,1.0
remittance,0.028169014084507043,1.0
clunker,0.028169014084507043,1.0
lópez,0.028169014084507043,1.0
loosening,0.028169014084507043,1.0
modernize,0.028169014084507043,1.0
upturn,0.028169014084507043,1.0
turning,0.028169014084507043,1.0
lunch,0.028169014084507043,1.0
deliberately,0.028169014084507043,1.0
overtime,0.028169014084507043,1.0
woman,0.028169014084507043,1.0
escrow,0.028169014084507043,1.0
consecutive,0.028169014084507043,1.0
door,0.028169014084507043,1.0
error,0.028169014084507043,1.0
simplicity,0.028169014084507043,1.0
adopts,0.028169014084507043,1.0
prevalence,0.028169014084507043,1.0
remit,0.028169014084507043,1.0
signing,0.028169014084507043,1.0
remedie,0.028169014084507043,1.0
cataclysm,0.028169014084507043,1.0
intended,0.028169014084507043,1.0
mep,0.028169014084507043,1.0
constructively,0.028169014084507043,1.0
anticipated,0.028169014084507043,1.0
tenure,0.028169014084507043,1.0
branch,0.028169014084507043,1.0
skeptical,0.028169014084507043,1.0
breadth,0.028169014084507043,1.0
compatible,0.028169014084507043,1.0
countervail,0.028169014084507043,1.0
dedication,0.028169014084507043,1.0
afternoon,0.028169014084507043,1.0
n.y.,0.028169014084507043,1.0
feldman,0.028169014084507043,1.0
stressful,0.028169014084507043,1.0
nondefense,0.028169014084507043,1.0
formidable,0.028169014084507043,1.0
suited,0.028169014084507043,1.0
apart,0.028169014084507043,1.0
movements,0.028169014084507043,1.0
fsoc,0.028169014084507043,1.0
regis,0.028169014084507043,1.0
bills,0.028169014084507043,1.0
existing,0.028169014084507043,1.0
finances,0.028169014084507043,1.0
opposite,0.028169014084507043,1.0
defaulted,0.028169014084507043,1.0
wonder,0.028169014084507043,1.0
inaction,0.028169014084507043,1.0
expectancy,0.028169014084507043,1.0
quo,0.028169014084507043,1.0
perversely,0.028169014084507043,1.0
expire,0.028169014084507043,1.0
specified,0.028169014084507043,1.0
--our,0.028169014084507043,1.0
wednesday,0.028169014084507043,1.0
longstanding,0.028169014084507043,1.0
virtuous,0.028169014084507043,1.0
conversely,0.028169014084507043,1.0
congresses,0.028169014084507043,1.0
restorative,0.028169014084507043,1.0
sluggishness,0.028169014084507043,1.0
emanating,0.028169014084507043,1.0
watson,0.028169014084507043,1.0
copper,0.028169014084507043,1.0
marcello,0.028169014084507043,1.0
evidently,0.028169014084507043,1.0
michigan,0.028169014084507043,1.0
hamstring,0.028169014084507043,1.0
closed,0.028169014084507043,1.0
reuters,0.028169014084507043,1.0
narrative,0.028169014084507043,1.0
affirm,0.028169014084507043,1.0
register,0.028169014084507043,1.0
driving,0.028169014084507043,1.0
defeat,0.028169014084507043,1.0
triple,0.028169014084507043,1.0
kuang,0.028169014084507043,1.0
deepening,0.028169014084507043,1.0
communications,0.028169014084507043,1.0
administrations,0.028169014084507043,1.0
cornerstone,0.028169014084507043,1.0
wan,0.028169014084507043,1.0
consortium,0.028169014084507043,1.0
disregard,0.028169014084507043,1.0
incompatible,0.028169014084507043,1.0
gertler,0.028169014084507043,1.0
legacy,0.028169014084507043,1.0
âbubble,0.028169014084507043,1.0
n.,0.028169014084507043,1.0
requirements,0.028169014084507043,1.0
politic,0.028169014084507043,1.0
propagation,0.028169014084507043,1.0
medical,0.028169014084507043,1.0
interference,0.028169014084507043,1.0
consultative,0.028169014084507043,1.0
page,0.028169014084507043,1.0
jacques,0.028169014084507043,1.0
psychological,0.028169014084507043,1.0
heel,0.028169014084507043,1.0
budgeting,0.028169014084507043,1.0
loose,0.028169014084507043,1.0
ambiguity,0.028169014084507043,1.0
spot,0.028169014084507043,1.0
foreseeable,0.028169014084507043,1.0
mortality,0.028169014084507043,1.0
starting,0.028169014084507043,1.0
pertinent,0.028169014084507043,1.0
trader,0.028169014084507043,1.0
erratic,0.028169014084507043,1.0
alter,0.028169014084507043,1.0
trauma,0.028169014084507043,1.0
builder,0.028169014084507043,1.0
exploration,0.028169014084507043,1.0
multiyear,0.028169014084507043,1.0
advisable,0.028169014084507043,1.0
throw,0.028169014084507043,1.0
disease,0.028169014084507043,1.0
engineer,0.028169014084507043,1.0
shot,0.028169014084507043,1.0
heart,0.028169014084507043,1.0
kevin,0.028169014084507043,1.0
marcel,0.028169014084507043,1.0
upheaval,0.028169014084507043,1.0
discriminate,0.028169014084507043,1.0
innovations,0.028169014084507043,1.0
cent,0.028169014084507043,1.0
wear,0.028169014084507043,1.0
tip,0.028169014084507043,1.0
constrict,0.028169014084507043,1.0
senate,0.028169014084507043,1.0
swell,0.028169014084507043,1.0
presidential,0.028169014084507043,1.0
confirmation,0.028169014084507043,1.0
glad,0.028169014084507043,1.0
multilateral,0.028169014084507043,1.0
flexibly,0.028169014084507043,1.0
fetters,0.028169014084507043,1.0
distortion,0.028169014084507043,1.0
reinvigorate,0.028169014084507043,1.0
unbalanced,0.028169014084507043,1.0
renewable,0.028169014084507043,1.0
friday,0.028169014084507043,1.0
golden,0.028169014084507043,1.0
urgency,0.028169014084507043,1.0
harvesting,0.028169014084507043,1.0
barry,0.028169014084507043,1.0
introductory,0.028169014084507043,1.0
lean,0.028169014084507043,1.0
imprint,0.028169014084507043,1.0
journalist,0.028169014084507043,1.0
approximation,0.028169014084507043,1.0
pursuant,0.028169014084507043,1.0
guarantor,0.028169014084507043,1.0
procedures,0.028169014084507043,1.0
nicholas,0.028169014084507043,1.0
luck,0.028169014084507043,1.0
flip,0.028169014084507043,1.0
empirically,0.028169014084507043,1.0
unlimited,0.028169014084507043,1.0
unwillingness,0.028169014084507043,1.0
flows,0.028169014084507043,1.0
cop,0.028169014084507043,1.0
deleveraging,0.028169014084507043,1.0
1920,0.028169014084507043,1.0
resurgent,0.028169014084507043,1.0
printing,0.028169014084507043,1.0
standardized,0.028169014084507043,1.0
tonight,0.028169014084507043,1.0
instill,0.028169014084507043,1.0
devaluation,0.028169014084507043,1.0
subsidy,0.028169014084507043,1.0
planting,0.028169014084507043,1.0
substitution,0.028169014084507043,1.0
upbeat,0.028169014084507043,1.0
philadelphia,0.028169014084507043,1.0
speculator,0.028169014084507043,1.0
6â,0.028169014084507043,1.0
weighted,0.028169014084507043,1.0
tasci,0.028169014084507043,1.0
bold,0.028169014084507043,1.0
murat,0.028169014084507043,1.0
suggestive,0.028169014084507043,1.0
less,0.028169014084507043,1.0
ui,0.028169014084507043,1.0
lindner,0.028169014084507043,1.0
figura,0.028169014084507043,1.0
valletta,0.028169014084507043,1.0
drought,0.028169014084507043,1.0
benefits,0.028169014084507043,1.0
estevão,0.028169014084507043,1.0
earthquake,0.028169014084507043,1.0
salary,0.028169014084507043,1.0
barnichon,0.028169014084507043,1.0
2000s,0.028169014084507043,1.0
outright,0.028169014084507043,1.0
turbulent,0.028169014084507043,1.0
temin,0.028169014084507043,1.0
undervalued,0.028169014084507043,1.0
incipient,0.028169014084507043,1.0
unchecked,0.028169014084507043,1.0
undervaluation,0.028169014084507043,1.0
unclog,0.028169014084507043,1.0
unwanted,0.028169014084507043,1.0
tremendous,0.028169014084507043,1.0
needed,0.028169014084507043,1.0
cool,0.028169014084507043,1.0
drying,0.028169014084507043,1.0
tensions,0.028169014084507043,1.0
-month,0.028169014084507043,1.0
underemployed,0.028169014084507043,1.0
undercut,0.028169014084507043,1.0
tong,0.028169014084507043,1.0
lock,0.028169014084507043,1.0
stevens,0.028169014084507043,1.0
wage-,0.028169014084507043,1.0
admit,0.028169014084507043,1.0
hogarth,0.028169014084507043,1.0
infeasible,0.028169014084507043,1.0
seasonally,0.028169014084507043,1.0
hispanic,0.028169014084507043,1.0
knowledgeable,0.028169014084507043,1.0
minority,0.028169014084507043,1.0
manifest,0.028169014084507043,1.0
swift,0.028169014084507043,1.0
arlington,0.028169014084507043,1.0
suite,0.028169014084507043,1.0
underutilization,0.028169014084507043,1.0
disturbance,0.028169014084507043,1.0
intermediate,0.028169014084507043,1.0
summers,0.028169014084507043,1.0
province,0.028169014084507043,1.0
treaty,0.028169014084507043,1.0
obama,0.028169014084507043,1.0
confluence,0.028169014084507043,1.0
sahin,0.028169014084507043,1.0
alberto,0.028169014084507043,1.0
tone,0.028169014084507043,1.0
draft,0.028169014084507043,1.0
holly,0.028169014084507043,1.0
civilian,0.028169014084507043,1.0
pause,0.028169014084507043,1.0
liabilities,0.028169014084507043,1.0
alicia,0.028169014084507043,1.0
valuing,0.028169014084507043,1.0
duca,0.028169014084507043,1.0
v.,0.028169014084507043,1.0
hud,0.028169014084507043,1.0
smoothing,0.028169014084507043,1.0
swiftly,0.028169014084507043,1.0
munnell,0.028169014084507043,1.0
triangle,0.028169014084507043,1.0
video,0.028169014084507043,1.0
exhaust,0.028169014084507043,1.0
federation,0.028169014084507043,1.0
wary,0.028169014084507043,1.0
haltiwanger,0.028169014084507043,1.0
database,0.028169014084507043,1.0
vs.,0.028169014084507043,1.0
javier,0.028169014084507043,1.0
dedicate,0.028169014084507043,1.0
attach,0.028169014084507043,1.0
policymakers,0.028169014084507043,1.0
selective,0.028169014084507043,1.0
acceptable,0.028169014084507043,1.0
separately,0.028169014084507043,1.0
wartime,0.028169014084507043,1.0
cato,0.028169014084507043,1.0
correlate,0.028169014084507043,1.0
ten,0.028169014084507043,1.0
transcript,0.028169014084507043,1.0
upset,0.028169014084507043,1.0
unoccupied,0.028169014084507043,1.0
norway,0.028169014084507043,1.0
evaporate,0.028169014084507043,1.0
counseling,0.028169014084507043,1.0
connection,0.028169014084507043,1.0
reporter,0.028169014084507043,1.0
calvo,0.028169014084507043,1.0
appointment,0.028169014084507043,1.0
writings,0.028169014084507043,1.0
nonconventional,0.028169014084507043,1.0
coordinating,0.028169014084507043,1.0
earnings,0.028169014084507043,1.0
stagger,0.028169014084507043,1.0
reo,0.028169014084507043,1.0
alesina,0.028169014084507043,1.0
aug.,0.028169014084507043,1.0
arthur,0.028169014084507043,1.0
sarah,0.028169014084507043,1.0
cukierman,0.028169014084507043,1.0
eventful,0.028169014084507043,1.0
legitimate,0.028169014084507043,1.0
berkeley,0.028169014084507043,1.0
miller,0.028169014084507043,1.0
covered,0.028169014084507043,1.0
completely,0.028169014084507043,1.0
hobijn,0.028169014084507043,1.0
achievable,0.028169014084507043,1.0
econometrica,0.028169014084507043,1.0
genuine,0.028169014084507043,1.0
alex,0.028169014084507043,1.0
abuse,0.028169014084507043,1.0
vacancies,0.028169014084507043,1.0
brake,0.028169014084507043,1.0
quinby,0.028169014084507043,1.0
constitution,0.028169014084507043,1.0
karl,0.028169014084507043,1.0
conditionality,0.028169014084507043,1.0
www.federalreserve.gov/boarddocs/snloansurvey,0.028169014084507043,1.0
endorse,0.028169014084507043,1.0
anecdote,0.028169014084507043,1.0
reinvestment,0.028169014084507043,1.0
deployment,0.028169014084507043,1.0
failed,0.028169014084507043,1.0
investing,0.028169014084507043,1.0
inside,0.028169014084507043,1.0
rental,0.028169014084507043,1.0
superior,0.028169014084507043,1.0
undesired,0.028169014084507043,1.0
juncture,0.028169014084507043,1.0
fade,0.028169014084507043,1.0
runoff,0.028169014084507043,1.0
conducive,0.028169014084507043,1.0
precondition,0.028169014084507043,1.0
derail,0.028169014084507043,1.0
hopeful,0.028169014084507043,1.0
seniority,0.028169014084507043,1.0
terrible,0.028169014084507043,1.0
reinvest,0.028169014084507043,1.0
bennett,0.028169014084507043,1.0
subordinated,0.028169014084507043,1.0
geographical,0.028169014084507043,1.0
bail,0.028169014084507043,1.0
soldier,0.028169014084507043,1.0
profession,0.028169014084507043,1.0
gilchrist,0.028169014084507043,1.0
visit,0.028169014084507043,1.0
jan,0.028169014084507043,1.0
glean,0.028169014084507043,1.0
stabilizer,0.028169014084507043,1.0
goodfriend,0.028169014084507043,1.0
continuity,0.028169014084507043,1.0
indiana,0.028169014084507043,1.0
identity,0.028169014084507043,1.0
mccallum,0.028169014084507043,1.0
manuscript,0.028169014084507043,1.0
happy,0.028169014084507043,1.0
lease,0.028169014084507043,1.0
slight,0.028169014084507043,1.0
precision,0.028169014084507043,1.0
unfunded,0.028169014084507043,1.0
varied,0.028169014084507043,1.0
bankâs,0.028169014084507043,1.0
wilcox,0.028169014084507043,1.0
underwritten,0.028169014084507043,1.0
berrospide,0.028169014084507043,1.0
mall,0.028169014084507043,1.0
owned,0.028169014084507043,1.0
unsound,0.028169014084507043,1.0
minnesota,0.028169014084507043,1.0
relax,0.028169014084507043,1.0
boundary,0.028169014084507043,1.0
circumvent,0.028169014084507043,1.0
remember,0.028169014084507043,1.0
concentrated,0.028169014084507043,1.0
constraints,0.028169014084507043,1.0
jose,0.028169014084507043,1.0
corelogic,0.028169014084507043,1.0
retiree,0.028169014084507043,1.0
aubry,0.028169014084507043,1.0
laura,0.028169014084507043,1.0
employability,0.028169014084507043,1.0
sensitivity,0.028169014084507043,1.0
underfunded,0.028169014084507043,1.0
shopping,0.028169014084507043,1.0
pcs,0.028169014084507043,1.0
henry,0.028169014084507043,1.0
multifamily,0.028169014084507043,1.0
reliant,0.028169014084507043,1.0
propensity,0.028169014084507043,1.0
lifelong,0.028169014084507043,1.0
kopcke,0.028169014084507043,1.0
y.,0.028169014084507043,1.0
constantly,0.028169014084507043,1.0
years,0.028169014084507043,1.0
macroeconomy,0.028169014084507043,1.0
neglect,0.028169014084507043,1.0
fico,0.028169014084507043,1.0
chestnut,0.028169014084507043,1.0
florida,0.028169014084507043,1.0
roil,0.028169014084507043,1.0
k-,0.028169014084507043,1.0
tri,0.028169014084507043,1.0
causality,0.028169014084507043,1.0
depreciate,0.028169014084507043,1.0
transpire,0.028169014084507043,1.0
heal,0.028169014084507043,1.0
identification,0.028169014084507043,1.0
inclusion,0.028169014084507043,1.0
restructuring,0.028169014084507043,1.0
battle,0.028169014084507043,1.0
outset,0.028169014084507043,1.0
dealing,0.028169014084507043,1.0
render,0.028169014084507043,1.0
fruitless,0.028169014084507043,1.0
consequences,0.028169014084507043,1.0
interdisciplinary,0.028169014084507043,1.0
measures,0.028169014084507043,1.0
specialty,0.028169014084507043,1.0
court,0.028169014084507043,1.0
gramm,0.028169014084507043,1.0
behave,0.028169014084507043,1.0
skepticism,0.028169014084507043,1.0
arguably,0.028169014084507043,1.0
ill.,0.028169014084507043,1.0
tactic,0.028169014084507043,1.0
arena,0.028169014084507043,1.0
ambassador,0.028169014084507043,1.0
stagnate,0.028169014084507043,1.0
informed,0.028169014084507043,1.0
practitioner,0.028169014084507043,1.0
reemphasize,0.028169014084507043,1.0
materialize,0.028169014084507043,1.0
6percent,0.028169014084507043,1.0
land,0.028169014084507043,1.0
length,0.028169014084507043,1.0
precedent,0.028169014084507043,1.0
compile,0.028169014084507043,1.0
trap,0.028169014084507043,1.0
pledge,0.028169014084507043,1.0
municipality,0.028169014084507043,1.0
reel,0.028169014084507043,1.0
capability,0.028169014084507043,1.0
cheap,0.028169014084507043,1.0
â,0.028169014084507043,1.0
factory,0.028169014084507043,1.0
luther,0.028169014084507043,1.0
larry,0.028169014084507043,1.0
holiday,0.028169014084507043,1.0
marketplace,0.028169014084507043,1.0
proxy,0.028169014084507043,1.0
mismeasurement,0.028169014084507043,1.0
accelerator,0.028169014084507043,1.0
stun,0.028169014084507043,1.0
entrepreneur,0.028169014084507043,1.0
j.p.,0.028169014084507043,1.0
codify,0.028169014084507043,1.0
revolution,0.028169014084507043,1.0
catastrophic,0.028169014084507043,1.0
giant,0.028169014084507043,1.0
sample,0.028169014084507043,1.0
onsite,0.028169014084507043,1.0
solidify,0.028169014084507043,1.0
counsel,0.028169014084507043,1.0
unavailability,0.028169014084507043,1.0
sampling,0.028169014084507043,1.0
belgium,0.028169014084507043,1.0
crunch,0.028169014084507043,1.0
advisory,0.028169014084507043,1.0
reforms,0.028169014084507043,1.0
content,0.028169014084507043,1.0
rock,0.028169014084507043,1.0
residual,0.028169014084507043,1.0
calomiris,0.028169014084507043,1.0
counterexample,0.028169014084507043,1.0
woodrow,0.028169014084507043,1.0
confirming,0.028169014084507043,1.0
decompose,0.028169014084507043,1.0
swedish,0.028169014084507043,1.0
ammunition,0.028169014084507043,1.0
akin,0.028169014084507043,1.0
perimeter,0.028169014084507043,1.0
instruct,0.028169014084507043,1.0
stick,0.028169014084507043,1.0
â,0.028169014084507043,1.0
vincent,0.028169014084507043,1.0
pound,0.028169014084507043,1.0
expend,0.028169014084507043,1.0
tenuous,0.028169014084507043,1.0
recoveries,0.028169014084507043,1.0
store,0.028169014084507043,1.0
generalized,0.028169014084507043,1.0
evaporation,0.028169014084507043,1.0
northern,0.028169014084507043,1.0
accountant,0.028169014084507043,1.0
symptom,0.028169014084507043,1.0
timetable,0.028169014084507043,1.0
insist,0.028169014084507043,1.0
metal,0.028169014084507043,1.0
operationally,0.028169014084507043,1.0
goldman,0.028169014084507043,1.0
suarez,0.028169014084507043,1.0
remiss,0.028169014084507043,1.0
metrick,0.028169014084507043,1.0
latent,0.028169014084507043,1.0
unavaile,0.028169014084507043,1.0
luxembourg,0.028169014084507043,1.0
irrational,0.028169014084507043,1.0
interrelationship,0.028169014084507043,1.0
jason,0.028169014084507043,1.0
closure,0.028169014084507043,1.0
spar,0.028169014084507043,1.0
passive,0.028169014084507043,1.0
moribund,0.028169014084507043,1.0
testament,0.028169014084507043,1.0
revolve,0.028169014084507043,1.0
sales,0.028169014084507043,1.0
dive,0.028169014084507043,1.0
block,0.028169014084507043,1.0
redouble,0.028169014084507043,1.0
dub,0.028169014084507043,1.0
kahn,0.028169014084507043,1.0
disaggregate,0.028169014084507043,1.0
filter,0.028169014084507043,1.0
online,0.028169014084507043,1.0
humphrey,0.028169014084507043,1.0
grain,0.028169014084507043,1.0
lee,0.028169014084507043,1.0
jeremy,0.028169014084507043,1.0
will,0.028169014084507043,1.0
heterogeneous,0.028169014084507043,1.0
equation,0.028169014084507043,1.0
observed,0.028169014084507043,1.0
phillips,0.028169014084507043,1.0
necessity,0.028169014084507043,1.0
sticky,0.028169014084507043,1.0
pence,0.028169014084507043,1.0
organizations,0.028169014084507043,1.0
abundant,0.028169014084507043,1.0
geneva,0.028169014084507043,1.0
inherit,0.028169014084507043,1.0
backstoppe,0.028169014084507043,1.0
unlevel,0.028169014084507043,1.0
elastic,0.028169014084507043,1.0
kroszner,0.028169014084507043,1.0
requests,0.028169014084507043,1.0
commissions,0.028169014084507043,1.0
fearful,0.028169014084507043,1.0
virulent,0.028169014084507043,1.0
lost,0.028169014084507043,1.0
pain,0.028169014084507043,1.0
oecd,0.028169014084507043,1.0
conceive,0.028169014084507043,1.0
seasonal,0.028169014084507043,1.0
qe,0.028169014084507043,1.0
virtue,0.028169014084507043,1.0
multifaceted,0.028169014084507043,1.0
obscure,0.028169014084507043,1.0
noise,0.028169014084507043,1.0
heightened,0.028169014084507043,1.0
understandable,0.028169014084507043,1.0
multinational,0.028169014084507043,1.0
concrete,0.028169014084507043,1.0
versa,0.028169014084507043,1.0
destructive,0.028169014084507043,1.0
hourly,0.028169014084507043,1.0
costs,0.028169014084507043,1.0
rich,0.028169014084507043,1.0
hoarding,0.028169014084507043,1.0
handbook,0.028169014084507043,1.0
denomination,0.028169014084507043,1.0
modeling,0.028169014084507043,1.0
seller,0.028169014084507043,1.0
thorough,0.028169014084507043,1.0
carolina,0.028169014084507043,1.0
shrinking,0.028169014084507043,1.0
accrue,0.028169014084507043,1.0
unveil,0.028169014084507043,1.0
postpone,0.028169014084507043,1.0
organisation,0.028169014084507043,1.0
plumbing,0.028169014084507043,1.0
mid-1990,0.028169014084507043,1.0
subscription,0.028169014084507043,1.0
continuously,0.028169014084507043,1.0
m1,0.028169014084507043,1.0
escalate,0.028169014084507043,1.0
stretch,0.028169014084507043,1.0
setter,0.028169014084507043,1.0
fisher,0.028169014084507043,1.0
reward,0.028169014084507043,1.0
frustrate,0.028169014084507043,1.0
jones,0.028169014084507043,1.0
unanchoring,0.028169014084507043,1.0
mo.,0.028169014084507043,1.0
upfront,0.028169014084507043,1.0
watcher,0.028169014084507043,1.0
steam,0.028169014084507043,1.0
assets,0.028169014084507043,1.0
slope,0.028169014084507043,1.0
flag,0.028169014084507043,1.0
entitle,0.028169014084507043,1.0
acronym,0.028169014084507043,1.0
facto,0.028169014084507043,1.0
barely,0.028169014084507043,1.0
responses,0.028169014084507043,1.0
unmet,0.028169014084507043,1.0
anonymity,0.028169014084507043,1.0
balancing,0.028169014084507043,1.0
vitally,0.028169014084507043,1.0
holistic,0.028169014084507043,1.0
belt,0.028169014084507043,1.0
hindsight,0.028169014084507043,1.0
syndicate,0.028169014084507043,1.0
microeconomics,0.028169014084507043,1.0
seizing,0.028169014084507043,1.0
rough,0.028169014084507043,1.0
breaking,0.028169014084507043,1.0
wisely,0.028169014084507043,1.0
forestall,0.028169014084507043,1.0
provisioning,0.028169014084507043,1.0
sword,0.028169014084507043,1.0
noisy,0.028169014084507043,1.0
unwound,0.028169014084507043,1.0
imprudent,0.028169014084507043,1.0
sensitively,0.028169014084507043,1.0
rethinking,0.028169014084507043,1.0
"exigent""--will",0.028169014084507043,1.0
randall,0.028169014084507043,1.0
opportunistic,0.028169014084507043,1.0
east,0.028169014084507043,1.0
disparate,0.028169014084507043,1.0
district,0.028169014084507043,1.0
edged,0.028169014084507043,1.0
accurately,0.028169014084507043,1.0
pure,0.028169014084507043,1.0
relations,0.028169014084507043,1.0
starkly,0.028169014084507043,1.0
complacency,0.028169014084507043,1.0
andreas,0.028169014084507043,1.0
korean,0.028169014084507043,1.0
rebuilding,0.028169014084507043,1.0
pendulum,0.028169014084507043,1.0
prescott,0.028169014084507043,1.0
decipher,0.028169014084507043,1.0
defer,0.028169014084507043,1.0
purchaser,0.028169014084507043,1.0
hong,0.028169014084507043,1.0
inadequately,0.028169014084507043,1.0
rival,0.028169014084507043,1.0
-fold,0.028169014084507043,1.0
neutralize,0.028169014084507043,1.0
sponsored,0.028169014084507043,1.0
thailand,0.028169014084507043,1.0
format,0.028169014084507043,1.0
openness,0.028169014084507043,1.0
revival,0.028169014084507043,1.0
howard,0.028169014084507043,1.0
instinct,0.028169014084507043,1.0
descendant,0.028169014084507043,1.0
shatter,0.028169014084507043,1.0
myth,0.028169014084507043,1.0
foreigner,0.028169014084507043,1.0
climb,0.028169014084507043,1.0
precaution,0.028169014084507043,1.0
bradford,0.028169014084507043,1.0
mechanisms,0.028169014084507043,1.0
strip,0.028169014084507043,1.0
tiger,0.028169014084507043,1.0
parity,0.028169014084507043,1.0
prepay,0.028169014084507043,1.0
linger,0.028169014084507043,1.0
willen,0.028169014084507043,1.0
homeowners,0.028169014084507043,1.0
allen,0.028169014084507043,1.0
discredit,0.028169014084507043,1.0
merchandise,0.028169014084507043,1.0
backlog,0.028169014084507043,1.0
workshop,0.028169014084507043,1.0
gustavo,0.028169014084507043,1.0
bair,0.028169014084507043,1.0
prominence,0.028169014084507043,1.0
forced,0.028169014084507043,1.0
webpage,0.028169014084507043,1.0
kong,0.028169014084507043,1.0
lot,0.028169014084507043,1.0
-september,0.028169014084507043,1.0
absorption,0.028169014084507043,1.0
convene,0.028169014084507043,1.0
neighbor,0.028169014084507043,1.0
indexes,0.028169014084507043,1.0
attenuate,0.028169014084507043,1.0
pertain,0.028169014084507043,1.0
routine,0.028169014084507043,1.0
precautionary,0.028169014084507043,1.0
streamline,0.028169014084507043,1.0
route,0.028169014084507043,1.0
thin,0.028169014084507043,1.0
gale,0.028169014084507043,1.0
item,0.028169014084507043,1.0
stamp,0.028169014084507043,1.0
fan,0.028169014084507043,1.0
greg,0.028169014084507043,1.0
undo,0.028169014084507043,1.0
enterprises,0.028169014084507043,1.0
networks,0.014084507042253521,1.0
republic,0.014084507042253521,1.0
gorin,0.014084507042253521,1.0
owen,0.014084507042253521,1.0
petraeus,0.014084507042253521,1.0
roberds,0.014084507042253521,1.0
prosecution,0.014084507042253521,1.0
travel,0.014084507042253521,1.0
nursing,0.014084507042253521,1.0
prerequisite,0.014084507042253521,1.0
excited,0.014084507042253521,1.0
theft,0.014084507042253521,1.0
playoff,0.014084507042253521,1.0
dr.,0.014084507042253521,1.0
pronouncement,0.014084507042253521,1.0
20,0.014084507042253521,1.0
hat,0.014084507042253521,1.0
listen,0.014084507042253521,1.0
police,0.014084507042253521,1.0
jeanne,0.014084507042253521,1.0
marching,0.014084507042253521,1.0
servicemembers,0.014084507042253521,1.0
mystique,0.014084507042253521,1.0
repossess,0.014084507042253521,1.0
stagg,0.014084507042253521,1.0
programming,0.014084507042253521,1.0
gi,0.014084507042253521,1.0
marker,0.014084507042253521,1.0
tuesday,0.014084507042253521,1.0
fifth,0.014084507042253521,1.0
servicemember,0.014084507042253521,1.0
post-,0.014084507042253521,1.0
catherine,0.014084507042253521,1.0
squarely,0.014084507042253521,1.0
gratitude,0.014084507042253521,1.0
contractionary,0.014084507042253521,1.0
quest,0.014084507042253521,1.0
equate,0.014084507042253521,1.0
jordi,0.014084507042253521,1.0
galí,0.014084507042253521,1.0
ms.,0.014084507042253521,1.0
terre,0.014084507042253521,1.0
healthcare,0.014084507042253521,1.0
reinstatement,0.014084507042253521,1.0
civil,0.014084507042253521,1.0
panics,0.014084507042253521,1.0
bode,0.014084507042253521,1.0
predatory,0.014084507042253521,1.0
switch,0.014084507042253521,1.0
ârational,0.014084507042253521,1.0
heed,0.014084507042253521,1.0
tragic,0.014084507042253521,1.0
baseliii,0.014084507042253521,1.0
latham,0.014084507042253521,1.0
tinbergen,0.014084507042253521,1.0
activist,0.014084507042253521,1.0
thoroughly,0.014084507042253521,1.0
dave,0.014084507042253521,1.0
rhetoric,0.014084507042253521,1.0
star,0.014084507042253521,1.0
svensson,0.014084507042253521,1.0
debelle,0.014084507042253521,1.0
rehabilitation,0.014084507042253521,1.0
destine,0.014084507042253521,1.0
hawkins,0.014084507042253521,1.0
amsterdam,0.014084507042253521,1.0
audits,0.014084507042253521,1.0
appliance,0.014084507042253521,1.0
church,0.014084507042253521,1.0
thompson,0.014084507042253521,1.0
employed,0.014084507042253521,1.0
han,0.014084507042253521,1.0
kick,0.014084507042253521,1.0
replacement,0.014084507042253521,1.0
staggered,0.014084507042253521,1.0
âunderstanding,0.014084507042253521,1.0
facilitation,0.014084507042253521,1.0
holland,0.014084507042253521,1.0
poole,0.014084507042253521,1.0
vein,0.014084507042253521,1.0
wales,0.014084507042253521,1.0
1950,0.014084507042253521,1.0
tai,0.014084507042253521,1.0
bursting,0.014084507042253521,1.0
veteran,0.014084507042253521,1.0
wicker,0.014084507042253521,1.0
schmeiser,0.014084507042253521,1.0
batting,0.014084507042253521,1.0
/4percent,0.014084507042253521,1.0
norges,0.014084507042253521,1.0
allowance,0.014084507042253521,1.0
enlisted,0.014084507042253521,1.0
globalized,0.014084507042253521,1.0
fort,0.014084507042253521,1.0
chang,0.014084507042253521,1.0
orphanide,0.014084507042253521,1.0
guidelines,0.014084507042253521,1.0
âamerica,0.014084507042253521,1.0
nfi,0.014084507042253521,1.0
speeches,0.014084507042253521,1.0
blight,0.014084507042253521,1.0
cbot,0.014084507042253521,1.0
complaint,0.014084507042253521,1.0
rba,0.014084507042253521,1.0
cleansing,0.014084507042253521,1.0
junior,0.014084507042253521,1.0
underline,0.014084507042253521,1.0
sustainably,0.014084507042253521,1.0
blur,0.014084507042253521,1.0
bean,0.014084507042253521,1.0
sway,0.014084507042253521,1.0
adjective,0.014084507042253521,1.0
agriculture,0.014084507042253521,1.0
theorist,0.014084507042253521,1.0
targeter,0.014084507042253521,1.0
spain,0.014084507042253521,1.0
wascher,0.014084507042253521,1.0
exploit,0.014084507042253521,1.0
ind.,0.014084507042253521,1.0
prc,0.014084507042253521,1.0
immergluck,0.014084507042253521,1.0
map,0.014084507042253521,1.0
gould,0.014084507042253521,1.0
dennis,0.014084507042253521,1.0
08â,0.014084507042253521,1.0
ends,0.014084507042253521,1.0
marshall,0.014084507042253521,1.0
bullet,0.014084507042253521,1.0
transunion,0.014084507042253521,1.0
muellbauer,0.014084507042253521,1.0
tenant,0.014084507042253521,1.0
warranty,0.014084507042253521,1.0
considerations,0.014084507042253521,1.0
administer,0.014084507042253521,1.0
dislocate,0.014084507042253521,1.0
intuitively,0.014084507042253521,1.0
facilitator,0.014084507042253521,1.0
tenants,0.014084507042253521,1.0
pulpit,0.014084507042253521,1.0
angeles,0.014084507042253521,1.0
las,0.014084507042253521,1.0
basically,0.014084507042253521,1.0
kostas,0.014084507042253521,1.0
frederic,0.014084507042253521,1.0
giglio,0.014084507042253521,1.0
auditsââby,0.014084507042253521,1.0
eichner,0.014084507042253521,1.0
lifetime,0.014084507042253521,1.0
opacity,0.014084507042253521,1.0
hawtrey,0.014084507042253521,1.0
deputy,0.014084507042253521,1.0
otsuka,0.014084507042253521,1.0
wealthy,0.014084507042253521,1.0
yearly,0.014084507042253521,1.0
unreliability,0.014084507042253521,1.0
ehsan,0.014084507042253521,1.0
representation,0.014084507042253521,1.0
jiri,0.014084507042253521,1.0
-056b.,0.014084507042253521,1.0
macromodel,0.014084507042253521,1.0
physically,0.014084507042253521,1.0
reemergence,0.014084507042253521,1.0
stefano,0.014084507042253521,1.0
ellen,0.014084507042253521,1.0
governmentally,0.014084507042253521,1.0
rehabilitate,0.014084507042253521,1.0
undercapitalized,0.014084507042253521,1.0
clarifie,0.014084507042253521,1.0
cúrdia,0.014084507042253521,1.0
confidential,0.014084507042253521,1.0
afraid,0.014084507042253521,1.0
scoop,0.014084507042253521,1.0
painter,0.014084507042253521,1.0
q2,0.014084507042253521,1.0
selloff,0.014084507042253521,1.0
leonard,0.014084507042253521,1.0
zhou,0.014084507042253521,1.0
bricker,0.014084507042253521,1.0
mid-1960,0.014084507042253521,1.0
problems,0.014084507042253521,1.0
jenny,0.014084507042253521,1.0
backward,0.014084507042253521,1.0
silver,0.014084507042253521,1.0
partisan,0.014084507042253521,1.0
bostic,0.014084507042253521,1.0
2000,0.014084507042253521,1.0
geographically,0.014084507042253521,1.0
demolish,0.014084507042253521,1.0
interlock,0.014084507042253521,1.0
mishkin,0.014084507042253521,1.0
neuroscience,0.014084507042253521,1.0
stuart,0.014084507042253521,1.0
mountain,0.014084507042253521,1.0
mathias,0.014084507042253521,1.0
resale,0.014084507042253521,1.0
parag,0.014084507042253521,1.0
buying,0.014084507042253521,1.0
realââthat,0.014084507042253521,1.0
shoulder,0.014084507042253521,1.0
legitimacy,0.014084507042253521,1.0
protections,0.014084507042253521,1.0
army,0.014084507042253521,1.0
securing,0.014084507042253521,1.0
tuition,0.014084507042253521,1.0
insensitive,0.014084507042253521,1.0
murphy,0.014084507042253521,1.0
interpretations,0.014084507042253521,1.0
tsatsaronis,0.014084507042253521,1.0
maneuver,0.014084507042253521,1.0
kennickell,0.014084507042253521,1.0
transpose,0.014084507042253521,1.0
1970s,0.014084507042253521,1.0
decentralized,0.014084507042253521,1.0
archetype,0.014084507042253521,1.0
2002a,0.014084507042253521,1.0
bell,0.014084507042253521,1.0
intently,0.014084507042253521,1.0
computer,0.014084507042253521,1.0
payday,0.014084507042253521,1.0
prescient,0.014084507042253521,1.0
wield,0.014084507042253521,1.0
refund,0.014084507042253521,1.0
haute,0.014084507042253521,1.0
perpetrator,0.014084507042253521,1.0
bliss,0.014084507042253521,1.0
eviction,0.014084507042253521,1.0
ingrained,0.014084507042253521,1.0
-wp-,0.014084507042253521,1.0
savers,0.014084507042253521,1.0
tallman,0.014084507042253521,1.0
slacalek,0.014084507042253521,1.0
gaps,0.014084507042253521,1.0
revisited,0.014084507042253521,1.0
diminution,0.014084507042253521,1.0
preparedness,0.014084507042253521,1.0
nearby,0.014084507042253521,1.0
semiannual,0.014084507042253521,1.0
commute,0.014084507042253521,1.0
intelligence,0.014084507042253521,1.0
quigley,0.014084507042253521,1.0
state-,0.014084507042253521,1.0
claudio,0.014084507042253521,1.0
gabriel,0.014084507042253521,1.0
drehmann,0.014084507042253521,1.0
equifax,0.014084507042253521,1.0
poise,0.014084507042253521,1.0
donate,0.014084507042253521,1.0
buoyant,0.014084507042253521,1.0
huang,0.014084507042253521,1.0
meisenzahl,0.014084507042253521,1.0
recap,0.014084507042253521,1.0
asymmetric,0.014084507042253521,1.0
foot,0.014084507042253521,1.0
tirelessly,0.014084507042253521,1.0
reemployment,0.014084507042253521,1.0
suit,0.014084507042253521,1.0
aggregates,0.014084507042253521,1.0
ebenezer,0.014084507042253521,1.0
shaghil,0.014084507042253521,1.0
borio,0.014084507042253521,1.0
philippon,0.014084507042253521,1.0
--to,0.014084507042253521,1.0
schuetz,0.014084507042253521,1.0
computation,0.014084507042253521,1.0
moore,0.014084507042253521,1.0
renovation,0.014084507042253521,1.0
dating,0.014084507042253521,1.0
prosperous,0.014084507042253521,1.0
delighted,0.014084507042253521,1.0
admiration,0.014084507042253521,1.0
nonfuel,0.014084507042253521,1.0
embrace,0.014084507042253521,1.0
4â,0.014084507042253521,1.0
proportionally,0.014084507042253521,1.0
russia,0.014084507042253521,1.0
thomson,0.014084507042253521,1.0
spate,0.014084507042253521,1.0
ralph,0.014084507042253521,1.0
injury,0.014084507042253521,1.0
assassination,0.014084507042253521,1.0
collins,0.014084507042253521,1.0
ahmed,0.014084507042253521,1.0
aluminum,0.014084507042253521,1.0
theorem,0.014084507042253521,1.0
www.federalreserve.gov/newsevents/press/monetary/20120125c.htm,0.014084507042253521,1.0
argentina,0.014084507042253521,1.0
illegal,0.014084507042253521,1.0
exporting,0.014084507042253521,1.0
ship,0.014084507042253521,1.0
unprocessed,0.014084507042253521,1.0
determinacy,0.014084507042253521,1.0
margine,0.014084507042253521,1.0
reprint,0.014084507042253521,1.0
buttonwood,0.014084507042253521,1.0
sabelhaus,0.014084507042253521,1.0
contentious,0.014084507042253521,1.0
cable,0.014084507042253521,1.0
commemorate,0.014084507042253521,1.0
interdeal,0.014084507042253521,1.0
cls,0.014084507042253521,1.0
mixture,0.014084507042253521,1.0
fiscally,0.014084507042253521,1.0
writer,0.014084507042253521,1.0
middle-,0.014084507042253521,1.0
systematically,0.014084507042253521,1.0
sargent,0.014084507042253521,1.0
nonmember,0.014084507042253521,1.0
ramp,0.014084507042253521,1.0
fireproof,0.014084507042253521,1.0
andrea,0.014084507042253521,1.0
professor,0.014084507042253521,1.0
fashioned,0.014084507042253521,1.0
vasco,0.014084507042253521,1.0
kristin,0.014084507042253521,1.0
stagnant,0.014084507042253521,1.0
falmouth,0.014084507042253521,1.0
afflict,0.014084507042253521,1.0
barrel,0.014084507042253521,1.0
realtors,0.014084507042253521,1.0
bounceback,0.014084507042253521,1.0
irving,0.014084507042253521,1.0
enlist,0.014084507042253521,1.0
2009a,0.014084507042253521,1.0
quarrel,0.014084507042253521,1.0
announced,0.014084507042253521,1.0
maximilian,0.014084507042253521,1.0
wheat,0.014084507042253521,1.0
rice,0.014084507042253521,1.0
opec,0.014084507042253521,1.0
ârule,0.014084507042253521,1.0
overdue,0.014084507042253521,1.0
gas,0.014084507042253521,1.0
temperature,0.014084507042253521,1.0
burgess,0.014084507042253521,1.0
conditioning,0.014084507042253521,1.0
stokey,0.014084507042253521,1.0
snap,0.014084507042253521,1.0
jesse,0.014084507042253521,1.0
lumber,0.014084507042253521,1.0
survey-,0.014084507042253521,1.0
delong,0.014084507042253521,1.0
mullineaux,0.014084507042253521,1.0
mid-1970,0.014084507042253521,1.0
j.g,0.014084507042253521,1.0
hispanics,0.014084507042253521,1.0
supersede,0.014084507042253521,1.0
inflations,0.014084507042253521,1.0
altig,0.014084507042253521,1.0
centralization,0.014084507042253521,1.0
entry,0.014084507042253521,1.0
dispute,0.014084507042253521,1.0
quantify,0.014084507042253521,1.0
pudd'nhead,0.014084507042253521,1.0
crisscross,0.014084507042253521,1.0
ought,0.014084507042253521,1.0
1970â,0.014084507042253521,1.0
choudhri,0.014084507042253521,1.0
explanations,0.014084507042253521,1.0
cme,0.014084507042253521,1.0
tragically,0.014084507042253521,1.0
confusion,0.014084507042253521,1.0
nyse,0.014084507042253521,1.0
facing,0.014084507042253521,1.0
menu,0.014084507042253521,1.0
paperwork,0.014084507042253521,1.0
dealers,0.014084507042253521,1.0
delivery,0.014084507042253521,1.0
basket,0.014084507042253521,1.0
fledged,0.014084507042253521,1.0
trusting,0.014084507042253521,1.0
readiness,0.014084507042253521,1.0
opine,0.014084507042253521,1.0
blunder,0.014084507042253521,1.0
anxious,0.014084507042253521,1.0
discover,0.014084507042253521,1.0
--may,0.014084507042253521,1.0
insecurity,0.014084507042253521,1.0
egg,0.014084507042253521,1.0
kinley,0.014084507042253521,1.0
changeââthe,0.014084507042253521,1.0
centralize,0.014084507042253521,1.0
codified,0.014084507042253521,1.0
coequal,0.014084507042253521,1.0
interdependencies,0.014084507042253521,1.0
screen,0.014084507042253521,1.0
percentile,0.014084507042253521,1.0
infamous,0.014084507042253521,1.0
leading,0.014084507042253521,1.0
discrimination,0.014084507042253521,1.0
adjustedââand,0.014084507042253521,1.0
baptist,0.014084507042253521,1.0
twitter,0.014084507042253521,1.0
prestige,0.014084507042253521,1.0
lucky,0.014084507042253521,1.0
cftc,0.014084507042253521,1.0
recurrent,0.014084507042253521,1.0
electronic,0.014084507042253521,1.0
intimidating,0.014084507042253521,1.0
eurodollars,0.014084507042253521,1.0
tree,0.014084507042253521,1.0
ccp,0.014084507042253521,1.0
brady,0.014084507042253521,1.0
appleton,0.014084507042253521,1.0
growing,0.014084507042253521,1.0
houses,0.014084507042253521,1.0
brokers,0.014084507042253521,1.0
2009b,0.014084507042253521,1.0
cannon,0.014084507042253521,1.0
instruments,0.014084507042253521,1.0
derivatives,0.014084507042253521,1.0
galvanize,0.014084507042253521,1.0
override,0.014084507042253521,1.0
maximizing,0.014084507042253521,1.0
bridgewater,0.014084507042253521,1.0
consumers,0.014084507042253521,1.0
reemerge,0.014084507042253521,1.0
twofold,0.014084507042253521,1.0
renege,0.014084507042253521,1.0
overwhelmed,0.014084507042253521,1.0
definite,0.014084507042253521,1.0
death,0.014084507042253521,1.0
complementarity,0.014084507042253521,1.0
deadline,0.014084507042253521,1.0
hsieh,0.014084507042253521,1.0
static,0.014084507042253521,1.0
agonizing,0.014084507042253521,1.0
ken,0.014084507042253521,1.0
u.,0.014084507042253521,1.0
nonminority,0.014084507042253521,1.0
2007b,0.014084507042253521,1.0
jorgenson,0.014084507042253521,1.0
discouragement,0.014084507042253521,1.0
terry,0.014084507042253521,1.0
enforceable,0.014084507042253521,1.0
haas,0.014084507042253521,1.0
marcus,0.014084507042253521,1.0
prioritize,0.014084507042253521,1.0
needless,0.014084507042253521,1.0
christina,0.014084507042253521,1.0
retool,0.014084507042253521,1.0
decelerating,0.014084507042253521,1.0
--could,0.014084507042253521,1.0
hippocratic,0.014084507042253521,1.0
corner,0.014084507042253521,1.0
âliquidation,0.014084507042253521,1.0
trustworthy,0.014084507042253521,1.0
oath,0.014084507042253521,1.0
nudge,0.014084507042253521,1.0
bipartisan,0.014084507042253521,1.0
willis,0.014084507042253521,1.0
satisfaction,0.014084507042253521,1.0
seat,0.014084507042253521,1.0
mistaken,0.014084507042253521,1.0
unpredictable,0.014084507042253521,1.0
portal,0.014084507042253521,1.0
scar,0.014084507042253521,1.0
pin,0.014084507042253521,1.0
academy,0.014084507042253521,1.0
furnish,0.014084507042253521,1.0
12a(c,0.014084507042253521,1.0
deceleration,0.014084507042253521,1.0
speaker,0.014084507042253521,1.0
interior,0.014084507042253521,1.0
subsume,0.014084507042253521,1.0
cities,0.014084507042253521,1.0
unanchore,0.014084507042253521,1.0
restraining,0.014084507042253521,1.0
twin,0.014084507042253521,1.0
shall,0.014084507042253521,1.0
permanently,0.014084507042253521,1.0
indicative,0.014084507042253521,1.0
idealized,0.014084507042253521,1.0
chen,0.014084507042253521,1.0
fallow,0.014084507042253521,1.0
warnock,0.014084507042253521,1.0
judd,0.014084507042253521,1.0
hindrance,0.014084507042253521,1.0
insufficiency,0.014084507042253521,1.0
robertson,0.014084507042253521,1.0
retrenchment,0.014084507042253521,1.0
polak,0.014084507042253521,1.0
preferably,0.014084507042253521,1.0
1951â,0.014084507042253521,1.0
waves,0.014084507042253521,1.0
resurgence,0.014084507042253521,1.0
morph,0.014084507042253521,1.0
jekylll,0.014084507042253521,1.0
wicksell,0.014084507042253521,1.0
suspension,0.014084507042253521,1.0
michelis,0.014084507042253521,1.0
lulled,0.014084507042253521,1.0
criticism,0.014084507042253521,1.0
sideline,0.014084507042253521,1.0
undeniable,0.014084507042253521,1.0
tv,0.014084507042253521,1.0
resultant,0.014084507042253521,1.0
diet,0.014084507042253521,1.0
envy,0.014084507042253521,1.0
annum,0.014084507042253521,1.0
extraction,0.014084507042253521,1.0
elaboration,0.014084507042253521,1.0
forbes,0.014084507042253521,1.0
buttress,0.014084507042253521,1.0
redound,0.014084507042253521,1.0
lindsey,0.014084507042253521,1.0
plague,0.014084507042253521,1.0
contracts,0.014084507042253521,1.0
changed,0.014084507042253521,1.0
cpb,0.014084507042253521,1.0
meek,0.014084507042253521,1.0
autonomous,0.014084507042253521,1.0
lars,0.014084507042253521,1.0
stops,0.014084507042253521,1.0
adopter,0.014084507042253521,1.0
elicit,0.014084507042253521,1.0
knut,0.014084507042253521,1.0
obey,0.014084507042253521,1.0
israel,0.014084507042253521,1.0
petroleum,0.014084507042253521,1.0
overbuilding,0.014084507042253521,1.0
inflows,0.014084507042253521,1.0
ferrero,0.014084507042253521,1.0
warburg,0.014084507042253521,1.0
importer,0.014084507042253521,1.0
backdrop,0.014084507042253521,1.0
spf,0.014084507042253521,1.0
transport,0.014084507042253521,1.0
ingrain,0.014084507042253521,1.0
instantaneously,0.014084507042253521,1.0
slip,0.014084507042253521,1.0
paint,0.014084507042253521,1.0
redline,0.014084507042253521,1.0
levels,0.014084507042253521,1.0
surveys,0.014084507042253521,1.0
seventies,0.014084507042253521,1.0
overoptimistic,0.014084507042253521,1.0
zivney,0.014084507042253521,1.0
times,0.014084507042253521,1.0
increasing,0.014084507042253521,1.0
disbursement,0.014084507042253521,1.0
withhold,0.014084507042253521,1.0
brinksmanship,0.014084507042253521,1.0
carlson,0.014084507042253521,1.0
peacetime,0.014084507042253521,1.0
corn,0.014084507042253521,1.0
dignity,0.014084507042253521,1.0
uncompleted,0.014084507042253521,1.0
randolph,0.014084507042253521,1.0
sprague,0.014084507042253521,1.0
clarida,0.014084507042253521,1.0
cumulatively,0.014084507042253521,1.0
francis,0.014084507042253521,1.0
noyes,0.014084507042253521,1.0
fruition,0.014084507042253521,1.0
unevenness,0.014084507042253521,1.0
philosophy,0.014084507042253521,1.0
libyan,0.014084507042253521,1.0
sympathetic,0.014084507042253521,1.0
10b,0.014084507042253521,1.0
cyclically,0.014084507042253521,1.0
diffused,0.014084507042253521,1.0
haibin,0.014084507042253521,1.0
palumbo,0.014084507042253521,1.0
hawley,0.014084507042253521,1.0
electoral,0.014084507042253521,1.0
www.federalreserve.gov/aboutthefed/centennial/about.htm,0.014084507042253521,1.0
"risk""--the",0.014084507042253521,1.0
oriented,0.014084507042253521,1.0
traction,0.014084507042253521,1.0
subcommittee,0.014084507042253521,1.0
essay,0.014084507042253521,1.0
sloos,0.014084507042253521,1.0
hot,0.014084507042253521,1.0
ses,0.014084507042253521,1.0
mexican,0.014084507042253521,1.0
prestigious,0.014084507042253521,1.0
brunt,0.014084507042253521,1.0
--leave,0.014084507042253521,1.0
offsetting,0.014084507042253521,1.0
investment-,0.014084507042253521,1.0
wellâanchore,0.014084507042253521,1.0
c.f.,0.014084507042253521,1.0
deliberate,0.014084507042253521,1.0
depart,0.014084507042253521,1.0
cemla,0.014084507042253521,1.0
unintentionally,0.014084507042253521,1.0
egon,0.014084507042253521,1.0
scarcer,0.014084507042253521,1.0
mitigating,0.014084507042253521,1.0
classification,0.014084507042253521,1.0
dip,0.014084507042253521,1.0
districts,0.014084507042253521,1.0
driscoll,0.014084507042253521,1.0
immutable,0.014084507042253521,1.0
c&i,0.014084507042253521,1.0
preset,0.014084507042253521,1.0
klee,0.014084507042253521,1.0
outperform,0.014084507042253521,1.0
seminar,0.014084507042253521,1.0
entrench,0.014084507042253521,1.0
baseball,0.014084507042253521,1.0
questions,0.014084507042253521,1.0
âmethod,0.014084507042253521,1.0
emanate,0.014084507042253521,1.0
antulio,0.014084507042253521,1.0
bomfim,0.014084507042253521,1.0
agustín,0.014084507042253521,1.0
adi,0.014084507042253521,1.0
talent,0.014084507042253521,1.0
constellation,0.014084507042253521,1.0
informational,0.014084507042253521,1.0
degrade,0.014084507042253521,1.0
optimizing,0.014084507042253521,1.0
counterfactual,0.014084507042253521,1.0
matching,0.014084507042253521,1.0
hicks,0.014084507042253521,1.0
heeding,0.014084507042253521,1.0
americas,0.014084507042253521,1.0
dial,0.014084507042253521,1.0
coincidence,0.014084507042253521,1.0
laurence,0.014084507042253521,1.0
bassett,0.014084507042253521,1.0
spillovers,0.014084507042253521,1.0
oversimplify,0.014084507042253521,1.0
guest,0.014084507042253521,1.0
levered,0.014084507042253521,1.0
geography,0.014084507042253521,1.0
minor,0.014084507042253521,1.0
developed,0.014084507042253521,1.0
harmful,0.014084507042253521,1.0
dislodge,0.014084507042253521,1.0
drift,0.014084507042253521,1.0
theirs,0.014084507042253521,1.0
imperfectly,0.014084507042253521,1.0
modal,0.014084507042253521,1.0
ebb,0.014084507042253521,1.0
god,0.014084507042253521,1.0
dialogue,0.014084507042253521,1.0
lightly,0.014084507042253521,1.0
adam,0.014084507042253521,1.0
saxena,0.014084507042253521,1.0
jon,0.014084507042253521,1.0
pamphlet,0.014084507042253521,1.0
uncoordinated,0.014084507042253521,1.0
antecedent,0.014084507042253521,1.0
forcibly,0.014084507042253521,1.0
comfortably,0.014084507042253521,1.0
alejandro,0.014084507042253521,1.0
http://econclubny.com/events/transcript_mervynking2012.pdf,0.014084507042253521,1.0
smoot,0.014084507042253521,1.0
products,0.014084507042253521,1.0
mismanage,0.014084507042253521,1.0
bore,0.014084507042253521,1.0
identifiable,0.014084507042253521,1.0
reckoning,0.014084507042253521,1.0
postfinancing,0.014084507042253521,1.0
stark,0.014084507042253521,1.0
montagu,0.014084507042253521,1.0
weekâs,0.014084507042253521,1.0
thy,0.014084507042253521,1.0
fratzscher,0.014084507042253521,1.0
roland,0.014084507042253521,1.0
jonas,0.014084507042253521,1.0
immature,0.014084507042253521,1.0
confuse,0.014084507042253521,1.0
await,0.014084507042253521,1.0
antoine,0.014084507042253521,1.0
unofficial,0.014084507042253521,1.0
sketch,0.014084507042253521,1.0
copeland,0.014084507042253521,1.0
inc.,0.014084507042253521,1.0
prohibition,0.014084507042253521,1.0
voluntarily,0.014084507042253521,1.0
g7,0.014084507042253521,1.0
elizabeth,0.014084507042253521,1.0
walker,0.014084507042253521,1.0
opt,0.014084507042253521,1.0
pernicious,0.014084507042253521,1.0
drastically,0.014084507042253521,1.0
overvalue,0.014084507042253521,1.0
heje,0.014084507042253521,1.0
nominally,0.014084507042253521,1.0
tick,0.014084507042253521,1.0
float,0.014084507042253521,1.0
upgrade,0.014084507042253521,1.0
chosak,0.014084507042253521,1.0
beat,0.014084507042253521,1.0
buyback,0.014084507042253521,1.0
flush,0.014084507042253521,1.0
unexplained,0.014084507042253521,1.0
atypical,0.014084507042253521,1.0
"debt""--printe",0.014084507042253521,1.0
neighbour,0.014084507042253521,1.0
--first,0.014084507042253521,1.0
eve,0.014084507042253521,1.0
authorityâânow,0.014084507042253521,1.0
uncommon,0.014084507042253521,1.0
teacher,0.014084507042253521,1.0
diversification,0.014084507042253521,1.0
mccabe,0.014084507042253521,1.0
checking,0.014084507042253521,1.0
unfundable,0.014084507042253521,1.0
minimization,0.014084507042253521,1.0
plausibly,0.014084507042253521,1.0
unwieldy,0.014084507042253521,1.0
disproportionate,0.014084507042253521,1.0
conceptual,0.014084507042253521,1.0
defect,0.014084507042253521,1.0
guise,0.014084507042253521,1.0
gainsââanother,0.014084507042253521,1.0
punch,0.014084507042253521,1.0
curious,0.014084507042253521,1.0
europeans,0.014084507042253521,1.0
frictionless,0.014084507042253521,1.0
christensen,0.014084507042253521,1.0
moritz,0.014084507042253521,1.0
equivalence,0.014084507042253521,1.0
vivid,0.014084507042253521,1.0
liftoff,0.014084507042253521,1.0
implausible,0.014084507042253521,1.0
fuster,0.014084507042253521,1.0
quinn,0.014084507042253521,1.0
firming,0.014084507042253521,1.0
lessening,0.014084507042253521,1.0
10âyear,0.014084507042253521,1.0
provisional,0.014084507042253521,1.0
daedalus,0.014084507042253521,1.0
substitutable,0.014084507042253521,1.0
sutch,0.014084507042253521,1.0
h.e.,0.014084507042253521,1.0
brunner,0.014084507042253521,1.0
ricardian,0.014084507042253521,1.0
insights,0.014084507042253521,1.0
sunderam,0.014084507042253521,1.0
transactions,0.014084507042253521,1.0
standpoint,0.014084507042253521,1.0
daly,0.014084507042253521,1.0
seth,0.014084507042253521,1.0
moen,0.014084507042253521,1.0
farm,0.014084507042253521,1.0
lsaps)--specifically,0.014084507042253521,1.0
qe2,0.014084507042253521,1.0
jens,0.014084507042253521,1.0
baker,0.014084507042253521,1.0
treasuries,0.014084507042253521,1.0
pandl,0.014084507042253521,1.0
lifting,0.014084507042253521,1.0
heinze,0.014084507042253521,1.0
refute,0.014084507042253521,1.0
spletzer,0.014084507042253521,1.0
inoperative,0.014084507042253521,1.0
morse,0.014084507042253521,1.0
andrés,0.014084507042253521,1.0
speculation,0.014084507042253521,1.0
woods,0.014084507042253521,1.0
substitutability,0.014084507042253521,1.0
imposition,0.014084507042253521,1.0
janet,0.014084507042253521,1.0
--it,0.014084507042253521,1.0
aysegul,0.014084507042253521,1.0
territory,0.014084507042253521,1.0
multipli,0.014084507042253521,1.0
booms,0.014084507042253521,1.0
conditionsââand,0.014084507042253521,1.0
haubrich,0.014084507042253521,1.0
jørgensen,0.014084507042253521,1.0
assertion,0.014084507042253521,1.0
justiniano,0.014084507042253521,1.0
discord,0.014084507042253521,1.0
valerie,0.014084507042253521,1.0
www.federalreserve.gov/monetarypolicy/files/fomc_longerrungoals.pdf,0.014084507042253521,1.0
inertial,0.014084507042253521,1.0
spite,0.014084507042253521,1.0
tokyo,0.014084507042253521,1.0
thoughts,0.014084507042253521,1.0
internalization,0.014084507042253521,1.0
paydown,0.014084507042253521,1.0
unsure,0.014084507042253521,1.0
firewall,0.014084507042253521,1.0
phasing,0.014084507042253521,1.0
twist,0.014084507042253521,1.0
frameworks,0.014084507042253521,1.0
fueled,0.014084507042253521,1.0
pipeline,0.014084507042253521,1.0
signaling,0.014084507042253521,1.0
quickening,0.014084507042253521,1.0
misperception,0.014084507042253521,1.0
insightful,0.014084507042253521,1.0
waste,0.014084507042253521,1.0
sheets,0.014084507042253521,1.0
augustus,0.014084507042253521,1.0
vart,0.014084507042253521,1.0
mathew,0.014084507042253521,1.0
finish,0.014084507042253521,1.0
loosen,0.014084507042253521,1.0
surprised,0.014084507042253521,1.0
sandy,0.014084507042253521,1.0
sentence,0.014084507042253521,1.0
ecs,0.014084507042253521,1.0
2012b,0.014084507042253521,1.0
meyer,0.014084507042253521,1.0
cerra,0.014084507042253521,1.0
luis,0.014084507042253521,1.0
ironically,0.014084507042253521,1.0
nationals,0.014084507042253521,1.0
gray,0.014084507042253521,1.0
knock,0.014084507042253521,1.0
widening,0.014084507042253521,1.0
guru,0.014084507042253521,1.0
valleta,0.014084507042253521,1.0
peso,0.014084507042253521,1.0
ignite,0.014084507042253521,1.0
downgrading,0.014084507042253521,1.0
franco,0.014084507042253521,1.0
inclusive,0.014084507042253521,1.0
5â,0.014084507042253521,1.0
ihrig,0.014084507042253521,1.0
strikingly,0.014084507042253521,1.0
multipronged,0.014084507042253521,1.0
bonds,0.014084507042253521,1.0
tack,0.014084507042253521,1.0
bedrock,0.014084507042253521,1.0
prolifically,0.014084507042253521,1.0
knickerbocker,0.014084507042253521,1.0
swaption,0.014084507042253521,1.0
protected,0.014084507042253521,1.0
urgent,0.014084507042253521,1.0
purple,0.014084507042253521,1.0
revert,0.014084507042253521,1.0
placid,0.014084507042253521,1.0
recessions,0.014084507042253521,1.0
symmetric,0.014084507042253521,1.0
monetarist,0.014084507042253521,1.0
carrot,0.014084507042253521,1.0
satisfactory,0.014084507042253521,1.0
dinner,0.014084507042253521,1.0
forecasts,0.014084507042253521,1.0
advisers,0.014084507042253521,1.0
sweta,0.014084507042253521,1.0
cheat,0.014084507042253521,1.0
tips,0.014084507042253521,1.0
bondholder,0.014084507042253521,1.0
orange,0.014084507042253521,1.0
posen,0.014084507042253521,1.0
secrecy,0.014084507042253521,1.0
viceira,0.014084507042253521,1.0
yun,0.014084507042253521,1.0
blush,0.014084507042253521,1.0
flattening,0.014084507042253521,1.0
impervious,0.014084507042253521,1.0
don,0.014084507042253521,1.0
marketeers,0.014084507042253521,1.0
father,0.014084507042253521,1.0
chaman,0.014084507042253521,1.0
wright,0.014084507042253521,1.0
delve,0.014084507042253521,1.0
dampen,0.014084507042253521,1.0
diversion,0.014084507042253521,1.0
refinement,0.014084507042253521,1.0
americansâ-certainly,0.014084507042253521,1.0
children,0.014084507042253521,1.0
estimation,0.014084507042253521,1.0
zhaoli,0.014084507042253521,1.0
burgard,0.014084507042253521,1.0
connie,0.014084507042253521,1.0
atrophy,0.014084507042253521,1.0
oreopoulos,0.014084507042253521,1.0
stone,0.014084507042253521,1.0
friends,0.014084507042253521,1.0
monetize,0.014084507042253521,1.0
glass,0.014084507042253521,1.0
platform,0.014084507042253521,1.0
topa,0.014084507042253521,1.0
2007a,0.014084507042253521,1.0
faberman,0.014084507042253521,1.0
wang,0.014084507042253521,1.0
h.r.,0.014084507042253521,1.0
geographic,0.014084507042253521,1.0
dovetail,0.014084507042253521,1.0
addressing,0.014084507042253521,1.0
rateââha,0.014084507042253521,1.0
roelfs,0.014084507042253521,1.0
buffers,0.014084507042253521,1.0
jessamyn,0.014084507042253521,1.0
till,0.014084507042253521,1.0
anemic,0.014084507042253521,1.0
ceremony,0.014084507042253521,1.0
lazear,0.014084507042253521,1.0
bright,0.014084507042253521,1.0
gone,0.014084507042253521,1.0
rasche,0.014084507042253521,1.0
tolerance,0.014084507042253521,1.0
progressively,0.014084507042253521,1.0
hao,0.014084507042253521,1.0
logical,0.014084507042253521,1.0
graphically,0.014084507042253521,1.0
reliably,0.014084507042253521,1.0
unsurprisingly,0.014084507042253521,1.0
deity,0.014084507042253521,1.0
d.e.,0.014084507042253521,1.0
offing,0.014084507042253521,1.0
financier,0.014084507042253521,1.0
aftereffect,0.014084507042253521,1.0
enlighten,0.014084507042253521,1.0
bloomberg,0.014084507042253521,1.0
soledad,0.014084507042253521,1.0
schaller,0.014084507042253521,1.0
o.m.w.,0.014084507042253521,1.0
joan,0.014084507042253521,1.0
ann,0.014084507042253521,1.0
wheelock,0.014084507042253521,1.0
israeli,0.014084507042253521,1.0
alongside,0.014084507042253521,1.0
essayist,0.014084507042253521,1.0
bart,0.014084507042253521,1.0
blog,0.014084507042253521,1.0
schechter,0.014084507042253521,1.0
factual,0.014084507042253521,1.0
disposition,0.014084507042253521,1.0
jacket,0.014084507042253521,1.0
zero-,0.014084507042253521,1.0
tariff,0.014084507042253521,1.0
displacement,0.014084507042253521,1.0
predominate,0.014084507042253521,1.0
eran,0.014084507042253521,1.0
elmendorf,0.014084507042253521,1.0
wanberg,0.014084507042253521,1.0
remedies,0.014084507042253521,1.0
marginally,0.014084507042253521,1.0
frances,0.014084507042253521,1.0
--still,0.014084507042253521,1.0
diagram,0.014084507042253521,1.0
karina,0.014084507042253521,1.0
hover,0.014084507042253521,1.0
skilled,0.014084507042253521,1.0
ingrid,0.014084507042253521,1.0
raphael,0.014084507042253521,1.0
furman,0.014084507042253521,1.0
incline,0.014084507042253521,1.0
misuzu,0.014084507042253521,1.0
unreasonable,0.014084507042253521,1.0
smith,0.014084507042253521,1.0
los,0.014084507042253521,1.0
experian,0.014084507042253521,1.0
conceptualize,0.014084507042253521,1.0
dan,0.014084507042253521,1.0
reinterpretation,0.014084507042253521,1.0
anthony,0.014084507042253521,1.0
transform,0.014084507042253521,1.0
impairs,0.014084507042253521,1.0
mortgageââare,0.014084507042253521,1.0
apartment,0.014084507042253521,1.0
vicky,0.014084507042253521,1.0
redistribute,0.014084507042253521,1.0
lull,0.014084507042253521,1.0
acharya,0.014084507042253521,1.0
keen,0.014084507042253521,1.0
pathak,0.014084507042253521,1.0
involuntary,0.014084507042253521,1.0
oreo,0.014084507042253521,1.0
geoff,0.014084507042253521,1.0
remaining,0.014084507042253521,1.0
lively,0.014084507042253521,1.0
richardson,0.014084507042253521,1.0
vegas,0.014084507042253521,1.0
viral,0.014084507042253521,1.0
medians,0.014084507042253521,1.0
bryant,0.014084507042253521,1.0
jacobson,0.014084507042253521,1.0
renting,0.014084507042253521,1.0
renter,0.014084507042253521,1.0
huff,0.014084507042253521,1.0
languishe,0.014084507042253521,1.0
bhashkar,0.014084507042253521,1.0
ellis,0.014084507042253521,1.0
mckee,0.014084507042253521,1.0
parental,0.014084507042253521,1.0
medicine,0.014084507042253521,1.0
kalil,0.014084507042253521,1.0
mass,0.014084507042253521,1.0
attractiveness,0.014084507042253521,1.0
slop,0.014084507042253521,1.0
applied,0.014084507042253521,1.0
addendum,0.014084507042253521,1.0
marianne,0.014084507042253521,1.0
briefing,0.014084507042253521,1.0
thoughtful,0.014084507042253521,1.0
adherent,0.014084507042253521,1.0
regularity,0.014084507042253521,1.0
"risk""--that",0.014084507042253521,1.0
teenager,0.014084507042253521,1.0
aysegül,0.014084507042253521,1.0
carroll,0.014084507042253521,1.0
sync,0.014084507042253521,1.0
aspire,0.014084507042253521,1.0
rakesh,0.014084507042253521,1.0
midwest,0.014084507042253521,1.0
mazumder,0.014084507042253521,1.0
ralf,0.014084507042253521,1.0
morin,0.014084507042253521,1.0
xin,0.014084507042253521,1.0
redeemable,0.014084507042253521,1.0
song,0.014084507042253521,1.0
jennie,0.014084507042253521,1.0
accomplishment,0.014084507042253521,1.0
consumer-,0.014084507042253521,1.0
assemble,0.014084507042253521,1.0
pifer,0.014084507042253521,1.0
quantitatively,0.014084507042253521,1.0
promiseââbut,0.014084507042253521,1.0
mit,0.014084507042253521,1.0
www.forexmg-pt.com/,0.014084507042253521,1.0
strait,0.014084507042253521,1.0
schapiro,0.014084507042253521,1.0
www.federalreserve.gov/econresdata/releases/scoos.htm,0.014084507042253521,1.0
cure,0.014084507042253521,1.0
protectionist,0.014084507042253521,1.0
commend,0.014084507042253521,1.0
boote,0.014084507042253521,1.0
friction,0.014084507042253521,1.0
footprint,0.014084507042253521,1.0
correspondent,0.014084507042253521,1.0
circumscribe,0.014084507042253521,1.0
prematurely,0.014084507042253521,1.0
www.federalreserve.gov/monetarypolicy/fomcminutes20130918ep.htm,0.014084507042253521,1.0
decry,0.014084507042253521,1.0
asymmetry,0.014084507042253521,1.0
2a-,0.014084507042253521,1.0
posting,0.014084507042253521,1.0
sponsorship,0.014084507042253521,1.0
compound,0.014084507042253521,1.0
overleveraged,0.014084507042253521,1.0
consolidate,0.014084507042253521,1.0
affiliated,0.014084507042253521,1.0
/bank,0.014084507042253521,1.0
indefinite,0.014084507042253521,1.0
d.m.,0.014084507042253521,1.0
apt,0.014084507042253521,1.0
appearance,0.014084507042253521,1.0
textbook,0.014084507042253521,1.0
detriment,0.014084507042253521,1.0
fine,0.014084507042253521,1.0
pt,0.014084507042253521,1.0
subtitle,0.014084507042253521,1.0
devil,0.014084507042253521,1.0
lo,0.014084507042253521,1.0
describing,0.014084507042253521,1.0
adjoining,0.014084507042253521,1.0
preside,0.014084507042253521,1.0
irrespective,0.014084507042253521,1.0
releases,0.014084507042253521,1.0
divert,0.014084507042253521,1.0
preâcrisis,0.014084507042253521,1.0
reconstructed,0.014084507042253521,1.0
throe,0.014084507042253521,1.0
carstens,0.014084507042253521,1.0
contributor,0.014084507042253521,1.0
rin,0.014084507042253521,1.0
--in,0.014084507042253521,1.0
bearing,0.014084507042253521,1.0
stave,0.014084507042253521,1.0
beggar,0.014084507042253521,1.0
tribute,0.014084507042253521,1.0
fsb,0.014084507042253521,1.0
stan,0.014084507042253521,1.0
sponsoring,0.014084507042253521,1.0
demur,0.014084507042253521,1.0
hyperinflation,0.014084507042253521,1.0
fat,0.014084507042253521,1.0
norman,0.014084507042253521,1.0
evans,0.014084507042253521,1.0
preempt,0.014084507042253521,1.0
robinson,0.014084507042253521,1.0
auspicious,0.014084507042253521,1.0
c.f.r.,0.014084507042253521,1.0
convenience,0.014084507042253521,1.0
stride,0.014084507042253521,1.0
interpretive,0.014084507042253521,1.0
automotive,0.014084507042253521,1.0
carpenter,0.014084507042253521,1.0
overshadow,0.014084507042253521,1.0
painstakingly,0.014084507042253521,1.0
ariel,0.014084507042253521,1.0
elsby,0.014084507042253521,1.0
lengthening,0.014084507042253521,1.0
diplomat,0.014084507042253521,1.0
angelo,0.014084507042253521,1.0
wightman,0.014084507042253521,1.0
echo,0.014084507042253521,1.0
suitably,0.014084507042253521,1.0
industrialization,0.014084507042253521,1.0
doubling,0.014084507042253521,1.0
c.a.e.,0.014084507042253521,1.0
conquest,0.014084507042253521,1.0
columbia,0.014084507042253521,1.0
shani,0.014084507042253521,1.0
u-,0.014084507042253521,1.0
quit,0.014084507042253521,1.0
outward,0.014084507042253521,1.0
rebecca,0.014084507042253521,1.0
okun,0.014084507042253521,1.0
aaronson,0.014084507042253521,1.0
layoffs,0.014084507042253521,1.0
meta,0.014084507042253521,1.0
livelihood,0.014084507042253521,1.0
inward,0.014084507042253521,1.0
analytic,0.014084507042253521,1.0
manchester,0.014084507042253521,1.0
stressârelate,0.014084507042253521,1.0
professionalism,0.014084507042253521,1.0
ryan,0.014084507042253521,1.0
jure,0.014084507042253521,1.0
moggridge,0.014084507042253521,1.0
venerable,0.014084507042253521,1.0
schularick,0.014084507042253521,1.0
deftly,0.014084507042253521,1.0
families,0.014084507042253521,1.0
dockterman,0.014084507042253521,1.0
romer,0.014084507042253521,1.0
reflation,0.014084507042253521,1.0
refocus,0.014084507042253521,1.0
brand,0.014084507042253521,1.0
kochhar,0.014084507042253521,1.0
discouraged,0.014084507042253521,1.0
hinze,0.014084507042253521,1.0
violante,0.014084507042253521,1.0
kinicki,0.014084507042253521,1.0
topple,0.014084507042253521,1.0
parker,0.014084507042253521,1.0
www.treasury.gov/initiatives/fsoc/pages/final-rules.aspx,0.014084507042253521,1.0
internalize,0.014084507042253521,1.0
-aa00,0.014084507042253521,1.0
practicably,0.014084507042253521,1.0
abandonment,0.014084507042253521,1.0
sunlight,0.014084507042253521,1.0
tests,0.014084507042253521,1.0
fruit,0.014084507042253521,1.0
mervyn,0.014084507042253521,1.0
leery,0.014084507042253521,1.0
wachter,0.014084507042253521,1.0
churchill,0.014084507042253521,1.0
wendy,0.014084507042253521,1.0
straub,0.014084507042253521,1.0
seminal,0.014084507042253521,1.0
stroke,0.014084507042253521,1.0
unnecessarily,0.014084507042253521,1.0
intergenerational,0.014084507042253521,1.0
shor,0.014084507042253521,1.0
cepr,0.014084507042253521,1.0
espinoza,0.014084507042253521,1.0
valid,0.014084507042253521,1.0
predicament,0.014084507042253521,1.0
giorgio,0.014084507042253521,1.0
dawson,0.014084507042253521,1.0
psychology,0.014084507042253521,1.0
nfib,0.014084507042253521,1.0
publications,0.014084507042253521,1.0
choices,0.014084507042253521,1.0
"runs""--for",0.014084507042253521,1.0
demandable,0.014084507042253521,1.0
ing,0.014084507042253521,1.0
noteworthy,0.014084507042253521,1.0
following,0.014084507042253521,1.0
lynch,0.014084507042253521,1.0
rhine,0.014084507042253521,1.0
merrill,0.014084507042253521,1.0
hbos,0.014084507042253521,1.0
u.k,0.014084507042253521,1.0
arrangements,0.014084507042253521,1.0
deteriorating,0.014084507042253521,1.0
abundantly,0.014084507042253521,1.0
unprofitable,0.014084507042253521,1.0
scotland,0.014084507042253521,1.0
carey,0.014084507042253521,1.0
correa,0.014084507042253521,1.0
exhaustive,0.014084507042253521,1.0
whipsaw,0.014084507042253521,1.0
icelandic,0.014084507042253521,1.0
lineage,0.014084507042253521,1.0
afterward,0.014084507042253521,1.0
tsb,0.014084507042253521,1.0
sachsen,0.014084507042253521,1.0
steamroller,0.014084507042253521,1.0
moderated,0.014084507042253521,1.0
innovate,0.014084507042253521,1.0
nondeposit,0.014084507042253521,1.0
ended,0.014084507042253521,1.0
o.,0.014084507042253521,1.0
kotter,0.014084507042253521,1.0
dexia,0.014084507042253521,1.0
inefficient,0.014084507042253521,1.0
intensifie,0.014084507042253521,1.0
rbs,0.014084507042253521,1.0
improbable,0.014084507042253521,1.0
blurry,0.014084507042253521,1.0
rajan,0.014084507042253521,1.0
nationalize,0.014084507042253521,1.0
--have,0.014084507042253521,1.0
yale,0.014084507042253521,1.0
raghuram,0.014084507042253521,1.0
merge,0.014084507042253521,1.0
carlos,0.014084507042253521,1.0
lb,0.014084507042253521,1.0
westphalia,0.014084507042253521,1.0
predicate,0.014084507042253521,1.0
harbor,0.014084507042253521,1.0
universal,0.014084507042253521,1.0
ubs,0.014084507042253521,1.0
fortis,0.014084507042253521,1.0
hypo,0.014084507042253521,1.0
speedy,0.014084507042253521,1.0
identical,0.014084507042253521,1.0
german,0.014084507042253521,1.0
distrustful,0.014084507042253521,1.0
unforecasted,0.014084507042253521,1.0
geithner,0.014084507042253521,1.0
arsenal,0.014084507042253521,1.0
discomfort,0.014084507042253521,1.0
shutdown,0.014084507042253521,1.0
banks--,0.014084507042253521,1.0
remotely,0.014084507042253521,1.0
n.c.,0.014084507042253521,1.0
analogue,0.014084507042253521,1.0
ikb,0.014084507042253521,1.0
clarendon,0.014084507042253521,1.0
instant,0.014084507042253521,1.0
revenge,0.014084507042253521,1.0
opposition,0.014084507042253521,1.0
clapham,0.014084507042253521,1.0
irish,0.014084507042253521,1.0
structuring,0.014084507042253521,1.0
repose,0.014084507042253521,1.0
generalize,0.014084507042253521,1.0
nordic,0.014084507042253521,1.0
royal,0.014084507042253521,1.0
vastly,0.014084507042253521,1.0
videoconference,0.014084507042253521,1.0
inception,0.014084507042253521,1.0
lloyds,0.014084507042253521,1.0
arteta,0.014084507042253521,1.0
convocation,0.014084507042253521,1.0
counterintuitive,0.014084507042253521,1.0
unwarranted,0.014084507042253521,1.0
zhiguo,0.014084507042253521,1.0
dutch,0.014084507042253521,1.0
bingley,0.014084507042253521,1.0
xiong,0.014084507042253521,1.0
policyholder,0.014084507042253521,1.0
cancel,0.014084507042253521,1.0
unpredictably,0.014084507042253521,1.0
exodus,0.014084507042253521,1.0
careless,0.014084507042253521,1.0
wash,0.014084507042253521,1.0
vertically,0.014084507042253521,1.0
male,0.014084507042253521,1.0
demise,0.014084507042253521,1.0
lifeblood,0.014084507042253521,1.0
surgeon,0.014084507042253521,1.0
learning,0.014084507042253521,1.0
covering,0.014084507042253521,1.0
deepen,0.014084507042253521,1.0
gloomy,0.014084507042253521,1.0
conglomerate,0.014084507042253521,1.0
conscious,0.014084507042253521,1.0
egypt,0.014084507042253521,1.0
responder,0.014084507042253521,1.0
dose,0.014084507042253521,1.0
roster,0.014084507042253521,1.0
disguise,0.014084507042253521,1.0
worthless,0.014084507042253521,1.0
intensity,0.014084507042253521,1.0
imminently,0.014084507042253521,1.0
filmmaker,0.014084507042253521,1.0
faculty,0.014084507042253521,1.0
passover,0.014084507042253521,1.0
jews,0.014084507042253521,1.0
unsuccessfully,0.014084507042253521,1.0
suffice,0.014084507042253521,1.0
ssg,0.014084507042253521,1.0
paycheck,0.014084507042253521,1.0
declaration,0.014084507042253521,1.0
jr.,0.014084507042253521,1.0
mayor,0.014084507042253521,1.0
validation,0.014084507042253521,1.0
underestimation,0.014084507042253521,1.0
promised,0.014084507042253521,1.0
purported,0.014084507042253521,1.0
disciplined,0.014084507042253521,1.0
morehouse,0.014084507042253521,1.0
uncover,0.014084507042253521,1.0
slave,0.014084507042253521,1.0
overlook,0.014084507042253521,1.0
equipped,0.014084507042253521,1.0
satcher,0.014084507042253521,1.0
alumnus,0.014084507042253521,1.0
introspection,0.014084507042253521,1.0
overarching,0.014084507042253521,1.0
biennial,0.014084507042253521,1.0
abnormally,0.014084507042253521,1.0
dig,0.014084507042253521,1.0
forcefulness,0.014084507042253521,1.0
allied,0.014084507042253521,1.0
disseminate,0.014084507042253521,1.0
generous,0.014084507042253521,1.0
defensive,0.014084507042253521,1.0
chaotic,0.014084507042253521,1.0
leach,0.014084507042253521,1.0
greater,0.014084507042253521,1.0
bybank,0.014084507042253521,1.0
satisfactorily,0.014084507042253521,1.0
authorities,0.014084507042253521,1.0
notorious,0.014084507042253521,1.0
undetecte,0.014084507042253521,1.0
unsubstantiated,0.014084507042253521,1.0
permissible,0.014084507042253521,1.0
inadequacy,0.014084507042253521,1.0
bulwark,0.014084507042253521,1.0
differentiate,0.014084507042253521,1.0
easter,0.014084507042253521,1.0
patience,0.014084507042253521,1.0
1940,0.014084507042253521,1.0
morally,0.014084507042253521,1.0
horizontally,0.014084507042253521,1.0
revised,0.014084507042253521,1.0
delicate,0.014084507042253521,1.0
academically,0.014084507042253521,1.0
diligently,0.014084507042253521,1.0
bliley,0.014084507042253521,1.0
eat,0.014084507042253521,1.0
weaknesses,0.014084507042253521,1.0
subset,0.014084507042253521,1.0
vigilance,0.014084507042253521,1.0
attorney,0.014084507042253521,1.0
accustom,0.014084507042253521,1.0
drill,0.014084507042253521,1.0
unintended,0.014084507042253521,1.0
sir,0.014084507042253521,1.0
centric,0.014084507042253521,1.0
froze,0.014084507042253521,1.0
classify,0.014084507042253521,1.0
causes,0.014084507042253521,1.0
teenage,0.014084507042253521,1.0
benchmarke,0.014084507042253521,1.0
relapse,0.014084507042253521,1.0
logically,0.014084507042253521,1.0
determined,0.014084507042253521,1.0
ellwood,0.014084507042253521,1.0
packager,0.014084507042253521,1.0
timothy,0.014084507042253521,1.0
wyoming,0.014084507042253521,1.0
blemishes,0.014084507042253521,1.0
freeman,0.014084507042253521,1.0
durability,0.014084507042253521,1.0
hesitant,0.014084507042253521,1.0
plant,0.014084507042253521,1.0
diffusion,0.014084507042253521,1.0
branches,0.014084507042253521,1.0
inspiration,0.014084507042253521,1.0
waning,0.014084507042253521,1.0
bls,0.014084507042253521,1.0
outbreak,0.014084507042253521,1.0
bullion,0.014084507042253521,1.0
mroz,0.014084507042253521,1.0
h.l.,0.014084507042253521,1.0
se,0.014084507042253521,1.0
-i,0.014084507042253521,1.0
parliament,0.014084507042253521,1.0
pittsburgh,0.014084507042253521,1.0
reevaluate,0.014084507042253521,1.0
on-,0.014084507042253521,1.0
ingredient,0.014084507042253521,1.0
proposed,0.014084507042253521,1.0
--preliminary,0.014084507042253521,1.0
hyun,0.014084507042253521,1.0
licensing,0.014084507042253521,1.0
cmbs,0.014084507042253521,1.0
paradoxical,0.014084507042253521,1.0
worrisome,0.014084507042253521,1.0
resources,0.014084507042253521,1.0
scars,0.014084507042253521,1.0
weakened,0.014084507042253521,1.0
nonsupervisory,0.014084507042253521,1.0
lawyer,0.014084507042253521,1.0
faq,0.014084507042253521,1.0
hostage,0.014084507042253521,1.0
internet,0.014084507042253521,1.0
proponent,0.014084507042253521,1.0
responsiveness,0.014084507042253521,1.0
predate,0.014084507042253521,1.0
replicate,0.014084507042253521,1.0
iacoviello,0.014084507042253521,1.0
econometrician,0.014084507042253521,1.0
journals,0.014084507042253521,1.0
marek,0.014084507042253521,1.0
foremost,0.014084507042253521,1.0
jarocinski,0.014084507042253521,1.0
surgical,0.014084507042253521,1.0
convinced,0.014084507042253521,1.0
ï,0.014084507042253521,1.0
dokko,0.014084507042253521,1.0
suggestion,0.014084507042253521,1.0
vector,0.014084507042253521,1.0
validity,0.014084507042253521,1.0
diligence,0.014084507042253521,1.0
underappreciated,0.014084507042253521,1.0
fasb,0.014084507042253521,1.0
kole,0.014084507042253521,1.0
overseer,0.014084507042253521,1.0
automaker,0.014084507042253521,1.0
sorely,0.014084507042253521,1.0
unspare,0.014084507042253521,1.0
buoy,0.014084507042253521,1.0
unseen,0.014084507042253521,1.0
ubiquitous,0.014084507042253521,1.0
thoroughgoe,0.014084507042253521,1.0
conclusions,0.014084507042253521,1.0
sake,0.014084507042253521,1.0
scrutinize,0.014084507042253521,1.0
pop,0.014084507042253521,1.0
uneasy,0.014084507042253521,1.0
chatham,0.014084507042253521,1.0
goââwithin,0.014084507042253521,1.0
specialize,0.014084507042253521,1.0
invasion,0.014084507042253521,1.0
industrialized,0.014084507042253521,1.0
appraiser,0.014084507042253521,1.0
simplified,0.014084507042253521,1.0
solicitation,0.014084507042253521,1.0
prohibitively,0.014084507042253521,1.0
necessitate,0.014084507042253521,1.0
haver,0.014084507042253521,1.0
film,0.014084507042253521,1.0
asiaââsuffer,0.014084507042253521,1.0
decouple,0.014084507042253521,1.0
capita,0.014084507042253521,1.0
powerhouse,0.014084507042253521,1.0
hodrick,0.014084507042253521,1.0
exposed,0.014084507042253521,1.0
socially,0.014084507042253521,1.0
underperform,0.014084507042253521,1.0
provisions,0.014084507042253521,1.0
climate,0.014084507042253521,1.0
forego,0.014084507042253521,1.0
lethal,0.014084507042253521,1.0
erecting,0.014084507042253521,1.0
intraregional,0.014084507042253521,1.0
remaking,0.014084507042253521,1.0
powers,0.014084507042253521,1.0
philippines,0.014084507042253521,1.0
protectionism,0.014084507042253521,1.0
grind,0.014084507042253521,1.0
bounce,0.014084507042253521,1.0
detract,0.014084507042253521,1.0
partnership,0.014084507042253521,1.0
bird,0.014084507042253521,1.0
intra,0.014084507042253521,1.0
miscellaneous,0.014084507042253521,1.0
responsibly,0.014084507042253521,1.0
vault,0.014084507042253521,1.0
affecting,0.014084507042253521,1.0
unstinting,0.014084507042253521,1.0
row,0.014084507042253521,1.0
p.m.,0.014084507042253521,1.0
ordinarily,0.014084507042253521,1.0
nonmoney,0.014084507042253521,1.0
balances,0.014084507042253521,1.0
charlotte,0.014084507042253521,1.0
prelude,0.014084507042253521,1.0
poverty,0.014084507042253521,1.0
q4,0.014084507042253521,1.0
rupiah,0.014084507042253521,1.0
--and,0.014084507042253521,1.0
malaysia,0.014084507042253521,1.0
artificially,0.014084507042253521,1.0
measuring,0.014084507042253521,1.0
deflate,0.014084507042253521,1.0
turner,0.014084507042253521,1.0
lords,0.014084507042253521,1.0
remediation,0.014084507042253521,1.0
persaud,0.014084507042253521,1.0
integrated,0.014084507042253521,1.0
crockett,0.014084507042253521,1.0
appraisal,0.014084507042253521,1.0
improper,0.014084507042253521,1.0
syndication,0.014084507042253521,1.0
strengthened,0.014084507042253521,1.0
underprice,0.014084507042253521,1.0
subsidiaries,0.014084507042253521,1.0
summit,0.014084507042253521,1.0
intensely,0.014084507042253521,1.0
regulations,0.014084507042253521,1.0
enhancements,0.014084507042253521,1.0
flavor,0.014084507042253521,1.0
avinash,0.014084507042253521,1.0
eu,0.014084507042253521,1.0
stationary,0.014084507042253521,1.0
respon,0.014084507042253521,1.0
larosière,0.014084507042253521,1.0
q1,0.014084507042253521,1.0
motive,0.014084507042253521,1.0
annualize,0.014084507042253521,1.0
pacific,0.014084507042253521,1.0
pressing,0.014084507042253521,1.0
erupt,0.014084507042253521,1.0
pakistan,0.014084507042253521,1.0
tall,0.014084507042253521,1.0
amelioration,0.014084507042253521,1.0
indonesian,0.014084507042253521,1.0
-ii,0.014084507042253521,1.0
3âfold,0.014084507042253521,1.0
vietnam,0.014084507042253521,1.0
lectures,0.014084507042253521,1.0
indonesia,0.014084507042253521,1.0
advancement,0.014084507042253521,1.0
taiwan,0.014084507042253521,1.0
ascent,0.014084507042253521,1.0
outsize,0.014084507042253521,1.0
talented,0.014084507042253521,1.0
style,0.014084507042253521,1.0
interim,0.014084507042253521,1.0
chamber,0.014084507042253521,1.0
equip,0.014084507042253521,1.0
memorandum,0.014084507042253521,1.0
collaboratively,0.014084507042253521,1.0
lawmaker,0.014084507042253521,1.0
distinctive,0.014084507042253521,1.0
falloff,0.014084507042253521,1.0
fdicia,0.014084507042253521,1.0
boeing,0.014084507042253521,1.0
quiver,0.014084507042253521,1.0
incorrectly,0.014084507042253521,1.0
mou,0.014084507042253521,1.0
workload,0.014084507042253521,1.0
apgar,0.014084507042253521,1.0
divorce,0.014084507042253521,1.0
gorey,0.014084507042253521,1.0
occupier,0.014084507042253521,1.0
functionally,0.014084507042253521,1.0
culmination,0.014084507042253521,1.0
sheer,0.014084507042253521,1.0
low-,0.014084507042253521,1.0
retrench,0.014084507042253521,1.0
monthâs,0.014084507042253521,1.0
informally,0.014084507042253521,1.0
borrowerâs,0.014084507042253521,1.0
trichet,0.014084507042253521,1.0
vibrant,0.014084507042253521,1.0
countryâs,0.014084507042253521,1.0
denmark,0.014084507042253521,1.0
hungary,0.014084507042253521,1.0
demanding,0.014084507042253521,1.0
misprice,0.014084507042253521,1.0
netââinclude,0.014084507042253521,1.0
downbeat,0.014084507042253521,1.0
framer,0.014084507042253521,1.0
nondepositorie,0.014084507042253521,1.0
supplant,0.014084507042253521,1.0
automate,0.014084507042253521,1.0
thorny,0.014084507042253521,1.0
sidestep,0.014084507042253521,1.0
downshifte,0.014084507042253521,1.0
redeposit,0.014084507042253521,1.0
eventual,0.014084507042253521,1.0
lawsuit,0.014084507042253521,1.0
interlink,0.014084507042253521,1.0
coalition,0.014084507042253521,1.0
redefault,0.014084507042253521,1.0
suisse,0.014084507042253521,1.0
nawrocki,0.014084507042253521,1.0
haughwout,0.014084507042253521,1.0
extract,0.014084507042253521,1.0
inextricably,0.014084507042253521,1.0
juvenile,0.014084507042253521,1.0
contributing,0.014084507042253521,1.0
rosenblatt,0.014084507042253521,1.0
streamlined,0.014084507042253521,1.0
gerardi,0.014084507042253521,1.0
mauskopf,0.014084507042253521,1.0
elie,0.014084507042253521,1.0
arbitrarily,0.014084507042253521,1.0
minn.,0.014084507042253521,1.0
involved,0.014084507042253521,1.0
lebow,0.014084507042253521,1.0
lehnert,0.014084507042253521,1.0
appeal,0.014084507042253521,1.0
harding,0.014084507042253521,1.0
subsidize,0.014084507042253521,1.0
reconcile,0.014084507042253521,1.0
ltv,0.014084507042253521,1.0
tracy,0.014084507042253521,1.0
realities,0.014084507042253521,1.0
duda,0.014084507042253521,1.0
accustomed,0.014084507042253521,1.0
conclusive,0.014084507042253521,1.0
interlinkage,0.014084507042253521,1.0
peach,0.014084507042253521,1.0
www.995hope.org/content/pdf/apgar_duda_study_full_version.pdf,0.014084507042253521,1.0
momentarily,0.014084507042253521,1.0
foregone,0.014084507042253521,1.0
chris,0.014084507042253521,1.0
kristopher,0.014084507042253521,1.0
foote,0.014084507042253521,1.0
refuse,0.014084507042253521,1.0
trial,0.014084507042253521,1.0
inducement,0.014084507042253521,1.0
pressed,0.014084507042253521,1.0
h4h,0.014084507042253521,1.0
unconfirmed,0.014084507042253521,1.0
tremendously,0.014084507042253521,1.0
sveriges,0.014084507042253521,1.0
repetition,0.014084507042253521,1.0
reconsider,0.014084507042253521,1.0
unsuccessful,0.014084507042253521,1.0
disinclination,0.014084507042253521,1.0
downfall,0.014084507042253521,1.0
700billion,0.014084507042253521,1.0
fhlb,0.014084507042253521,1.0
portfolios,0.014084507042253521,1.0
privatization,0.014084507042253521,1.0
reconsideration,0.014084507042253521,1.0
denial,0.014084507042253521,1.0
mcgraw,0.014084507042253521,1.0
honolulu,0.014084507042253521,1.0
backing,0.014084507042253521,1.0
reorganize,0.014084507042253521,1.0
midsummer,0.014084507042253521,1.0
ucla,0.014084507042253521,1.0
citicorp,0.014084507042253521,1.0
demonstrated,0.014084507042253521,1.0
anglo,0.014084507042253521,1.0
wells,0.014084507042253521,1.0
wamu,0.014084507042253521,1.0
snowden,0.014084507042253521,1.0
euroâs,0.014084507042253521,1.0
calif.,0.014084507042253521,1.0
acutely,0.014084507042253521,1.0
hearten,0.014084507042253521,1.0
inter,0.014084507042253521,1.0
tenet,0.014084507042253521,1.0
arrive,0.014084507042253521,1.0
voting,0.014084507042253521,1.0
fargo,0.014084507042253521,1.0
hundredth,0.014084507042253521,1.0
waive,0.014084507042253521,1.0
interruption,0.014084507042253521,1.0
-day,0.014084507042253521,1.0
unfreeze,0.014084507042253521,1.0
grace,0.014084507042253521,1.0
uninterrupte,0.014084507042253521,1.0
reaching,0.014084507042253521,1.0
preclude,0.014084507042253521,1.0
appreciable,0.014084507042253521,1.0
upsurge,0.014084507042253521,1.0
headlong,0.014084507042253521,1.0
techworld,0.014084507042253521,1.0
everyday,0.014084507042253521,1.0
allotted,0.014084507042253521,1.0
"out""ââone",0.014084507042253521,1.0
otherâs,0.014084507042253521,1.0
risk-,0.014084507042253521,1.0
snb)--with,0.014084507042253521,1.0
hardware,0.014084507042253521,1.0
venue,0.014084507042253521,1.0
amidst,0.014084507042253521,1.0
consulting,0.014084507042253521,1.0
phone,0.014084507042253521,1.0
purview,0.014084507042253521,1.0
snb,0.014084507042253521,1.0
abreast,0.014084507042253521,1.0
nimble,0.014084507042253521,1.0
goetz,0.014084507042253521,1.0
modernized,0.014084507042253521,1.0
crowded,0.014084507042253521,1.0
mcguire,0.014084507042253521,1.0
reminder,0.014084507042253521,1.0
abatement,0.014084507042253521,1.0
prejudge,0.014084507042253521,1.0
partnerâs,0.014084507042253521,1.0
aegis,0.014084507042253521,1.0
measurable,0.014084507042253521,1.0
privatize,0.014084507042253521,1.0
caveat,0.014084507042253521,1.0
device,0.014084507042253521,1.0
solicit,0.014084507042253521,1.0
privatized,0.014084507042253521,1.0
hawaii,0.014084507042253521,1.0
construe,0.014084507042253521,1.0
households,0.014084507042253521,1.0
credibly,0.014084507042253521,1.0
migrating,0.014084507042253521,1.0
unaffected,0.014084507042253521,1.0
sylla,0.014084507042253521,1.0
memory,0.014084507042253521,1.0
uc,0.014084507042253521,1.0
amalgamation,0.014084507042253521,1.0
thoroughgoing,0.014084507042253521,1.0
performing,0.014084507042253521,1.0
wipe,0.014084507042253521,1.0
dilute,0.014084507042253521,1.0
bargain,0.014084507042253521,1.0
steeply,0.014084507042253521,1.0
pooling,0.014084507042253521,1.0
fdia,0.014084507042253521,1.0
desirability,0.014084507042253521,1.0
"yield""--stimulate",0.014084507042253521,1.0
adhere,0.014084507042253521,1.0
seamlessly,0.014084507042253521,1.0
takingââa,0.014084507042253521,1.0
escalation,0.014084507042253521,1.0
backpedal,0.014084507042253521,1.0
rework,0.014084507042253521,1.0
insured,0.014084507042253521,1.0
"plumbing""--that",0.014084507042253521,1.0
disastrous,0.014084507042253521,1.0
rural,0.014084507042253521,1.0
encounter,0.014084507042253521,1.0
shun,0.014084507042253521,1.0
brighter,0.014084507042253521,1.0
rectify,0.014084507042253521,1.0
unpleasant,0.014084507042253521,1.0
yes,0.014084507042253521,1.0
inactive,0.014084507042253521,1.0
benign,0.014084507042253521,1.0
perennial,0.014084507042253521,1.0
sos,0.014084507042253521,1.0
flee,0.014084507042253521,1.0
mildly,0.014084507042253521,1.0
inappropriately,0.014084507042253521,1.0
ice,0.014084507042253521,1.0
decentralize,0.014084507042253521,1.0
artificial,0.014084507042253521,1.0
mediate,0.014084507042253521,1.0
overburden,0.014084507042253521,1.0
conservator,0.014084507042253521,1.0
marginal,0.014084507042253521,1.0
false,0.014084507042253521,1.0
facet,0.014084507042253521,1.0
explosive,0.014084507042253521,1.0
inrush,0.014084507042253521,1.0
standalone,0.014084507042253521,1.0
destabilization,0.014084507042253521,1.0
counterparties,0.014084507042253521,1.0
balkanization,0.014084507042253521,1.0
requisite,0.014084507042253521,1.0
crosscut,0.014084507042253521,1.0
disburse,0.014084507042253521,1.0
admonition,0.014084507042253521,1.0
competitor,0.014084507042253521,1.0
homer,0.014084507042253521,1.0
erase,0.014084507042253521,1.0
sfp,0.014084507042253521,1.0
riskâmanagement,0.014084507042253521,1.0
uncomfortable,0.014084507042253521,1.0
favorite,0.014084507042253521,1.0
multiplicity,0.014084507042253521,1.0
dispassionate,0.014084507042253521,1.0
tour,0.014084507042253521,1.0
lent,0.014084507042253521,1.0
interfere,0.014084507042253521,1.0
highest,0.014084507042253521,1.0
unfamiliarity,0.014084507042253521,1.0
eighth,0.014084507042253521,1.0
soak,0.014084507042253521,1.0
autumn,0.014084507042253521,1.0
mechanical,0.014084507042253521,1.0
potent,0.014084507042253521,1.0
unravel,0.014084507042253521,1.0
profitably,0.014084507042253521,1.0
prospectively,0.014084507042253521,1.0
walk,0.014084507042253521,1.0
preserving,0.014084507042253521,1.0
unaddresse,0.014084507042253521,1.0
unaffordable,0.014084507042253521,1.0
ban,0.014084507042253521,1.0
exuberant,0.014084507042253521,1.0
reclaim,0.014084507042253521,1.0
locally,0.014084507042253521,1.0
transparently,0.014084507042253521,1.0
cheaply,0.014084507042253521,1.0
front,0.014084507042253521,1.0
nonperforme,0.014084507042253521,1.0
wound,0.014084507042253521,1.0
internally,0.014084507042253521,1.0
rightfully,0.014084507042253521,1.0
prologue,0.014084507042253521,1.0
vast,0.014084507042253521,1.0
favoring,0.014084507042253521,1.0
talf)--aims,0.014084507042253521,1.0
legally,0.014084507042253521,1.0
grabber,0.014084507042253521,1.0
minds,0.014084507042253521,1.0
chronic,0.014084507042253521,1.0
seasonality,0.014084507042253521,1.0
fortunate,0.014084507042253521,1.0
transcend,0.014084507042253521,1.0
specification,0.014084507042253521,1.0
atkeson,0.014084507042253521,1.0
constituency,0.014084507042253521,1.0
models,0.014084507042253521,1.0
nigel,0.014084507042253521,1.0
"easing""--resemble",0.014084507042253521,1.0
scanner,0.014084507042253521,1.0
duplication,0.014084507042253521,1.0
forfeit,0.014084507042253521,1.0
taker,0.014084507042253521,1.0
markup,0.014084507042253521,1.0
conclusively,0.014084507042253521,1.0
elusive,0.014084507042253521,1.0
a1,0.014084507042253521,1.0
globalisation,0.014084507042253521,1.0
steindel,0.014084507042253521,1.0
exogenous,0.014084507042253521,1.0
indiscriminately,0.014084507042253521,1.0
clog,0.014084507042253521,1.0
checkout,0.014084507042253521,1.0
whelan,0.014084507042253521,1.0
yao,0.014084507042253521,1.0
published,0.014084507042253521,1.0
interlinked,0.014084507042253521,1.0
bils,0.014084507042253521,1.0
appraise,0.014084507042253521,1.0
prevention,0.014084507042253521,1.0
imputation,0.014084507042253521,1.0
blinder,0.014084507042253521,1.0
klenow,0.014084507042253521,1.0
koske,0.014084507042253521,1.0
stanch,0.014084507042253521,1.0
defaults,0.014084507042253521,1.0
cordell,0.014084507042253521,1.0
stickiness,0.014084507042253521,1.0
duke,0.014084507042253521,1.0
eileen,0.014084507042253521,1.0
expedite,0.014084507042253521,1.0
isabell,0.014084507042253521,1.0
ohanian,0.014084507042253521,1.0
forms,0.014084507042253521,1.0
unappeale,0.014084507042253521,1.0
influential,0.014084507042253521,1.0
rotemberg,0.014084507042253521,1.0
ebbing,0.014084507042253521,1.0
contractually,0.014084507042253521,1.0
julio,0.014084507042253521,1.0
checkable,0.014084507042253521,1.0
sollie,0.014084507042253521,1.0
affirmatively,0.014084507042253521,1.0
nondisclosure,0.014084507042253521,1.0
canetti,0.014084507042253521,1.0
dismal,0.014084507042253521,1.0
supernormal,0.014084507042253521,1.0
confidentiality,0.014084507042253521,1.0
marte,0.014084507042253521,1.0
indebtedness,0.014084507042253521,1.0
secular,0.014084507042253521,1.0
overprediction,0.014084507042253521,1.0
privacy,0.014084507042253521,1.0
inability,0.014084507042253521,1.0
endogeneity,0.014084507042253521,1.0
wages,0.014084507042253521,1.0
resonate,0.014084507042253521,1.0
definitive,0.014084507042253521,1.0
misconception,0.014084507042253521,1.0
incidental,0.014084507042253521,1.0
curb,0.014084507042253521,1.0
conceptually,0.014084507042253521,1.0
violate,0.014084507042253521,1.0
disagreement,0.014084507042253521,1.0
virulence,0.014084507042253521,1.0
markdown,0.014084507042253521,1.0
academia,0.014084507042253521,1.0
p1,0.014084507042253521,1.0
debacle,0.014084507042253521,1.0
traveler,0.014084507042253521,1.0
underprediction,0.014084507042253521,1.0
inexperience,0.014084507042253521,1.0
doctrinal,0.014084507042253521,1.0
rudd,0.014084507042253521,1.0
underpredicted,0.014084507042253521,1.0
bimonthly,0.014084507042253521,1.0
infrequently,0.014084507042253521,1.0
paris,0.014084507042253521,1.0
eponymous,0.014084507042253521,1.0
linda,0.014084507042253521,1.0
ammer,0.014084507042253521,1.0
subjective,0.014084507042253521,1.0
heretofore,0.014084507042253521,1.0
redundancy,0.014084507042253521,1.0
mislead,0.014084507042253521,1.0
opaqueness,0.014084507042253521,1.0
machine,0.014084507042253521,1.0
epstein,0.014084507042253521,1.0
knightian,0.014084507042253521,1.0
willful,0.014084507042253521,1.0
rumsfeld,0.014084507042253521,1.0
vest,0.014084507042253521,1.0
critique,0.014084507042253521,1.0
suspicion,0.014084507042253521,1.0
akerlof,0.014084507042253521,1.0
âteaserâ,0.014084507042253521,1.0
workhorse,0.014084507042253521,1.0
blind,0.014084507042253521,1.0
meh,0.014084507042253521,1.0
scientific,0.014084507042253521,1.0
simon,0.014084507042253521,1.0
knight,0.014084507042253521,1.0
campus,0.014084507042253521,1.0
panicky,0.014084507042253521,1.0
fore,0.014084507042253521,1.0
drèze,0.014084507042253521,1.0
"utility""--a",0.014084507042253521,1.0
cardinal,0.014084507042253521,1.0
convincing,0.014084507042253521,1.0
axioms,0.014084507042253521,1.0
motto,0.014084507042253521,1.0
overreliance,0.014084507042253521,1.0
realm,0.014084507042253521,1.0
kelley,0.014084507042253521,1.0
decisionmaker,0.014084507042253521,1.0
keynesian,0.014084507042253521,1.0
moon,0.014084507042253521,1.0
enquiry,0.014084507042253521,1.0
flowering,0.014084507042253521,1.0
skyscraper,0.014084507042253521,1.0
untrue,0.014084507042253521,1.0
warehouse,0.014084507042253521,1.0
george,0.014084507042253521,1.0
distance,0.014084507042253521,1.0
roberto,0.014084507042253521,1.0
conflate,0.014084507042253521,1.0
being,0.014084507042253521,1.0
karadi,0.014084507042253521,1.0
alternatives,0.014084507042253521,1.0
multiply,0.014084507042253521,1.0
generalization,0.014084507042253521,1.0
thornton,0.014084507042253521,1.0
unfinished,0.014084507042253521,1.0
prize,0.014084507042253521,1.0
object,0.014084507042253521,1.0
investorsâ,0.014084507042253521,1.0
maximization,0.014084507042253521,1.0
christiano,0.014084507042253521,1.0
revamp,0.014084507042253521,1.0
neumann,0.014084507042253521,1.0
mid-1980,0.014084507042253521,1.0
moran,0.014084507042253521,1.0
enormously,0.014084507042253521,1.0
transplant,0.014084507042253521,1.0
myriad,0.014084507042253521,1.0
cooling,0.014084507042253521,1.0
nobel,0.014084507042253521,1.0
psychologist,0.014084507042253521,1.0
spence,0.014084507042253521,1.0
standby,0.014084507042253521,1.0
inanimate,0.014084507042253521,1.0
palgrave,0.014084507042253521,1.0
taxonomy,0.014084507042253521,1.0
massimo,0.014084507042253521,1.0
arbitrageur,0.014084507042253521,1.0
early-1930s,0.014084507042253521,1.0
durlauf,0.014084507042253521,1.0
axiomatic,0.014084507042253521,1.0
irrelevant,0.014084507042253521,1.0
shocks,0.014084507042253521,1.0
kiyotaki,0.014084507042253521,1.0
universally,0.014084507042253521,1.0
bet,0.014084507042253521,1.0
scare,0.014084507042253521,1.0
aids,0.014084507042253521,1.0
coauthor,0.014084507042253521,1.0
tyrell,0.014084507042253521,1.0
thrive,0.014084507042253521,1.0
drug,0.014084507042253521,1.0
radical,0.014084507042253521,1.0
rostagno,0.014084507042253521,1.0
smets,0.014084507042253521,1.0
dillon,0.014084507042253521,1.0
bang,0.014084507042253521,1.0
unmoored,0.014084507042253521,1.0
www.c-ebs.org/euwidestresstesting.aspx,0.014084507042253521,1.0
arkansas,0.014084507042253521,1.0
juggling,0.014084507042253521,1.0
deficits,0.014084507042253521,1.0
notes,0.014084507042253521,1.0
revenues,0.014084507042253521,1.0
brown,0.014084507042253521,1.0
www.earlychildhoodrc.org/papers/dp112-abstract.cfm,0.014084507042253521,1.0
accrual,0.014084507042253521,1.0
muennig,0.014084507042253521,1.0
joshua,0.014084507042253521,1.0
georgia,0.014084507042253521,1.0
missouri,0.014084507042253521,1.0
rainy,0.014084507042253521,1.0
kentucky,0.014084507042253521,1.0
sjoquist,0.014084507042253521,1.0
mile,0.014084507042253521,1.0
rauh,0.014084507042253521,1.0
males,0.014084507042253521,1.0
ots,0.014084507042253521,1.0
investments,0.014084507042253521,1.0
wolfe,0.014084507042253521,1.0
connected,0.014084507042253521,1.0
contractor,0.014084507042253521,1.0
nathan,0.014084507042253521,1.0
schooling,0.014084507042253521,1.0
leslie,0.014084507042253521,1.0
pupil,0.014084507042253521,1.0
childhood,0.014084507042253521,1.0
www.pewcenteronthestates.org/report_detail.aspx?id=,0.014084507042253521,1.0
rouse,0.014084507042253521,1.0
www.humancapitalrc.org,0.014084507042253521,1.0
clive,0.014084507042253521,1.0
inexorable,0.014084507042253521,1.0
oklahoma,0.014084507042253521,1.0
vocational,0.014084507042253521,1.0
seemingly,0.014084507042253521,1.0
retrain,0.014084507042253521,1.0
caseload,0.014084507042253521,1.0
preschool,0.014084507042253521,1.0
conforming,0.014084507042253521,1.0
drilling,0.014084507042253521,1.0
milder,0.014084507042253521,1.0
distill,0.014084507042253521,1.0
kreps,0.014084507042253521,1.0
abstract,0.014084507042253521,1.0
detection,0.014084507042253521,1.0
reworking,0.014084507042253521,1.0
theories,0.014084507042253521,1.0
terminology,0.014084507042253521,1.0
optimality,0.014084507042253521,1.0
nobuhiro,0.014084507042253521,1.0
paradigm,0.014084507042253521,1.0
stiglitz,0.014084507042253521,1.0
strict,0.014084507042253521,1.0
krahnen,0.014084507042253521,1.0
pub,0.014084507042253521,1.0
blurring,0.014084507042253521,1.0
blume,0.014084507042253521,1.0
unknown,0.014084507042253521,1.0
elena,0.014084507042253521,1.0
ellsberg,0.014084507042253521,1.0
morgenstern,0.014084507042253521,1.0
ioer,0.014084507042253521,1.0
compress,0.014084507042253521,1.0
negligible,0.014084507042253521,1.0
expiration,0.014084507042253521,1.0
clip,0.014084507042253521,1.0
sluggishly,0.014084507042253521,1.0
joblessness,0.014084507042253521,1.0
toolbox,0.014084507042253521,1.0
âbanks,0.014084507042253521,1.0
eruption,0.014084507042253521,1.0
stanceââand,0.014084507042253521,1.0
drastic,0.014084507042253521,1.0
options,0.014084507042253521,1.0
falter,0.014084507042253521,1.0
commerce,0.014084507042253521,1.0
cessation,0.014084507042253521,1.0
thawing,0.014084507042253521,1.0
handoff,0.014084507042253521,1.0
mining,0.014084507042253521,1.0
spectrum,0.014084507042253521,1.0
disposable,0.014084507042253521,1.0
noninflationary,0.014084507042253521,1.0
diagnose,0.014084507042253521,1.0
marvin,0.014084507042253521,1.0
technicality,0.014084507042253521,1.0
destination,0.014084507042253521,1.0
measured,0.014084507042253521,1.0
unrestricted,0.014084507042253521,1.0
convertible,0.014084507042253521,1.0
bifurcated,0.014084507042253521,1.0
robustly,0.014084507042253521,1.0
conversation,0.014084507042253521,1.0
lucid,0.014084507042253521,1.0
poll,0.014084507042253521,1.0
bite,0.014084507042253521,1.0
nonspecialist,0.014084507042253521,1.0
predictor,0.014084507042253521,1.0
bumper,0.014084507042253521,1.0
succinctly,0.014084507042253521,1.0
inverse,0.014084507042253521,1.0
sticker,0.014084507042253521,1.0
credence,0.014084507042253521,1.0
master,0.014084507042253521,1.0
weighty,0.014084507042253521,1.0
duel,0.014084507042253521,1.0
unwaveringly,0.014084507042253521,1.0
--real,0.014084507042253521,1.0
césaire,0.014084507042253521,1.0
genesis,0.014084507042253521,1.0
lasaosa,0.014084507042253521,1.0
graph,0.014084507042253521,1.0
irwin,0.014084507042253521,1.0
steeper,0.014084507042253521,1.0
trillionââabout,0.014084507042253521,1.0
defiance,0.014084507042253521,1.0
expansive,0.014084507042253521,1.0
conflagration,0.014084507042253521,1.0
dartmouth,0.014084507042253521,1.0
unequal,0.014084507042253521,1.0
--suggests,0.014084507042253521,1.0
grim,0.014084507042253521,1.0
shifting,0.014084507042253521,1.0
mode,0.014084507042253521,1.0
appropriateness,0.014084507042253521,1.0
uphill,0.014084507042253521,1.0
export-,0.014084507042253521,1.0
engulf,0.014084507042253521,1.0
intractable,0.014084507042253521,1.0
8â,0.014084507042253521,1.0
machinery,0.014084507042253521,1.0
awhile,0.014084507042253521,1.0
tilt,0.014084507042253521,1.0
detrimental,0.014084507042253521,1.0
olivier,0.014084507042253521,1.0
banque,0.014084507042253521,1.0
reshape,0.014084507042253521,1.0
french,0.014084507042253521,1.0
emmanuel,0.014084507042253521,1.0
aborted,0.014084507042253521,1.0
j.s.,0.014084507042253521,1.0
recommendations,0.014084507042253521,1.0
gibbons,0.014084507042253521,1.0
stockbroker,0.014084507042253521,1.0
instruction,0.014084507042253521,1.0
methods,0.014084507042253521,1.0
settling,0.014084507042253521,1.0
endogenous,0.014084507042253521,1.0
jeopardy,0.014084507042253521,1.0
clearinghouses,0.014084507042253521,1.0
payments,0.014084507042253521,1.0
sycamore,0.014084507042253521,1.0
imperfectââtool,0.014084507042253521,1.0
economists,0.014084507042253521,1.0
pounder,0.014084507042253521,1.0
capitalization,0.014084507042253521,1.0
arvind,0.014084507042253521,1.0
âglobal,0.014084507042253521,1.0
contradiction,0.014084507042253521,1.0
gourinchas,0.014084507042253521,1.0
narrowing,0.014084507042253521,1.0
farhi,0.014084507042253521,1.0
carol,0.014084507042253521,1.0
evince,0.014084507042253521,1.0
demarco,0.014084507042253521,1.0
franc,0.014084507042253521,1.0
caballero,0.014084507042253521,1.0
productively,0.014084507042253521,1.0
undervalue,0.014084507042253521,1.0
ânonconformingâ,0.014084507042253521,1.0
bertaut,0.014084507042253521,1.0
laurie,0.014084507042253521,1.0
misaligned,0.014084507042253521,1.0
transformed,0.014084507042253521,1.0
bharat,0.014084507042253521,1.0
tomorrow,0.014084507042253521,1.0
ana,0.014084507042253521,1.0
rudman,0.014084507042253521,1.0
plenty,0.014084507042253521,1.0
strategic,0.014084507042253521,1.0
opeb,0.014084507042253521,1.0
appropriation,0.014084507042253521,1.0
r.i.,0.014084507042253521,1.0
howe,0.014084507042253521,1.0
nongovernmental,0.014084507042253521,1.0
continual,0.014084507042253521,1.0
pie,0.014084507042253521,1.0
explode,0.014084507042253521,1.0
breach,0.014084507042253521,1.0
reauthorization,0.014084507042253521,1.0
institutionalize,0.014084507042253521,1.0
wyatt,0.014084507042253521,1.0
tank,0.014084507042253521,1.0
charleston,0.014084507042253521,1.0
governments,0.014084507042253521,1.0
protective,0.014084507042253521,1.0
revoke,0.014084507042253521,1.0
paygo,0.014084507042253521,1.0
unattainable,0.014084507042253521,1.0
presidents,0.014084507042253521,1.0
hike,0.014084507042253521,1.0
bendheim,0.014084507042253521,1.0
exposition,0.014084507042253521,1.0
disciplinary,0.014084507042253521,1.0
underwrote,0.014084507042253521,1.0
metaphorically,0.014084507042253521,1.0
kareken,0.014084507042253521,1.0
carletti,0.014084507042253521,1.0
aground,0.014084507042253521,1.0
ripec,0.014084507042253521,1.0
deliberatively,0.014084507042253521,1.0
thoughtfully,0.014084507042253521,1.0
s.c.,0.014084507042253521,1.0
rhode,0.014084507042253521,1.0
finland,0.014084507042253521,1.0
instal,0.014084507042253521,1.0
supranational,0.014084507042253521,1.0
hollings,0.014084507042253521,1.0
ably,0.014084507042253521,1.0
chile,0.014084507042253521,1.0
watchdog,0.014084507042253521,1.0
puneet,0.014084507042253521,1.0
providence,0.014084507042253521,1.0
nairu,0.014084507042253521,1.0
tsounta,0.014084507042253521,1.0
rob,0.014084507042253521,1.0
river,0.014084507042253521,1.0
landmark,0.014084507042253521,1.0
mobility,0.014084507042253521,1.0
bias,0.014084507042253521,1.0
prespecifie,0.014084507042253521,1.0
2010a,0.014084507042253521,1.0
yolanda,0.014084507042253521,1.0
compute,0.014084507042253521,1.0
estimating,0.014084507042253521,1.0
kodrzycki,0.014084507042253521,1.0
fraud,0.014084507042253521,1.0
compelling,0.014084507042253521,1.0
ibrahim,0.014084507042253521,1.0
trehan,0.014084507042253521,1.0
chehal,0.014084507042253521,1.0
interdependent,0.014084507042253521,1.0
reallocation,0.014084507042253521,1.0
roberts,0.014084507042253521,1.0
banksâ,0.014084507042253521,1.0
calendar,0.014084507042253521,1.0
constituent,0.014084507042253521,1.0
dickens,0.014084507042253521,1.0
arrival,0.014084507042253521,1.0
loser,0.014084507042253521,1.0
evridiki,0.014084507042253521,1.0
fedâs,0.014084507042253521,1.0
retrospective,0.014084507042253521,1.0
destruction,0.014084507042253521,1.0
fujita,0.014084507042253521,1.0
fleischman,0.014084507042253521,1.0
jeff,0.014084507042253521,1.0
dowling,0.014084507042253521,1.0
dwindle,0.014084507042253521,1.0
arbiter,0.014084507042253521,1.0
minded,0.014084507042253521,1.0
multivariate,0.014084507042253521,1.0
communicating,0.014084507042253521,1.0
postmeeting,0.014084507042253521,1.0
park,0.014084507042253521,1.0
evanston,0.014084507042253521,1.0
sally,0.014084507042253521,1.0
farmer,0.014084507042253521,1.0
honoree,0.014084507042253521,1.0
veil,0.014084507042253521,1.0
purge,0.014084507042253521,1.0
reopen,0.014084507042253521,1.0
bitter,0.014084507042253521,1.0
gerald,0.014084507042253521,1.0
dispatch,0.014084507042253521,1.0
discard,0.014084507042253521,1.0
o'connor,0.014084507042253521,1.0
austrian,0.014084507042253521,1.0
hungry,0.014084507042253521,1.0
iconic,0.014084507042253521,1.0
shore,0.014084507042253521,1.0
bread,0.014084507042253521,1.0
photo,0.014084507042253521,1.0
anstalt,0.014084507042253521,1.0
hoover,0.014084507042253521,1.0
ford,0.014084507042253521,1.0
cautionary,0.014084507042253521,1.0
memoirs,0.014084507042253521,1.0
timidity,0.014084507042253521,1.0
vacuum,0.014084507042253521,1.0
fellowship,0.014084507042253521,1.0
chaos,0.014084507042253521,1.0
iceland,0.014084507042253521,1.0
unraveling,0.014084507042253521,1.0
tract,0.014084507042253521,1.0
quotations,0.014084507042253521,1.0
slifman,0.014084507042253521,1.0
ratchet,0.014084507042253521,1.0
knack,0.014084507042253521,1.0
longevity,0.014084507042253521,1.0
exceedingly,0.014084507042253521,1.0
--putte,0.014084507042253521,1.0
sheiner,0.014084507042253521,1.0
dead,0.014084507042253521,1.0
louise,0.014084507042253521,1.0
palliative,0.014084507042253521,1.0
shaky,0.014084507042253521,1.0
fertility,0.014084507042253521,1.0
delinquencies,0.014084507042253521,1.0
undergraduate,0.014084507042253521,1.0
orthodoxy,0.014084507042253521,1.0
immensely,0.014084507042253521,1.0
wrangling,0.014084507042253521,1.0
migrant,0.014084507042253521,1.0
npv,0.014084507042253521,1.0
rigid,0.014084507042253521,1.0
repossessed,0.014084507042253521,1.0
inauguration,0.014084507042253521,1.0
i.,0.014084507042253521,1.0
reassessment,0.014084507042253521,1.0
abshire,0.014084507042253521,1.0
roosevelt,0.014084507042253521,1.0
wring,0.014084507042253521,1.0
etch,0.014084507042253521,1.0
rottenness,0.014084507042253521,1.0
milling,0.014084507042253521,1.0
awareness,0.014084507042253521,1.0
homeland,0.014084507042253521,1.0
pervasiveness,0.014084507042253521,1.0
sap,0.014084507042253521,1.0
distant,0.014084507042253521,1.0
bowles,0.014084507042253521,1.0
intentione,0.014084507042253521,1.0
"thinking""--generate",0.014084507042253521,1.0
reparation,0.014084507042253521,1.0
gore,0.014084507042253521,1.0
swim,0.014084507042253521,1.0
dust,0.014084507042253521,1.0
clarification,0.014084507042253521,1.0
gamut,0.014084507042253521,1.0
monday,0.014084507042253521,1.0
descent,0.014084507042253521,1.0
sky,0.014084507042253521,1.0
tonic,0.014084507042253521,1.0
passivity,0.014084507042253521,1.0
backfire,0.014084507042253521,1.0
thrust,0.014084507042253521,1.0
rubin,0.014084507042253521,1.0
sever,0.014084507042253521,1.0
cold,0.014084507042253521,1.0
weed,0.014084507042253521,1.0
adherence,0.014084507042253521,1.0
vintage,0.014084507042253521,1.0
paralyze,0.014084507042253521,1.0
mellon,0.014084507042253521,1.0
alison,0.014084507042253521,1.0
unpalatable,0.014084507042253521,1.0
seal,0.014084507042253521,1.0
ahearne,0.014084507042253521,1.0
1999a,0.014084507042253521,1.0
negro,0.014084507042253521,1.0
scandal,0.014084507042253521,1.0
cloud,0.014084507042253521,1.0
ânormalâ,0.014084507042253521,1.0
âoutput,0.014084507042253521,1.0
insignificant,0.014084507042253521,1.0
traceable,0.014084507042253521,1.0
discern,0.014084507042253521,1.0
antonio,0.014084507042253521,1.0
neri,0.014084507042253521,1.0
prakash,0.014084507042253521,1.0
1999b,0.014084507042253521,1.0
jarociåski,0.014084507042253521,1.0
stream,0.014084507042253521,1.0
variability,0.014084507042253521,1.0
assumed,0.014084507042253521,1.0
â,0.014084507042253521,1.0
alasdair,0.014084507042253521,1.0
nomenclature,0.014084507042253521,1.0
macroeconometric,0.014084507042253521,1.0
public-,0.014084507042253521,1.0
sources,0.014084507042253521,1.0
fatás,0.014084507042253521,1.0
imputed,0.014084507042253521,1.0
policymakersâ,0.014084507042253521,1.0
1percent,0.014084507042253521,1.0
explainable,0.014084507042253521,1.0
impute,0.014084507042253521,1.0
retrospectively,0.014084507042253521,1.0
rid,0.014084507042253521,1.0
objection,0.014084507042253521,1.0
utter,0.014084507042253521,1.0
doyle,0.014084507042253521,1.0
otrok,0.014084507042253521,1.0
situate,0.014084507042253521,1.0
dotted,0.014084507042253521,1.0
juxtapose,0.014084507042253521,1.0
dsge,0.014084507042253521,1.0
convergence,0.014084507042253521,1.0
robustness,0.014084507042253521,1.0
statistically,0.014084507042253521,1.0
preferable,0.014084507042253521,1.0
dangerously,0.014084507042253521,1.0
stanford,0.014084507042253521,1.0
jinill,0.014084507042253521,1.0
zone,0.014084507042253521,1.0
cautiously,0.014084507042253521,1.0
attendee,0.014084507042253521,1.0
concession,0.014084507042253521,1.0
slash,0.014084507042253521,1.0
arrear,0.014084507042253521,1.0
chambers,0.014084507042253521,1.0
ireland,0.014084507042253521,1.0
angry,0.014084507042253521,1.0
race,0.014084507042253521,1.0
dump,0.014084507042253521,1.0
devastatingââprove,0.014084507042253521,1.0
reserveââin,0.014084507042253521,1.0
distasteful,0.014084507042253521,1.0
surmount,0.014084507042253521,1.0
thusââit,0.014084507042253521,1.0
litigation,0.014084507042253521,1.0
adage,0.014084507042253521,1.0
ending,0.014084507042253521,1.0
kannan,0.014084507042253521,1.0
conjectural,0.014084507042253521,1.0
âpotentialâ,0.014084507042253521,1.0
shaded,0.014084507042253521,1.0
prophecy,0.014084507042253521,1.0
pau,0.014084507042253521,1.0
autoregression,0.014084507042253521,1.0
del,0.014084507042253521,1.0
rabanal,0.014084507042253521,1.0
greenbook,0.014084507042253521,1.0
rightward,0.014084507042253521,1.0
31percent,0.014084507042253521,1.0
contributions,0.014084507042253521,1.0
preemptively,0.014084507042253521,1.0
symbol,0.014084507042253521,1.0
tex,0.014084507042253521,1.0
luftballon,0.014084507042253521,1.0
riskiest,0.014084507042253521,1.0
savings,0.014084507042253521,1.0
iraq,0.014084507042253521,1.0
coefficient,0.014084507042253521,1.0
beneficiary,0.014084507042253521,1.0
simpson,0.014084507042253521,1.0
graduation,0.014084507042253521,1.0
defend,0.014084507042253521,1.0
won,0.014084507042253521,1.0
pizzeria,0.014084507042253521,1.0
quarterâs,0.014084507042253521,1.0
activate,0.014084507042253521,1.0
reassess,0.014084507042253521,1.0
caption,0.014084507042253521,1.0
omaha,0.014084507042253521,1.0
off,0.014084507042253521,1.0
button,0.014084507042253521,1.0
toggle,0.014084507042253521,1.0
tab,0.014084507042253521,1.0
miranda,0.014084507042253521,1.0
firsthand,0.014084507042253521,1.0
detroit,0.014084507042253521,1.0
invitation,0.014084507042253521,1.0
customary,0.014084507042253521,1.0
nebraska,0.014084507042253521,1.0
braunstein,0.014084507042253521,1.0
rc,0.014084507042253521,1.0
ââwhich,0.014084507042253521,1.0
inclined,0.014084507042253521,1.0
thereof,0.014084507042253521,1.0
meredith,0.014084507042253521,1.0
outcomes,0.014084507042253521,1.0
tantamount,0.014084507042253521,1.0
election,0.014084507042253521,1.0
consistency,0.014084507042253521,1.0
issing,0.014084507042253521,1.0
tabellini,0.014084507042253521,1.0
sergio,0.014084507042253521,1.0
beechey,0.014084507042253521,1.0
signatory,0.014084507042253521,1.0
strengthening,0.014084507042253521,1.0
amendment,0.014084507042253521,1.0
rodríguez,0.014084507042253521,1.0
nomination,0.014084507042253521,1.0
virtual,0.014084507042253521,1.0
barro,0.014084507042253521,1.0
unreceptive,0.014084507042253521,1.0
inconsistency,0.014084507042253521,1.0
otmar,0.014084507042253521,1.0
gürkaynak,0.014084507042253521,1.0
interactive,0.014084507042253521,1.0
informative,0.014084507042253521,1.0
capstone,0.014084507042253521,1.0
tightened,0.014084507042253521,1.0
alabama,0.014084507042253521,1.0
greece,0.014084507042253521,1.0
mississippi,0.014084507042253521,1.0
batter,0.014084507042253521,1.0
"day""--fund",0.014084507042253521,1.0
locality,0.014084507042253521,1.0
restock,0.014084507042253521,1.0
tennessee,0.014084507042253521,1.0
mattoon,0.014084507042253521,1.0
mcgranahan,0.014084507042253521,1.0
furlough,0.014084507042253521,1.0
bubbles,0.014084507042253521,1.0
receptive,0.014084507042253521,1.0
barbara,0.014084507042253521,1.0
cecilia,0.014084507042253521,1.0
reserveâs,0.014084507042253521,1.0
tefft,0.014084507042253521,1.0
cyclicality,0.014084507042253521,1.0
constitutional,0.014084507042253521,1.0
steer,0.014084507042253521,1.0
belfield,0.014084507042253521,1.0
disadvantaged,0.014084507042253521,1.0
farmland,0.014084507042253521,1.0
ffiec,0.014084507042253521,1.0
systemâs,0.014084507042253521,1.0
jarmin,0.014084507042253521,1.0
nashville,0.014084507042253521,1.0
wade,0.014084507042253521,1.0
forwards,0.014084507042253521,1.0
dunkelberg,0.014084507042253521,1.0
miami,0.014084507042253521,1.0
pensions,0.014084507042253521,1.0
slc,0.014084507042253521,1.0
www.taxpolicycenter.org/publications/url.cfm?id=,0.014084507042253521,1.0
louisiana,0.014084507042253521,1.0
reappraisal,0.014084507042253521,1.0
gains,0.014084507042253521,1.0
tech,0.014084507042253521,1.0
burgeon,0.014084507042253521,1.0
voter,0.014084507042253521,1.0
hotel,0.014084507042253521,1.0
guido,0.014084507042253521,1.0
kydland,0.014084507042253521,1.0
proposition,0.014084507042253521,1.0
fidelity,0.014084507042253521,1.0
yields,0.014084507042253521,1.0
kalaitzidakis,0.014084507042253521,1.0
pantelis,0.014084507042253521,1.0
freedom,0.014084507042253521,1.0
reversible,0.014084507042253521,1.0
walsh,0.014084507042253521,1.0
lobbying,0.014084507042253521,1.0
woolley,0.014084507042253521,1.0
politics,0.014084507042253521,1.0
castelnuovo,0.014084507042253521,1.0
palenzuela,0.014084507042253521,1.0
worthy,0.014084507042253521,1.0
neyapti,0.014084507042253521,1.0
seigniorage,0.014084507042253521,1.0
grilli,0.014084507042253521,1.0
finn,0.014084507042253521,1.0
efrem,0.014084507042253521,1.0
predispose,0.014084507042253521,1.0
renomination,0.014084507042253521,1.0
qualification,0.014084507042253521,1.0
unpopular,0.014084507042253521,1.0
bluffs,0.014084507042253521,1.0
victory,0.014084507042253521,1.0
rodriguez,0.014084507042253521,1.0
refet,0.014084507042253521,1.0
torsten,0.014084507042253521,1.0
mystery,0.014084507042253521,1.0
waller,0.014084507042253521,1.0
temptation,0.014084507042253521,1.0
masciandaro,0.014084507042253521,1.0
geoffrey,0.014084507042253521,1.0
works,0.014084507042253521,1.0
carter,0.014084507042253521,1.0
consent,0.014084507042253521,1.0
entrust,0.014084507042253521,1.0
dividing,0.014084507042253521,1.0
june1998,0.014084507042253521,1.0
presume,0.014084507042253521,1.0
nicoletti,0.014084507042253521,1.0
persson,0.014084507042253521,1.0
facilities,0.014084507042253521,1.0
ministry,0.014084507042253521,1.0
affirmation,0.014084507042253521,1.0
alvarez,0.014084507042253521,1.0
authorizes,0.014084507042253521,1.0
o]ne,0.014084507042253521,1.0
carl,0.014084507042253521,1.0
confess,0.014084507042253521,1.0
donato,0.014084507042253521,1.0
vittorio,0.014084507042253521,1.0
altimari,0.014084507042253521,1.0
peters,0.014084507042253521,1.0
johannsen,0.014084507042253521,1.0
reinstate,0.014084507042253521,1.0
legion,0.014084507042253521,1.0
gerhard,0.014084507042253521,1.0
gatti,0.014084507042253521,1.0
gordon,0.014084507042253521,1.0
monetization,0.014084507042253521,1.0
reexamination,0.014084507042253521,1.0
eligibility,0.014084507042253521,1.0
notice,0.014084507042253521,1.0
peg,0.014084507042253521,1.0
it.â,0.014084507042253521,1.0
piggyback,0.014084507042253521,1.0
cosponsor,0.014084507042253521,1.0
temper,0.014084507042253521,1.0
maastricht,0.014084507042253521,1.0
clinton,0.014084507042253521,1.0
lengths,0.014084507042253521,1.0
grist,0.014084507042253521,1.0
pressured,0.014084507042253521,1.0
validate,0.014084507042253521,1.0
bilin,0.014084507042253521,1.0
democratically,0.014084507042253521,1.0
unanimous,0.014084507042253521,1.0
overstimulate,0.014084507042253521,1.0
unimportant,0.014084507042253521,1.0
heading,0.014084507042253521,1.0
chief,0.014084507042253521,1.0
oak,0.014084507042253521,1.0
enshrine,0.014084507042253521,1.0
pillar,0.014084507042253521,1.0
webb,0.014084507042253521,1.0
reborn,0.014084507042253521,1.0
reagan,0.014084507042253521,1.0
television,0.014084507042253521,1.0
